npm ci

added 71 packages, and audited 72 packages in 4s

20 packages are looking for funding
  run `npm fund` for details

4 moderate severity vulnerabilities

To address all issues (including breaking changes), run:
  npm audit fix --force

Run `npm audit` for details.
npm run build

> watermelon-server-ts@0.1.0 build
> tsc -p tsconfig.json

npm prune --omit=dev

removed 62 packages, and audited 10 packages in 3s

1 package is looking for funding
  run `npm fund` for details

found 0 vulnerabilities
mkdir -p .rpmbuild/{SPECS,SOURCES}
# Собрать мейкфайл
cat ../common/fhs.mk Makefile > Makefile.tmp
sed -i '\|include ../common/fhs.mk|d' Makefile.tmp
tar -czf .rpmbuild/SOURCES/watermelon-server-0.1.tar.gz \
	--transform 's|^Makefile.tmp$|Makefile|' \
	--transform 's|^|watermelon-server-0.1/|' \
	bin/watermelon-server dist node_modules LICENSE Makefile.tmp
rm -f Makefile.tmp
cp -u watermelon-server.spec .rpmbuild/SPECS/watermelon-server.spec
rpmbuild -bb .rpmbuild/SPECS/watermelon-server.spec \
	--define "package_version 0.1" \
	--define "_topdir /home/okg4/src/github/saime/linux_tools_education/tools/watermelon-server-ts/.rpmbuild"
Executing(%mkbuilddir): /usr/bin/bash -e /var/tmp/rpm-tmp.tr3aM2
Executing(%prep): /usr/bin/bash -e /var/tmp/rpm-tmp.Pf5GWF
-rwxr-xr-x okg4/okg4        54 2026-08-18 20:45 watermelon-server-0.1/bin/watermelon-server
drwxr-xr-x                  Creating directory: watermelon-server-0.1
drwxr-xr-x                  Creating directory: watermelon-server-0.1/bin
drwxr-xr-x okg4/okg4         0 2026-08-18 20:24 watermelon-server-0.1/dist/
-rw-r--r-- okg4/okg4      4490 2026-08-18 20:45 watermelon-server-0.1/dist/config.js
drwxr-xr-x okg4/okg4         0 2026-08-18 20:24 watermelon-server-0.1/dist/api/
-rw-r--r-- okg4/okg4     32124 2026-08-18 20:45 watermelon-server-0.1/dist/api/packages.js
-rw-r--r-- okg4/okg4      5709 2026-08-18 20:45 watermelon-server-0.1/dist/api/repos.js.map
-rw-r--r-- okg4/okg4      5383 2026-08-18 20:45 watermelon-server-0.1/dist/api/repos.js
-rw-r--r-- okg4/okg4       154 2026-08-18 20:45 watermelon-server-0.1/dist/api/packages.d.ts
-rw-r--r-- okg4/okg4       536 2026-08-18 20:45 watermelon-server-0.1/dist/api/repos.d.ts
-rw-r--r-- okg4/okg4       718 2026-08-18 20:45 watermelon-server-0.1/dist/api/health.d.ts
-rw-r--r-- okg4/okg4     31173 2026-08-18 20:45 watermelon-server-0.1/dist/api/packages.js.map
drwxr-xr-x okg4/okg4         0 2026-08-18 20:24 watermelon-server-0.1/dist/api/packages/
-rw-r--r-- okg4/okg4       448 2026-08-18 20:45 watermelon-server-0.1/dist/api/packages/sync.d.ts
-rw-r--r-- okg4/okg4      2772 2026-08-18 20:45 watermelon-server-0.1/dist/api/packages/response.js.map
-rw-r--r-- okg4/okg4      4334 2026-08-18 20:45 watermelon-server-0.1/dist/api/packages/sync.js.map
-rw-r--r-- okg4/okg4      1891 2026-08-18 20:45 watermelon-server-0.1/dist/api/packages/schemas.js.map
-rw-r--r-- okg4/okg4      2149 2026-08-18 20:45 watermelon-server-0.1/dist/api/packages/response.js
-rw-r--r-- okg4/okg4      4541 2026-08-18 20:45 watermelon-server-0.1/dist/api/packages/process.js.map
-rw-r--r-- okg4/okg4      4355 2026-08-18 20:45 watermelon-server-0.1/dist/api/packages/process.js
-rw-r--r-- okg4/okg4      4688 2026-08-18 20:45 watermelon-server-0.1/dist/api/packages/sync.js
-rw-r--r-- okg4/okg4      5146 2026-08-18 20:45 watermelon-server-0.1/dist/api/packages/artifacts.js.map
-rw-r--r-- okg4/okg4       317 2026-08-18 20:45 watermelon-server-0.1/dist/api/packages/deps.js.map
-rw-r--r-- okg4/okg4       535 2026-08-18 20:45 watermelon-server-0.1/dist/api/packages/response.d.ts
-rw-r--r-- okg4/okg4      1451 2026-08-18 20:45 watermelon-server-0.1/dist/api/packages/process.d.ts
-rw-r--r-- okg4/okg4      3665 2026-08-18 20:45 watermelon-server-0.1/dist/api/packages/artifacts.d.ts
-rw-r--r-- okg4/okg4       707 2026-08-18 20:45 watermelon-server-0.1/dist/api/packages/deps.d.ts
-rw-r--r-- okg4/okg4      1490 2026-08-18 20:45 watermelon-server-0.1/dist/api/packages/schemas.js
-rw-r--r-- okg4/okg4       385 2026-08-18 20:45 watermelon-server-0.1/dist/api/packages/deps.js
-rw-r--r-- okg4/okg4      6287 2026-08-18 20:45 watermelon-server-0.1/dist/api/packages/artifacts.js
-rw-r--r-- okg4/okg4      1296 2026-08-18 20:45 watermelon-server-0.1/dist/api/packages/schemas.d.ts
-rw-r--r-- okg4/okg4      1327 2026-08-18 20:45 watermelon-server-0.1/dist/api/health.js.map
-rw-r--r-- okg4/okg4       925 2026-08-18 20:45 watermelon-server-0.1/dist/api/health.js
-rw-r--r-- okg4/okg4      3875 2026-08-18 20:45 watermelon-server-0.1/dist/index.js
-rw-r--r-- okg4/okg4      2462 2026-08-18 20:45 watermelon-server-0.1/dist/app.js.map
-rw-r--r-- okg4/okg4      3413 2026-08-18 20:45 watermelon-server-0.1/dist/index.js.map
-rw-r--r-- okg4/okg4        11 2026-08-18 20:45 watermelon-server-0.1/dist/index.d.ts
-rw-r--r-- okg4/okg4      3055 2026-08-18 20:45 watermelon-server-0.1/dist/artifacts.js.map
-rw-r--r-- okg4/okg4      1878 2026-08-18 20:45 watermelon-server-0.1/dist/config.d.ts
-rw-r--r-- okg4/okg4      1403 2026-08-18 20:45 watermelon-server-0.1/dist/artifacts.d.ts
-rw-r--r-- okg4/okg4       727 2026-08-18 20:45 watermelon-server-0.1/dist/app.d.ts
-rw-r--r-- okg4/okg4       572 2026-08-18 20:45 watermelon-server-0.1/dist/types.d.ts
-rw-r--r-- okg4/okg4       301 2026-08-18 20:45 watermelon-server-0.1/dist/types.js
-rw-r--r-- okg4/okg4      2823 2026-08-18 20:45 watermelon-server-0.1/dist/logger.js
-rw-r--r-- okg4/okg4      3520 2026-08-18 20:45 watermelon-server-0.1/dist/logger.js.map
-rw-r--r-- okg4/okg4     10250 2026-08-18 20:45 watermelon-server-0.1/dist/repoAdapter.js.map
-rw-r--r-- okg4/okg4      2035 2026-08-18 20:45 watermelon-server-0.1/dist/app.js
-rw-r--r-- okg4/okg4        72 2026-08-18 20:45 watermelon-server-0.1/dist/version.d.ts
-rw-r--r-- okg4/okg4       900 2026-08-18 20:45 watermelon-server-0.1/dist/logger.d.ts
-rw-r--r-- okg4/okg4      2054 2026-08-18 20:45 watermelon-server-0.1/dist/repoAdapter.d.ts
-rw-r--r-- okg4/okg4      4639 2026-08-18 20:45 watermelon-server-0.1/dist/config.js.map
-rw-r--r-- okg4/okg4       701 2026-08-18 20:45 watermelon-server-0.1/dist/version.js.map
drwxr-xr-x okg4/okg4         0 2026-08-18 20:24 watermelon-server-0.1/dist/db/
-rw-r--r-- okg4/okg4       932 2026-08-18 20:45 watermelon-server-0.1/dist/db/migrate.js
-rw-r--r-- okg4/okg4       552 2026-08-18 20:45 watermelon-server-0.1/dist/db/index.js
-rw-r--r-- okg4/okg4       710 2026-08-18 20:45 watermelon-server-0.1/dist/db/index.js.map
-rw-r--r-- okg4/okg4       158 2026-08-18 20:45 watermelon-server-0.1/dist/db/migrate.d.ts
-rw-r--r-- okg4/okg4       378 2026-08-18 20:45 watermelon-server-0.1/dist/db/index.d.ts
-rw-r--r-- okg4/okg4      2561 2026-08-18 20:45 watermelon-server-0.1/dist/db/schema.js.map
-rw-r--r-- okg4/okg4     19057 2026-08-18 20:45 watermelon-server-0.1/dist/db/schema.d.ts
-rw-r--r-- okg4/okg4      1121 2026-08-18 20:45 watermelon-server-0.1/dist/db/migrate.js.map
-rw-r--r-- okg4/okg4      2069 2026-08-18 20:45 watermelon-server-0.1/dist/db/schema.js
-rw-r--r-- okg4/okg4       520 2026-08-18 20:45 watermelon-server-0.1/dist/version.js
-rw-r--r-- okg4/okg4      3527 2026-08-18 20:45 watermelon-server-0.1/dist/artifacts.js
-rw-r--r-- okg4/okg4       113 2026-08-18 20:45 watermelon-server-0.1/dist/types.js.map
-rw-r--r-- okg4/okg4     11991 2026-08-18 20:45 watermelon-server-0.1/dist/repoAdapter.js
drwxr-xr-x okg4/okg4         0 2026-08-18 20:45 watermelon-server-0.1/node_modules/
drwxr-xr-x okg4/okg4         0 2026-08-18 20:45 watermelon-server-0.1/node_modules/better-sqlite3/
drwxr-xr-x okg4/okg4         0 2026-08-18 20:45 watermelon-server-0.1/node_modules/better-sqlite3/src/
-rw-r--r-- okg4/okg4      1901 2026-08-18 20:45 watermelon-server-0.1/node_modules/better-sqlite3/src/addon.cpp
drwxr-xr-x okg4/okg4         0 2026-08-18 20:45 watermelon-server-0.1/node_modules/better-sqlite3/src/objects/
-rw-r--r-- okg4/okg4      3478 2026-08-18 20:45 watermelon-server-0.1/node_modules/better-sqlite3/src/objects/statement-iterator.cpp
-rw-r--r-- okg4/okg4       713 2026-08-18 20:45 watermelon-server-0.1/node_modules/better-sqlite3/src/objects/backup.hpp
-rw-r--r-- okg4/okg4      1657 2026-08-18 20:45 watermelon-server-0.1/node_modules/better-sqlite3/src/objects/statement.hpp
-rw-r--r-- okg4/okg4     14879 2026-08-18 20:45 watermelon-server-0.1/node_modules/better-sqlite3/src/objects/database.cpp
-rw-r--r-- okg4/okg4      3944 2026-08-18 20:45 watermelon-server-0.1/node_modules/better-sqlite3/src/objects/backup.cpp
-rw-r--r-- okg4/okg4      3216 2026-08-18 20:45 watermelon-server-0.1/node_modules/better-sqlite3/src/objects/database.hpp
-rw-r--r-- okg4/okg4     12666 2026-08-18 20:45 watermelon-server-0.1/node_modules/better-sqlite3/src/objects/statement.cpp
-rw-r--r-- okg4/okg4      2118 2026-08-18 20:45 watermelon-server-0.1/node_modules/better-sqlite3/src/objects/statement-iterator.hpp
drwxr-xr-x okg4/okg4         0 2026-08-18 20:45 watermelon-server-0.1/node_modules/better-sqlite3/src/util/
-rw-r--r-- okg4/okg4      4128 2026-08-18 20:45 watermelon-server-0.1/node_modules/better-sqlite3/src/util/macros.cpp
-rw-r--r-- okg4/okg4       693 2026-08-18 20:45 watermelon-server-0.1/node_modules/better-sqlite3/src/util/row-builder.hpp
-rw-r--r-- okg4/okg4      1555 2026-08-18 20:45 watermelon-server-0.1/node_modules/better-sqlite3/src/util/bind-map.cpp
-rw-r--r-- okg4/okg4     14304 2026-08-18 20:45 watermelon-server-0.1/node_modules/better-sqlite3/src/util/custom-table.cpp
-rw-r--r-- okg4/okg4      8440 2026-08-18 20:45 watermelon-server-0.1/node_modules/better-sqlite3/src/util/helpers.cpp
-rw-r--r-- okg4/okg4       485 2026-08-18 20:45 watermelon-server-0.1/node_modules/better-sqlite3/src/util/data-converter.cpp
-rw-r--r-- okg4/okg4      7248 2026-08-18 20:45 watermelon-server-0.1/node_modules/better-sqlite3/src/util/data.cpp
-rw-r--r-- okg4/okg4      1797 2026-08-18 20:45 watermelon-server-0.1/node_modules/better-sqlite3/src/util/row-builder.cpp
-rw-r--r-- okg4/okg4      3706 2026-08-18 20:45 watermelon-server-0.1/node_modules/better-sqlite3/src/util/custom-aggregate.cpp
-rw-r--r-- okg4/okg4      1430 2026-08-18 20:45 watermelon-server-0.1/node_modules/better-sqlite3/src/util/custom-function.cpp
-rw-r--r-- okg4/okg4      8740 2026-08-18 20:45 watermelon-server-0.1/node_modules/better-sqlite3/src/util/constants.cpp
-rw-r--r-- okg4/okg4      6840 2026-08-18 20:45 watermelon-server-0.1/node_modules/better-sqlite3/src/util/binder.cpp
-rw-r--r-- okg4/okg4      4201 2026-08-18 20:45 watermelon-server-0.1/node_modules/better-sqlite3/src/util/query-macros.cpp
-rw-r--r-- okg4/okg4      2219 2026-08-18 20:45 watermelon-server-0.1/node_modules/better-sqlite3/src/better_sqlite3.cpp
-rw-r--r-- okg4/okg4      5634 2026-08-18 20:45 watermelon-server-0.1/node_modules/better-sqlite3/README.md
drwxr-xr-x okg4/okg4         0 2026-08-18 20:45 watermelon-server-0.1/node_modules/better-sqlite3/deps/
-rw-r--r-- okg4/okg4      1160 2026-08-18 20:45 watermelon-server-0.1/node_modules/better-sqlite3/deps/defines.gypi
-rwxr-xr-x okg4/okg4      2542 2026-08-18 20:45 watermelon-server-0.1/node_modules/better-sqlite3/deps/sqlite3.gyp
-rw-r--r-- okg4/okg4       897 2026-08-18 20:45 watermelon-server-0.1/node_modules/better-sqlite3/deps/copy.js
-rw-r--r-- okg4/okg4       587 2026-08-18 20:45 watermelon-server-0.1/node_modules/better-sqlite3/deps/test_extension.c
-rw-r--r-- okg4/okg4      1584 2026-08-18 20:45 watermelon-server-0.1/node_modules/better-sqlite3/deps/common.gypi
drwxr-xr-x okg4/okg4         0 2026-08-18 20:45 watermelon-server-0.1/node_modules/better-sqlite3/deps/patches/
-rw-r--r-- okg4/okg4       597 2026-08-18 20:45 watermelon-server-0.1/node_modules/better-sqlite3/deps/patches/1208.patch
drwxr-xr-x okg4/okg4         0 2026-08-18 20:45 watermelon-server-0.1/node_modules/better-sqlite3/deps/sqlite3/
-rw-r--r-- okg4/okg4    690838 2026-08-18 20:45 watermelon-server-0.1/node_modules/better-sqlite3/deps/sqlite3/sqlite3.h
-rw-r--r-- okg4/okg4   9516284 2026-08-18 20:45 watermelon-server-0.1/node_modules/better-sqlite3/deps/sqlite3/sqlite3.c
-rw-r--r-- okg4/okg4     39175 2026-08-18 20:45 watermelon-server-0.1/node_modules/better-sqlite3/deps/sqlite3/sqlite3ext.h
-rwxr-xr-x okg4/okg4      3913 2026-08-18 20:45 watermelon-server-0.1/node_modules/better-sqlite3/deps/download.sh
drwxr-xr-x okg4/okg4         0 2026-08-18 20:45 watermelon-server-0.1/node_modules/better-sqlite3/lib/
-rw-r--r-- okg4/okg4       190 2026-08-18 20:45 watermelon-server-0.1/node_modules/better-sqlite3/lib/linuxmusl-arm64.js
-rw-r--r-- okg4/okg4       188 2026-08-18 20:45 watermelon-server-0.1/node_modules/better-sqlite3/lib/linuxmusl-x64.js
-rw-r--r-- okg4/okg4       149 2026-08-18 20:45 watermelon-server-0.1/node_modules/better-sqlite3/lib/index.js
-rw-r--r-- okg4/okg4       163 2026-08-18 20:45 watermelon-server-0.1/node_modules/better-sqlite3/lib/win32-x64.js
-rw-r--r-- okg4/okg4       163 2026-08-18 20:45 watermelon-server-0.1/node_modules/better-sqlite3/lib/linux-x64.js
-rw-r--r-- okg4/okg4      4729 2026-08-18 20:45 watermelon-server-0.1/node_modules/better-sqlite3/lib/database.js
-rw-r--r-- okg4/okg4       165 2026-08-18 20:45 watermelon-server-0.1/node_modules/better-sqlite3/lib/win32-arm64.js
drwxr-xr-x okg4/okg4         0 2026-08-18 20:45 watermelon-server-0.1/node_modules/better-sqlite3/lib/methods/
-rw-r--r-- okg4/okg4      2855 2026-08-18 20:45 watermelon-server-0.1/node_modules/better-sqlite3/lib/methods/transaction.js
-rw-r--r-- okg4/okg4      2380 2026-08-18 20:45 watermelon-server-0.1/node_modules/better-sqlite3/lib/methods/backup.js
-rw-r--r-- okg4/okg4      1932 2026-08-18 20:45 watermelon-server-0.1/node_modules/better-sqlite3/lib/methods/aggregate.js
-rw-r--r-- okg4/okg4       625 2026-08-18 20:45 watermelon-server-0.1/node_modules/better-sqlite3/lib/methods/serialize.js
-rw-r--r-- okg4/okg4       174 2026-08-18 20:45 watermelon-server-0.1/node_modules/better-sqlite3/lib/methods/inspect.js
-rw-r--r-- okg4/okg4      1152 2026-08-18 20:45 watermelon-server-0.1/node_modules/better-sqlite3/lib/methods/wrappers.js
-rw-r--r-- okg4/okg4      7243 2026-08-18 20:45 watermelon-server-0.1/node_modules/better-sqlite3/lib/methods/table.js
-rw-r--r-- okg4/okg4       543 2026-08-18 20:45 watermelon-server-0.1/node_modules/better-sqlite3/lib/methods/pragma.js
-rw-r--r-- okg4/okg4       292 2026-08-18 20:45 watermelon-server-0.1/node_modules/better-sqlite3/lib/methods/explain.js
-rw-r--r-- okg4/okg4      1396 2026-08-18 20:45 watermelon-server-0.1/node_modules/better-sqlite3/lib/methods/function.js
-rw-r--r-- okg4/okg4       331 2026-08-18 20:45 watermelon-server-0.1/node_modules/better-sqlite3/lib/util.js
-rw-r--r-- okg4/okg4       512 2026-08-18 20:45 watermelon-server-0.1/node_modules/better-sqlite3/lib/sqlite-error.js
-rw-r--r-- okg4/okg4       164 2026-08-18 20:45 watermelon-server-0.1/node_modules/better-sqlite3/lib/darwin-x64.js
-rw-r--r-- okg4/okg4       166 2026-08-18 20:45 watermelon-server-0.1/node_modules/better-sqlite3/lib/darwin-arm64.js
-rw-r--r-- okg4/okg4      2123 2026-08-18 20:45 watermelon-server-0.1/node_modules/better-sqlite3/lib/binding.js
-rw-r--r-- okg4/okg4       165 2026-08-18 20:45 watermelon-server-0.1/node_modules/better-sqlite3/lib/linux-arm64.js
-rw-r--r-- okg4/okg4      2044 2026-08-18 20:45 watermelon-server-0.1/node_modules/better-sqlite3/binding.gyp
-rw-r--r-- okg4/okg4      1078 2026-08-18 20:45 watermelon-server-0.1/node_modules/better-sqlite3/LICENSE
drwxr-xr-x okg4/okg4         0 2026-08-18 20:45 watermelon-server-0.1/node_modules/better-sqlite3/build/
-rw-r--r-- okg4/okg4     19948 2026-08-18 20:45 watermelon-server-0.1/node_modules/better-sqlite3/build/config.gypi
-rw-r--r-- okg4/okg4       459 2026-08-18 20:45 watermelon-server-0.1/node_modules/better-sqlite3/build/test_extension.target.mk
-rw-r--r-- okg4/okg4       137 2026-08-18 20:45 watermelon-server-0.1/node_modules/better-sqlite3/build/binding.Makefile
-rw-r--r-- okg4/okg4       459 2026-08-18 20:45 watermelon-server-0.1/node_modules/better-sqlite3/build/better_sqlite3.target.mk
-rw-r--r-- okg4/okg4     14062 2026-08-18 20:45 watermelon-server-0.1/node_modules/better-sqlite3/build/Makefile
drwxr-xr-x okg4/okg4         0 2026-08-18 20:45 watermelon-server-0.1/node_modules/better-sqlite3/build/Release/
drwxr-xr-x okg4/okg4         0 2026-08-18 20:45 watermelon-server-0.1/node_modules/better-sqlite3/build/Release/obj.target/
-rw-r--r-- okg4/okg4         0 2026-08-18 20:45 watermelon-server-0.1/node_modules/better-sqlite3/build/Release/obj.target/better_sqlite3.stamp
-rw-r--r-- okg4/okg4         0 2026-08-18 20:45 watermelon-server-0.1/node_modules/better-sqlite3/build/Release/obj.target/test_extension.stamp
drwxr-xr-x okg4/okg4         0 2026-08-18 20:45 watermelon-server-0.1/node_modules/better-sqlite3/build/Release/.deps/
drwxr-xr-x okg4/okg4         0 2026-08-18 20:45 watermelon-server-0.1/node_modules/better-sqlite3/build/Release/.deps/Release/
drwxr-xr-x okg4/okg4         0 2026-08-18 20:45 watermelon-server-0.1/node_modules/better-sqlite3/build/Release/.deps/Release/obj.target/
-rw-r--r-- okg4/okg4        93 2026-08-18 20:45 watermelon-server-0.1/node_modules/better-sqlite3/build/Release/.deps/Release/obj.target/test_extension.stamp.d
-rw-r--r-- okg4/okg4        93 2026-08-18 20:45 watermelon-server-0.1/node_modules/better-sqlite3/build/Release/.deps/Release/obj.target/better_sqlite3.stamp.d
drwxr-xr-x okg4/okg4         0 2026-08-18 20:45 watermelon-server-0.1/node_modules/better-sqlite3/prebuilds/
-rw-r--r-- okg4/okg4   2312112 2026-08-18 20:45 watermelon-server-0.1/node_modules/better-sqlite3/prebuilds/linuxmusl-arm64.node
-rw-r--r-- okg4/okg4   2226168 2026-08-18 20:45 watermelon-server-0.1/node_modules/better-sqlite3/prebuilds/linux-x64.node
-rw-r--r-- okg4/okg4   1980736 2026-08-18 20:45 watermelon-server-0.1/node_modules/better-sqlite3/prebuilds/darwin-arm64.node
-rw-r--r-- okg4/okg4   1903104 2026-08-18 20:45 watermelon-server-0.1/node_modules/better-sqlite3/prebuilds/win32-arm64.node
-rw-r--r-- okg4/okg4   1989632 2026-08-18 20:45 watermelon-server-0.1/node_modules/better-sqlite3/prebuilds/win32-x64.node
-rw-r--r-- okg4/okg4   2435680 2026-08-18 20:45 watermelon-server-0.1/node_modules/better-sqlite3/prebuilds/linuxmusl-x64.node
-rw-r--r-- okg4/okg4   1982880 2026-08-18 20:45 watermelon-server-0.1/node_modules/better-sqlite3/prebuilds/darwin-x64.node
-rw-r--r-- okg4/okg4   2066328 2026-08-18 20:45 watermelon-server-0.1/node_modules/better-sqlite3/prebuilds/linux-arm64.node
-rw-r--r-- okg4/okg4      1838 2026-08-18 20:45 watermelon-server-0.1/node_modules/better-sqlite3/package.json
drwxr-xr-x okg4/okg4         0 2026-08-18 20:45 watermelon-server-0.1/node_modules/@oxc-project/
drwxr-xr-x okg4/okg4         0 2026-08-18 20:45 watermelon-server-0.1/node_modules/zod/
drwxr-xr-x okg4/okg4         0 2026-08-18 20:45 watermelon-server-0.1/node_modules/zod/src/
-rw-r--r-- okg4/okg4       121 2026-08-18 20:45 watermelon-server-0.1/node_modules/zod/src/index.ts
drwxr-xr-x okg4/okg4         0 2026-08-18 20:45 watermelon-server-0.1/node_modules/zod/src/v3/
-rw-r--r-- okg4/okg4      2678 2026-08-18 20:45 watermelon-server-0.1/node_modules/zod/src/v3/standard-schema.ts
-rw-r--r-- okg4/okg4        99 2026-08-18 20:45 watermelon-server-0.1/node_modules/zod/src/v3/index.ts
-rw-r--r-- okg4/okg4       205 2026-08-18 20:45 watermelon-server-0.1/node_modules/zod/src/v3/external.ts
drwxr-xr-x okg4/okg4         0 2026-08-18 20:45 watermelon-server-0.1/node_modules/zod/src/v3/benchmarks/
-rw-r--r-- okg4/okg4      1257 2026-08-18 20:45 watermelon-server-0.1/node_modules/zod/src/v3/benchmarks/string.ts
-rw-r--r-- okg4/okg4      1582 2026-08-18 20:45 watermelon-server-0.1/node_modules/zod/src/v3/benchmarks/index.ts
-rw-r--r-- okg4/okg4      1818 2026-08-18 20:45 watermelon-server-0.1/node_modules/zod/src/v3/benchmarks/ipv4.ts
-rw-r--r-- okg4/okg4      3489 2026-08-18 20:45 watermelon-server-0.1/node_modules/zod/src/v3/benchmarks/primitives.ts
-rw-r--r-- okg4/okg4      1623 2026-08-18 20:45 watermelon-server-0.1/node_modules/zod/src/v3/benchmarks/object.ts
-rw-r--r-- okg4/okg4      1908 2026-08-18 20:45 watermelon-server-0.1/node_modules/zod/src/v3/benchmarks/datetime.ts
-rw-r--r-- okg4/okg4      1525 2026-08-18 20:45 watermelon-server-0.1/node_modules/zod/src/v3/benchmarks/union.ts
-rw-r--r-- okg4/okg4      1593 2026-08-18 20:45 watermelon-server-0.1/node_modules/zod/src/v3/benchmarks/discriminatedUnion.ts
-rw-r--r-- okg4/okg4      1157 2026-08-18 20:45 watermelon-server-0.1/node_modules/zod/src/v3/benchmarks/realworld.ts
-rw-r--r-- okg4/okg4       305 2026-08-18 20:45 watermelon-server-0.1/node_modules/zod/src/v3/errors.ts
-rw-r--r-- okg4/okg4      9008 2026-08-18 20:45 watermelon-server-0.1/node_modules/zod/src/v3/ZodError.ts
drwxr-xr-x okg4/okg4         0 2026-08-18 20:45 watermelon-server-0.1/node_modules/zod/src/v3/tests/
-rw-r--r-- okg4/okg4      3735 2026-08-18 20:45 watermelon-server-0.1/node_modules/zod/src/v3/tests/record.test.ts
-rw-r--r-- okg4/okg4       869 2026-08-18 20:45 watermelon-server-0.1/node_modules/zod/src/v3/tests/parseUtil.test.ts
-rw-r--r-- okg4/okg4      6734 2026-08-18 20:45 watermelon-server-0.1/node_modules/zod/src/v3/tests/function.test.ts
-rw-r--r-- okg4/okg4      5215 2026-08-18 20:45 watermelon-server-0.1/node_modules/zod/src/v3/tests/deepmasking.test.ts
-rw-r--r-- okg4/okg4      2391 2026-08-18 20:45 watermelon-server-0.1/node_modules/zod/src/v3/tests/firstparty.test.ts
-rw-r--r-- okg4/okg4     12215 2026-08-18 20:45 watermelon-server-0.1/node_modules/zod/src/v3/tests/primitive.test.ts
-rw-r--r-- okg4/okg4        85 2026-08-18 20:45 watermelon-server-0.1/node_modules/zod/src/v3/tests/masking.test.ts
-rw-r--r-- okg4/okg4      5687 2026-08-18 20:45 watermelon-server-0.1/node_modules/zod/src/v3/tests/transformer.test.ts
-rw-r--r-- okg4/okg4      1275 2026-08-18 20:45 watermelon-server-0.1/node_modules/zod/src/v3/tests/language-server.source.ts
-rw-r--r-- okg4/okg4      6550 2026-08-18 20:45 watermelon-server-0.1/node_modules/zod/src/v3/tests/catch.test.ts
-rw-r--r-- okg4/okg4       389 2026-08-18 20:45 watermelon-server-0.1/node_modules/zod/src/v3/tests/mocker.test.ts
-rw-r--r-- okg4/okg4      3826 2026-08-18 20:45 watermelon-server-0.1/node_modules/zod/src/v3/tests/validations.test.ts
-rw-r--r-- okg4/okg4      1172 2026-08-18 20:45 watermelon-server-0.1/node_modules/zod/src/v3/tests/nullable.test.ts
-rw-r--r-- okg4/okg4      6373 2026-08-18 20:45 watermelon-server-0.1/node_modules/zod/src/v3/tests/number.test.ts
-rw-r--r-- okg4/okg4      1323 2026-08-18 20:45 watermelon-server-0.1/node_modules/zod/src/v3/tests/description.test.ts
-rw-r--r-- okg4/okg4      1523 2026-08-18 20:45 watermelon-server-0.1/node_modules/zod/src/v3/tests/generics.test.ts
-rw-r--r-- okg4/okg4       788 2026-08-18 20:45 watermelon-server-0.1/node_modules/zod/src/v3/tests/firstpartyschematypes.test.ts
-rw-r--r-- okg4/okg4      1222 2026-08-18 20:45 watermelon-server-0.1/node_modules/zod/src/v3/tests/optional.test.ts
-rw-r--r-- okg4/okg4       708 2026-08-18 20:45 watermelon-server-0.1/node_modules/zod/src/v3/tests/nan.test.ts
-rw-r--r-- okg4/okg4      1341 2026-08-18 20:45 watermelon-server-0.1/node_modules/zod/src/v3/tests/Mocker.ts
-rw-r--r-- okg4/okg4      3527 2026-08-18 20:45 watermelon-server-0.1/node_modules/zod/src/v3/tests/default.test.ts
-rw-r--r-- okg4/okg4      2490 2026-08-18 20:45 watermelon-server-0.1/node_modules/zod/src/v3/tests/promise.test.ts
-rw-r--r-- okg4/okg4      8172 2026-08-18 20:45 watermelon-server-0.1/node_modules/zod/src/v3/tests/refine.test.ts
-rw-r--r-- okg4/okg4      2737 2026-08-18 20:45 watermelon-server-0.1/node_modules/zod/src/v3/tests/enum.test.ts
-rw-r--r-- okg4/okg4      8537 2026-08-18 20:45 watermelon-server-0.1/node_modules/zod/src/v3/tests/discriminated-unions.test.ts
-rw-r--r-- okg4/okg4      3091 2026-08-18 20:45 watermelon-server-0.1/node_modules/zod/src/v3/tests/intersection.test.ts
-rw-r--r-- okg4/okg4      1063 2026-08-18 20:45 watermelon-server-0.1/node_modules/zod/src/v3/tests/literal.test.ts
-rw-r--r-- okg4/okg4     65633 2026-08-18 20:45 watermelon-server-0.1/node_modules/zod/src/v3/tests/string.test.ts
-rw-r--r-- okg4/okg4      7044 2026-08-18 20:45 watermelon-server-0.1/node_modules/zod/src/v3/tests/partials.test.ts
-rw-r--r-- okg4/okg4      1603 2026-08-18 20:45 watermelon-server-0.1/node_modules/zod/src/v3/tests/async-refinements.test.ts
-rw-r--r-- okg4/okg4      1977 2026-08-18 20:45 watermelon-server-0.1/node_modules/zod/src/v3/tests/bigint.test.ts
-rw-r--r-- okg4/okg4      4788 2026-08-18 20:45 watermelon-server-0.1/node_modules/zod/src/v3/tests/set.test.ts
-rw-r--r-- okg4/okg4     12639 2026-08-18 20:45 watermelon-server-0.1/node_modules/zod/src/v3/tests/async-parsing.test.ts
-rw-r--r-- okg4/okg4       823 2026-08-18 20:45 watermelon-server-0.1/node_modules/zod/src/v3/tests/pipeline.test.ts
-rw-r--r-- okg4/okg4       778 2026-08-18 20:45 watermelon-server-0.1/node_modules/zod/src/v3/tests/object-in-es5-env.test.ts
-rw-r--r-- okg4/okg4       673 2026-08-18 20:45 watermelon-server-0.1/node_modules/zod/src/v3/tests/anyunknown.test.ts
-rw-r--r-- okg4/okg4      4530 2026-08-18 20:45 watermelon-server-0.1/node_modules/zod/src/v3/tests/preprocess.test.ts
-rw-r--r-- okg4/okg4       569 2026-08-18 20:45 watermelon-server-0.1/node_modules/zod/src/v3/tests/object-augmentation.test.ts
-rw-r--r-- okg4/okg4      1939 2026-08-18 20:45 watermelon-server-0.1/node_modules/zod/src/v3/tests/array.test.ts
-rw-r--r-- okg4/okg4      3545 2026-08-18 20:45 watermelon-server-0.1/node_modules/zod/src/v3/tests/map.test.ts
-rw-r--r-- okg4/okg4       950 2026-08-18 20:45 watermelon-server-0.1/node_modules/zod/src/v3/tests/custom.test.ts
-rw-r--r-- okg4/okg4      4717 2026-08-18 20:45 watermelon-server-0.1/node_modules/zod/src/v3/tests/all-errors.test.ts
-rw-r--r-- okg4/okg4      2587 2026-08-18 20:45 watermelon-server-0.1/node_modules/zod/src/v3/tests/standard-schema.test.ts
-rw-r--r-- okg4/okg4       983 2026-08-18 20:45 watermelon-server-0.1/node_modules/zod/src/v3/tests/date.test.ts
-rw-r--r-- okg4/okg4      3622 2026-08-18 20:45 watermelon-server-0.1/node_modules/zod/src/v3/tests/pickomit.test.ts
-rw-r--r-- okg4/okg4      1540 2026-08-18 20:45 watermelon-server-0.1/node_modules/zod/src/v3/tests/unions.test.ts
-rw-r--r-- okg4/okg4     16812 2026-08-18 20:45 watermelon-server-0.1/node_modules/zod/src/v3/tests/error.test.ts
-rw-r--r-- okg4/okg4     11844 2026-08-18 20:45 watermelon-server-0.1/node_modules/zod/src/v3/tests/object.test.ts
-rw-r--r-- okg4/okg4       628 2026-08-18 20:45 watermelon-server-0.1/node_modules/zod/src/v3/tests/safeparse.test.ts
-rw-r--r-- okg4/okg4       782 2026-08-18 20:45 watermelon-server-0.1/node_modules/zod/src/v3/tests/base.test.ts
-rw-r--r-- okg4/okg4       349 2026-08-18 20:45 watermelon-server-0.1/node_modules/zod/src/v3/tests/void.test.ts
-rw-r--r-- okg4/okg4      1734 2026-08-18 20:45 watermelon-server-0.1/node_modules/zod/src/v3/tests/branded.test.ts
-rw-r--r-- okg4/okg4      7339 2026-08-18 20:45 watermelon-server-0.1/node_modules/zod/src/v3/tests/readonly.test.ts
-rw-r--r-- okg4/okg4      2497 2026-08-18 20:45 watermelon-server-0.1/node_modules/zod/src/v3/tests/complex.test.ts
-rw-r--r-- okg4/okg4      2344 2026-08-18 20:45 watermelon-server-0.1/node_modules/zod/src/v3/tests/nativeEnum.test.ts
-rw-r--r-- okg4/okg4      1154 2026-08-18 20:45 watermelon-server-0.1/node_modules/zod/src/v3/tests/instanceof.test.ts
-rw-r--r-- okg4/okg4      3946 2026-08-18 20:45 watermelon-server-0.1/node_modules/zod/src/v3/tests/recursive.test.ts
-rw-r--r-- okg4/okg4      8318 2026-08-18 20:45 watermelon-server-0.1/node_modules/zod/src/v3/tests/language-server.test.ts
-rw-r--r-- okg4/okg4      1125 2026-08-18 20:45 watermelon-server-0.1/node_modules/zod/src/v3/tests/parser.test.ts
-rw-r--r-- okg4/okg4      6650 2026-08-18 20:45 watermelon-server-0.1/node_modules/zod/src/v3/tests/coerce.test.ts
-rw-r--r-- okg4/okg4      2691 2026-08-18 20:45 watermelon-server-0.1/node_modules/zod/src/v3/tests/tuple.test.ts
-rw-r--r-- okg4/okg4    160328 2026-08-18 20:45 watermelon-server-0.1/node_modules/zod/src/v3/types.ts
drwxr-xr-x okg4/okg4         0 2026-08-18 20:45 watermelon-server-0.1/node_modules/zod/src/v3/helpers/
-rw-r--r-- okg4/okg4      6206 2026-08-18 20:45 watermelon-server-0.1/node_modules/zod/src/v3/helpers/util.ts
-rw-r--r-- okg4/okg4       408 2026-08-18 20:45 watermelon-server-0.1/node_modules/zod/src/v3/helpers/errorUtil.ts
-rw-r--r-- okg4/okg4      1019 2026-08-18 20:45 watermelon-server-0.1/node_modules/zod/src/v3/helpers/partialUtil.ts
-rw-r--r-- okg4/okg4       135 2026-08-18 20:45 watermelon-server-0.1/node_modules/zod/src/v3/helpers/typeAliases.ts
-rw-r--r-- okg4/okg4      5279 2026-08-18 20:45 watermelon-server-0.1/node_modules/zod/src/v3/helpers/parseUtil.ts
-rw-r--r-- okg4/okg4       604 2026-08-18 20:45 watermelon-server-0.1/node_modules/zod/src/v3/helpers/enumUtil.ts
drwxr-xr-x okg4/okg4         0 2026-08-18 20:45 watermelon-server-0.1/node_modules/zod/src/v3/locales/
-rw-r--r-- okg4/okg4      5134 2026-08-18 20:45 watermelon-server-0.1/node_modules/zod/src/v3/locales/en.ts
drwxr-xr-x okg4/okg4         0 2026-08-18 20:45 watermelon-server-0.1/node_modules/zod/src/mini/
-rw-r--r-- okg4/okg4        99 2026-08-18 20:45 watermelon-server-0.1/node_modules/zod/src/mini/index.ts
drwxr-xr-x okg4/okg4         0 2026-08-18 20:45 watermelon-server-0.1/node_modules/zod/src/v4-mini/
-rw-r--r-- okg4/okg4        99 2026-08-18 20:45 watermelon-server-0.1/node_modules/zod/src/v4-mini/index.ts
drwxr-xr-x okg4/okg4         0 2026-08-18 20:45 watermelon-server-0.1/node_modules/zod/src/v4/
-rw-r--r-- okg4/okg4        93 2026-08-18 20:45 watermelon-server-0.1/node_modules/zod/src/v4/index.ts
drwxr-xr-x okg4/okg4         0 2026-08-18 20:45 watermelon-server-0.1/node_modules/zod/src/v4/mini/
-rw-r--r-- okg4/okg4      1182 2026-08-18 20:45 watermelon-server-0.1/node_modules/zod/src/v4/mini/coerce.ts
-rw-r--r-- okg4/okg4        81 2026-08-18 20:45 watermelon-server-0.1/node_modules/zod/src/v4/mini/index.ts
-rw-r--r-- okg4/okg4       206 2026-08-18 20:45 watermelon-server-0.1/node_modules/zod/src/v4/mini/parse.ts
-rw-r--r-- okg4/okg4       861 2026-08-18 20:45 watermelon-server-0.1/node_modules/zod/src/v4/mini/external.ts
-rw-r--r-- okg4/okg4     61288 2026-08-18 20:45 watermelon-server-0.1/node_modules/zod/src/v4/mini/schemas.ts
drwxr-xr-x okg4/okg4         0 2026-08-18 20:45 watermelon-server-0.1/node_modules/zod/src/v4/mini/tests/
-rw-r--r-- okg4/okg4      3209 2026-08-18 20:45 watermelon-server-0.1/node_modules/zod/src/v4/mini/tests/brand.test.ts
-rw-r--r-- okg4/okg4     32741 2026-08-18 20:45 watermelon-server-0.1/node_modules/zod/src/v4/mini/tests/index.test.ts
-rw-r--r-- okg4/okg4      1165 2026-08-18 20:45 watermelon-server-0.1/node_modules/zod/src/v4/mini/tests/computed.test.ts
-rw-r--r-- okg4/okg4      3662 2026-08-18 20:45 watermelon-server-0.1/node_modules/zod/src/v4/mini/tests/number.test.ts
-rw-r--r-- okg4/okg4      4071 2026-08-18 20:45 watermelon-server-0.1/node_modules/zod/src/v4/mini/tests/checks.test.ts
-rw-r--r-- okg4/okg4       101 2026-08-18 20:45 watermelon-server-0.1/node_modules/zod/src/v4/mini/tests/functions.test.ts
-rw-r--r-- okg4/okg4      7077 2026-08-18 20:45 watermelon-server-0.1/node_modules/zod/src/v4/mini/tests/recursive-types.test.ts
-rw-r--r-- okg4/okg4      3298 2026-08-18 20:45 watermelon-server-0.1/node_modules/zod/src/v4/mini/tests/assignability.test.ts
-rw-r--r-- okg4/okg4     13433 2026-08-18 20:45 watermelon-server-0.1/node_modules/zod/src/v4/mini/tests/string.test.ts
-rw-r--r-- okg4/okg4       845 2026-08-18 20:45 watermelon-server-0.1/node_modules/zod/src/v4/mini/tests/apply.test.ts
-rw-r--r-- okg4/okg4       867 2026-08-18 20:45 watermelon-server-0.1/node_modules/zod/src/v4/mini/tests/prototypes.test.ts
-rw-r--r-- okg4/okg4      1395 2026-08-18 20:45 watermelon-server-0.1/node_modules/zod/src/v4/mini/tests/standard-schema.test.ts
-rw-r--r-- okg4/okg4       641 2026-08-18 20:45 watermelon-server-0.1/node_modules/zod/src/v4/mini/tests/error.test.ts
-rw-r--r-- okg4/okg4      6922 2026-08-18 20:45 watermelon-server-0.1/node_modules/zod/src/v4/mini/tests/object.test.ts
-rw-r--r-- okg4/okg4     18780 2026-08-18 20:45 watermelon-server-0.1/node_modules/zod/src/v4/mini/tests/codec.test.ts
-rw-r--r-- okg4/okg4      2239 2026-08-18 20:45 watermelon-server-0.1/node_modules/zod/src/v4/mini/iso.ts
-rw-r--r-- okg4/okg4       736 2026-08-18 20:45 watermelon-server-0.1/node_modules/zod/src/v4/mini/checks.ts
drwxr-xr-x okg4/okg4         0 2026-08-18 20:45 watermelon-server-0.1/node_modules/zod/src/v4/core/
-rw-r--r-- okg4/okg4      3345 2026-08-18 20:45 watermelon-server-0.1/node_modules/zod/src/v4/core/registries.ts
-rw-r--r-- okg4/okg4      6324 2026-08-18 20:45 watermelon-server-0.1/node_modules/zod/src/v4/core/standard-schema.ts
-rw-r--r-- okg4/okg4      6677 2026-08-18 20:45 watermelon-server-0.1/node_modules/zod/src/v4/core/zsf.ts
-rw-r--r-- okg4/okg4     22673 2026-08-18 20:45 watermelon-server-0.1/node_modules/zod/src/v4/core/json-schema-processors.ts
-rw-r--r-- okg4/okg4      3981 2026-08-18 20:45 watermelon-server-0.1/node_modules/zod/src/v4/core/json-schema-generator.ts
-rw-r--r-- okg4/okg4     29681 2026-08-18 20:45 watermelon-server-0.1/node_modules/zod/src/v4/core/util.ts
-rw-r--r-- okg4/okg4      5223 2026-08-18 20:45 watermelon-server-0.1/node_modules/zod/src/v4/core/core.ts
-rw-r--r-- okg4/okg4      1204 2026-08-18 20:45 watermelon-server-0.1/node_modules/zod/src/v4/core/doc.ts
-rw-r--r-- okg4/okg4       594 2026-08-18 20:45 watermelon-server-0.1/node_modules/zod/src/v4/core/index.ts
-rw-r--r-- okg4/okg4      9832 2026-08-18 20:45 watermelon-server-0.1/node_modules/zod/src/v4/core/regexes.ts
-rw-r--r-- okg4/okg4        83 2026-08-18 20:45 watermelon-server-0.1/node_modules/zod/src/v4/core/versions.ts
-rw-r--r-- okg4/okg4      7709 2026-08-18 20:45 watermelon-server-0.1/node_modules/zod/src/v4/core/parse.ts
-rw-r--r-- okg4/okg4     54893 2026-08-18 20:45 watermelon-server-0.1/node_modules/zod/src/v4/core/api.ts
-rw-r--r-- okg4/okg4     14334 2026-08-18 20:45 watermelon-server-0.1/node_modules/zod/src/v4/core/errors.ts
-rw-r--r-- okg4/okg4       472 2026-08-18 20:45 watermelon-server-0.1/node_modules/zod/src/v4/core/config.ts
-rw-r--r-- okg4/okg4      3809 2026-08-18 20:45 watermelon-server-0.1/node_modules/zod/src/v4/core/json-schema.ts
-rw-r--r-- okg4/okg4    148594 2026-08-18 20:45 watermelon-server-0.1/node_modules/zod/src/v4/core/schemas.ts
drwxr-xr-x okg4/okg4         0 2026-08-18 20:45 watermelon-server-0.1/node_modules/zod/src/v4/core/tests/
-rw-r--r-- okg4/okg4      1418 2026-08-18 20:45 watermelon-server-0.1/node_modules/zod/src/v4/core/tests/recursive-tuples.test.ts
-rw-r--r-- okg4/okg4      1176 2026-08-18 20:45 watermelon-server-0.1/node_modules/zod/src/v4/core/tests/index.test.ts
-rw-r--r-- okg4/okg4      4574 2026-08-18 20:45 watermelon-server-0.1/node_modules/zod/src/v4/core/tests/record-constructor.test.ts
-rw-r--r-- okg4/okg4      1407 2026-08-18 20:45 watermelon-server-0.1/node_modules/zod/src/v4/core/tests/extend.test.ts
drwxr-xr-x okg4/okg4         0 2026-08-18 20:45 watermelon-server-0.1/node_modules/zod/src/v4/core/tests/locales/
-rw-r--r-- okg4/okg4      6233 2026-08-18 20:45 watermelon-server-0.1/node_modules/zod/src/v4/core/tests/locales/hr.test.ts
-rw-r--r-- okg4/okg4      1032 2026-08-18 20:45 watermelon-server-0.1/node_modules/zod/src/v4/core/tests/locales/nl.test.ts
-rw-r--r-- okg4/okg4      3759 2026-08-18 20:45 watermelon-server-0.1/node_modules/zod/src/v4/core/tests/locales/ru.test.ts
-rw-r--r-- okg4/okg4      5287 2026-08-18 20:45 watermelon-server-0.1/node_modules/zod/src/v4/core/tests/locales/uz.test.ts
-rw-r--r-- okg4/okg4      6907 2026-08-18 20:45 watermelon-server-0.1/node_modules/zod/src/v4/core/tests/locales/es.test.ts
-rw-r--r-- okg4/okg4      9070 2026-08-18 20:45 watermelon-server-0.1/node_modules/zod/src/v4/core/tests/locales/el.test.ts
-rw-r--r-- okg4/okg4       828 2026-08-18 20:45 watermelon-server-0.1/node_modules/zod/src/v4/core/tests/locales/en.test.ts
-rw-r--r-- okg4/okg4      3326 2026-08-18 20:45 watermelon-server-0.1/node_modules/zod/src/v4/core/tests/locales/tr.test.ts
-rw-r--r-- okg4/okg4     14310 2026-08-18 20:45 watermelon-server-0.1/node_modules/zod/src/v4/core/tests/locales/he.test.ts
-rw-r--r-- okg4/okg4      3778 2026-08-18 20:45 watermelon-server-0.1/node_modules/zod/src/v4/core/tests/locales/be.test.ts
-rw-r--r-- okg4/okg4      2624 2026-08-18 20:45 watermelon-server-0.1/node_modules/zod/src/v4/core/tests/locales/fr.test.ts
-rw-r--r-- okg4/okg4     20532 2026-08-18 20:45 watermelon-server-0.1/node_modules/zod/src/v4/core/to-json-schema.ts
-rw-r--r-- okg4/okg4     37708 2026-08-18 20:45 watermelon-server-0.1/node_modules/zod/src/v4/core/checks.ts
drwxr-xr-x okg4/okg4         0 2026-08-18 20:45 watermelon-server-0.1/node_modules/zod/src/v4/locales/
-rw-r--r-- okg4/okg4      4673 2026-08-18 20:45 watermelon-server-0.1/node_modules/zod/src/v4/locales/ja.ts
-rw-r--r-- okg4/okg4      4397 2026-08-18 20:45 watermelon-server-0.1/node_modules/zod/src/v4/locales/it.ts
-rw-r--r-- okg4/okg4      4379 2026-08-18 20:45 watermelon-server-0.1/node_modules/zod/src/v4/locales/fr-CA.ts
-rw-r--r-- okg4/okg4      6389 2026-08-18 20:45 watermelon-server-0.1/node_modules/zod/src/v4/locales/ru.ts
-rw-r--r-- okg4/okg4      4393 2026-08-18 20:45 watermelon-server-0.1/node_modules/zod/src/v4/locales/sl.ts
-rw-r--r-- okg4/okg4      4974 2026-08-18 20:45 watermelon-server-0.1/node_modules/zod/src/v4/locales/mk.ts
-rw-r--r-- okg4/okg4      4792 2026-08-18 20:45 watermelon-server-0.1/node_modules/zod/src/v4/locales/pl.ts
-rw-r--r-- okg4/okg4      4262 2026-08-18 20:45 watermelon-server-0.1/node_modules/zod/src/v4/locales/zh-CN.ts
-rw-r--r-- okg4/okg4     11284 2026-08-18 20:45 watermelon-server-0.1/node_modules/zod/src/v4/locales/he.ts
-rw-r--r-- okg4/okg4      4453 2026-08-18 20:45 watermelon-server-0.1/node_modules/zod/src/v4/locales/is.ts
-rw-r--r-- okg4/okg4      4566 2026-08-18 20:45 watermelon-server-0.1/node_modules/zod/src/v4/locales/ro.ts
-rw-r--r-- okg4/okg4      4947 2026-08-18 20:45 watermelon-server-0.1/node_modules/zod/src/v4/locales/fa.ts
-rw-r--r-- okg4/okg4      6018 2026-08-18 20:45 watermelon-server-0.1/node_modules/zod/src/v4/locales/ka.ts
-rw-r--r-- okg4/okg4      6172 2026-08-18 20:45 watermelon-server-0.1/node_modules/zod/src/v4/locales/ta.ts
-rw-r--r-- okg4/okg4      2149 2026-08-18 20:45 watermelon-server-0.1/node_modules/zod/src/v4/locales/index.ts
-rw-r--r-- okg4/okg4      4322 2026-08-18 20:45 watermelon-server-0.1/node_modules/zod/src/v4/locales/zh-TW.ts
-rw-r--r-- okg4/okg4      5382 2026-08-18 20:45 watermelon-server-0.1/node_modules/zod/src/v4/locales/el.ts
-rw-r--r-- okg4/okg4      4274 2026-08-18 20:45 watermelon-server-0.1/node_modules/zod/src/v4/locales/tr.ts
-rw-r--r-- okg4/okg4       198 2026-08-18 20:45 watermelon-server-0.1/node_modules/zod/src/v4/locales/ua.ts
-rw-r--r-- okg4/okg4      5160 2026-08-18 20:45 watermelon-server-0.1/node_modules/zod/src/v4/locales/es.ts
-rw-r--r-- okg4/okg4       198 2026-08-18 20:45 watermelon-server-0.1/node_modules/zod/src/v4/locales/kh.ts
-rw-r--r-- okg4/okg4      4725 2026-08-18 20:45 watermelon-server-0.1/node_modules/zod/src/v4/locales/ps.ts
-rw-r--r-- okg4/okg4      5255 2026-08-18 20:45 watermelon-server-0.1/node_modules/zod/src/v4/locales/uk.ts
-rw-r--r-- okg4/okg4      4410 2026-08-18 20:45 watermelon-server-0.1/node_modules/zod/src/v4/locales/id.ts
-rw-r--r-- okg4/okg4      4497 2026-08-18 20:45 watermelon-server-0.1/node_modules/zod/src/v4/locales/yo.ts
-rw-r--r-- okg4/okg4      4383 2026-08-18 20:45 watermelon-server-0.1/node_modules/zod/src/v4/locales/pt.ts
-rw-r--r-- okg4/okg4      5021 2026-08-18 20:45 watermelon-server-0.1/node_modules/zod/src/v4/locales/ar.ts
-rw-r--r-- okg4/okg4      4570 2026-08-18 20:45 watermelon-server-0.1/node_modules/zod/src/v4/locales/cs.ts
-rw-r--r-- okg4/okg4      4634 2026-08-18 20:45 watermelon-server-0.1/node_modules/zod/src/v4/locales/fi.ts
-rw-r--r-- okg4/okg4      5084 2026-08-18 20:45 watermelon-server-0.1/node_modules/zod/src/v4/locales/ur.ts
-rw-r--r-- okg4/okg4      4415 2026-08-18 20:45 watermelon-server-0.1/node_modules/zod/src/v4/locales/eo.ts
-rw-r--r-- okg4/okg4      4403 2026-08-18 20:45 watermelon-server-0.1/node_modules/zod/src/v4/locales/de.ts
-rw-r--r-- okg4/okg4      4535 2026-08-18 20:45 watermelon-server-0.1/node_modules/zod/src/v4/locales/ca.ts
-rw-r--r-- okg4/okg4      4887 2026-08-18 20:45 watermelon-server-0.1/node_modules/zod/src/v4/locales/fr.ts
-rw-r--r-- okg4/okg4      4521 2026-08-18 20:45 watermelon-server-0.1/node_modules/zod/src/v4/locales/hu.ts
-rw-r--r-- okg4/okg4      4310 2026-08-18 20:45 watermelon-server-0.1/node_modules/zod/src/v4/locales/ms.ts
-rw-r--r-- okg4/okg4      4481 2026-08-18 20:45 watermelon-server-0.1/node_modules/zod/src/v4/locales/sv.ts
-rw-r--r-- okg4/okg4      6103 2026-08-18 20:45 watermelon-server-0.1/node_modules/zod/src/v4/locales/th.ts
-rw-r--r-- okg4/okg4      6125 2026-08-18 20:45 watermelon-server-0.1/node_modules/zod/src/v4/locales/hy.ts
-rw-r--r-- okg4/okg4      4597 2026-08-18 20:45 watermelon-server-0.1/node_modules/zod/src/v4/locales/vi.ts
-rw-r--r-- okg4/okg4      4813 2026-08-18 20:45 watermelon-server-0.1/node_modules/zod/src/v4/locales/hr.ts
-rw-r--r-- okg4/okg4      4331 2026-08-18 20:45 watermelon-server-0.1/node_modules/zod/src/v4/locales/az.ts
-rw-r--r-- okg4/okg4      4723 2026-08-18 20:45 watermelon-server-0.1/node_modules/zod/src/v4/locales/ko.ts
-rw-r--r-- okg4/okg4      6303 2026-08-18 20:45 watermelon-server-0.1/node_modules/zod/src/v4/locales/be.ts
-rw-r--r-- okg4/okg4      7703 2026-08-18 20:45 watermelon-server-0.1/node_modules/zod/src/v4/locales/lt.ts
-rw-r--r-- okg4/okg4      5458 2026-08-18 20:45 watermelon-server-0.1/node_modules/zod/src/v4/locales/bg.ts
-rw-r--r-- okg4/okg4      4336 2026-08-18 20:45 watermelon-server-0.1/node_modules/zod/src/v4/locales/ota.ts
-rw-r--r-- okg4/okg4      4321 2026-08-18 20:45 watermelon-server-0.1/node_modules/zod/src/v4/locales/no.ts
-rw-r--r-- okg4/okg4      4545 2026-08-18 20:45 watermelon-server-0.1/node_modules/zod/src/v4/locales/uz.ts
-rw-r--r-- okg4/okg4      4569 2026-08-18 20:45 watermelon-server-0.1/node_modules/zod/src/v4/locales/nl.ts
-rw-r--r-- okg4/okg4      6055 2026-08-18 20:45 watermelon-server-0.1/node_modules/zod/src/v4/locales/km.ts
-rw-r--r-- okg4/okg4      4583 2026-08-18 20:45 watermelon-server-0.1/node_modules/zod/src/v4/locales/da.ts
-rw-r--r-- okg4/okg4      4603 2026-08-18 20:45 watermelon-server-0.1/node_modules/zod/src/v4/locales/en.ts
drwxr-xr-x okg4/okg4         0 2026-08-18 20:45 watermelon-server-0.1/node_modules/zod/src/v4/classic/
-rw-r--r-- okg4/okg4      1503 2026-08-18 20:45 watermelon-server-0.1/node_modules/zod/src/v4/classic/coerce.ts
-rw-r--r-- okg4/okg4     22623 2026-08-18 20:45 watermelon-server-0.1/node_modules/zod/src/v4/classic/from-json-schema.ts
-rw-r--r-- okg4/okg4       100 2026-08-18 20:45 watermelon-server-0.1/node_modules/zod/src/v4/classic/index.ts
-rw-r--r-- okg4/okg4      2183 2026-08-18 20:45 watermelon-server-0.1/node_modules/zod/src/v4/classic/compat.ts
-rw-r--r-- okg4/okg4      3220 2026-08-18 20:45 watermelon-server-0.1/node_modules/zod/src/v4/classic/parse.ts
-rw-r--r-- okg4/okg4      1217 2026-08-18 20:45 watermelon-server-0.1/node_modules/zod/src/v4/classic/external.ts
-rw-r--r-- okg4/okg4      2937 2026-08-18 20:45 watermelon-server-0.1/node_modules/zod/src/v4/classic/errors.ts
-rw-r--r-- okg4/okg4     94706 2026-08-18 20:45 watermelon-server-0.1/node_modules/zod/src/v4/classic/schemas.ts
drwxr-xr-x okg4/okg4         0 2026-08-18 20:45 watermelon-server-0.1/node_modules/zod/src/v4/classic/tests/
-rw-r--r-- okg4/okg4     19935 2026-08-18 20:45 watermelon-server-0.1/node_modules/zod/src/v4/classic/tests/record.test.ts
-rw-r--r-- okg4/okg4      3574 2026-08-18 20:45 watermelon-server-0.1/node_modules/zod/src/v4/classic/tests/brand.test.ts
-rw-r--r-- okg4/okg4      8358 2026-08-18 20:45 watermelon-server-0.1/node_modules/zod/src/v4/classic/tests/function.test.ts
-rw-r--r-- okg4/okg4      3045 2026-08-18 20:45 watermelon-server-0.1/node_modules/zod/src/v4/classic/tests/firstparty.test.ts
-rw-r--r-- okg4/okg4      7649 2026-08-18 20:45 watermelon-server-0.1/node_modules/zod/src/v4/classic/tests/primitive.test.ts
-rw-r--r-- okg4/okg4      1317 2026-08-18 20:45 watermelon-server-0.1/node_modules/zod/src/v4/classic/tests/preprocess-types.test.ts
-rw-r--r-- okg4/okg4     83479 2026-08-18 20:45 watermelon-server-0.1/node_modules/zod/src/v4/classic/tests/to-json-schema.test.ts
-rw-r--r-- okg4/okg4      8961 2026-08-18 20:45 watermelon-server-0.1/node_modules/zod/src/v4/classic/tests/catch.test.ts
-rw-r--r-- okg4/okg4      3623 2026-08-18 20:45 watermelon-server-0.1/node_modules/zod/src/v4/classic/tests/nested-refine.test.ts
-rw-r--r-- okg4/okg4      6736 2026-08-18 20:45 watermelon-server-0.1/node_modules/zod/src/v4/classic/tests/validations.test.ts
-rw-r--r-- okg4/okg4     31219 2026-08-18 20:45 watermelon-server-0.1/node_modules/zod/src/v4/classic/tests/index.test.ts
-rw-r--r-- okg4/okg4       591 2026-08-18 20:45 watermelon-server-0.1/node_modules/zod/src/v4/classic/tests/nullable.test.ts
-rw-r--r-- okg4/okg4      2338 2026-08-18 20:45 watermelon-server-0.1/node_modules/zod/src/v4/classic/tests/pipe.test.ts
-rw-r--r-- okg4/okg4     10953 2026-08-18 20:45 watermelon-server-0.1/node_modules/zod/src/v4/classic/tests/number.test.ts
-rw-r--r-- okg4/okg4      1294 2026-08-18 20:45 watermelon-server-0.1/node_modules/zod/src/v4/classic/tests/description.test.ts
-rw-r--r-- okg4/okg4      4756 2026-08-18 20:45 watermelon-server-0.1/node_modules/zod/src/v4/classic/tests/lazy.test.ts
-rw-r--r-- okg4/okg4       402 2026-08-18 20:45 watermelon-server-0.1/node_modules/zod/src/v4/classic/tests/url.test.ts
-rw-r--r-- okg4/okg4      2162 2026-08-18 20:45 watermelon-server-0.1/node_modules/zod/src/v4/classic/tests/generics.test.ts
-rw-r--r-- okg4/okg4      3327 2026-08-18 20:45 watermelon-server-0.1/node_modules/zod/src/v4/classic/tests/json.test.ts
-rw-r--r-- okg4/okg4     11794 2026-08-18 20:45 watermelon-server-0.1/node_modules/zod/src/v4/classic/tests/optional.test.ts
-rw-r--r-- okg4/okg4       645 2026-08-18 20:45 watermelon-server-0.1/node_modules/zod/src/v4/classic/tests/nan.test.ts
-rw-r--r-- okg4/okg4       944 2026-08-18 20:45 watermelon-server-0.1/node_modules/zod/src/v4/classic/tests/locales_ro.test.ts
-rw-r--r-- okg4/okg4      7551 2026-08-18 20:45 watermelon-server-0.1/node_modules/zod/src/v4/classic/tests/union.test.ts
-rw-r--r-- okg4/okg4     10829 2026-08-18 20:45 watermelon-server-0.1/node_modules/zod/src/v4/classic/tests/default.test.ts
-rw-r--r-- okg4/okg4      8021 2026-08-18 20:45 watermelon-server-0.1/node_modules/zod/src/v4/classic/tests/continuability.test.ts
-rw-r--r-- okg4/okg4      1715 2026-08-18 20:45 watermelon-server-0.1/node_modules/zod/src/v4/classic/tests/global-config.test.ts
-rw-r--r-- okg4/okg4      3700 2026-08-18 20:45 watermelon-server-0.1/node_modules/zod/src/v4/classic/tests/string-formats.test.ts
-rw-r--r-- okg4/okg4     26472 2026-08-18 20:45 watermelon-server-0.1/node_modules/zod/src/v4/classic/tests/from-json-schema.test.ts
-rw-r--r-- okg4/okg4      2064 2026-08-18 20:45 watermelon-server-0.1/node_modules/zod/src/v4/classic/tests/prefault.test.ts
-rw-r--r-- okg4/okg4      2324 2026-08-18 20:45 watermelon-server-0.1/node_modules/zod/src/v4/classic/tests/promise.test.ts
-rw-r--r-- okg4/okg4       771 2026-08-18 20:45 watermelon-server-0.1/node_modules/zod/src/v4/classic/tests/fix-json-issue.test.ts
-rw-r--r-- okg4/okg4     17409 2026-08-18 20:45 watermelon-server-0.1/node_modules/zod/src/v4/classic/tests/refine.test.ts
-rw-r--r-- okg4/okg4      8488 2026-08-18 20:45 watermelon-server-0.1/node_modules/zod/src/v4/classic/tests/enum.test.ts
-rw-r--r-- okg4/okg4     14377 2026-08-18 20:45 watermelon-server-0.1/node_modules/zod/src/v4/classic/tests/recursive-types.test.ts
-rw-r--r-- okg4/okg4     13742 2026-08-18 20:45 watermelon-server-0.1/node_modules/zod/src/v4/classic/tests/partial.test.ts
-rw-r--r-- okg4/okg4      7137 2026-08-18 20:45 watermelon-server-0.1/node_modules/zod/src/v4/classic/tests/assignability.test.ts
-rw-r--r-- okg4/okg4     19800 2026-08-18 20:45 watermelon-server-0.1/node_modules/zod/src/v4/classic/tests/error-utils.test.ts
-rw-r--r-- okg4/okg4     18776 2026-08-18 20:45 watermelon-server-0.1/node_modules/zod/src/v4/classic/tests/discriminated-unions.test.ts
-rw-r--r-- okg4/okg4      1896 2026-08-18 20:45 watermelon-server-0.1/node_modules/zod/src/v4/classic/tests/jitless-allows-eval.test.ts
-rw-r--r-- okg4/okg4      5555 2026-08-18 20:45 watermelon-server-0.1/node_modules/zod/src/v4/classic/tests/intersection.test.ts
-rw-r--r-- okg4/okg4      3204 2026-08-18 20:45 watermelon-server-0.1/node_modules/zod/src/v4/classic/tests/hash.test.ts
-rw-r--r-- okg4/okg4      3095 2026-08-18 20:45 watermelon-server-0.1/node_modules/zod/src/v4/classic/tests/literal.test.ts
-rw-r--r-- okg4/okg4     80260 2026-08-18 20:45 watermelon-server-0.1/node_modules/zod/src/v4/classic/tests/string.test.ts
-rw-r--r-- okg4/okg4      1867 2026-08-18 20:45 watermelon-server-0.1/node_modules/zod/src/v4/classic/tests/async-refinements.test.ts
-rw-r--r-- okg4/okg4      1956 2026-08-18 20:45 watermelon-server-0.1/node_modules/zod/src/v4/classic/tests/bigint.test.ts
-rw-r--r-- okg4/okg4     35892 2026-08-18 20:45 watermelon-server-0.1/node_modules/zod/src/v4/classic/tests/template-literal.test.ts
-rw-r--r-- okg4/okg4      5622 2026-08-18 20:45 watermelon-server-0.1/node_modules/zod/src/v4/classic/tests/set.test.ts
-rw-r--r-- okg4/okg4     12311 2026-08-18 20:45 watermelon-server-0.1/node_modules/zod/src/v4/classic/tests/async-parsing.test.ts
-rw-r--r-- okg4/okg4      1509 2026-08-18 20:45 watermelon-server-0.1/node_modules/zod/src/v4/classic/tests/apply.test.ts
-rw-r--r-- okg4/okg4       639 2026-08-18 20:45 watermelon-server-0.1/node_modules/zod/src/v4/classic/tests/anyunknown.test.ts
-rw-r--r-- okg4/okg4      1639 2026-08-18 20:45 watermelon-server-0.1/node_modules/zod/src/v4/classic/tests/locales_ka.test.ts
-rw-r--r-- okg4/okg4      9304 2026-08-18 20:45 watermelon-server-0.1/node_modules/zod/src/v4/classic/tests/preprocess.test.ts
-rw-r--r-- okg4/okg4      7248 2026-08-18 20:45 watermelon-server-0.1/node_modules/zod/src/v4/classic/tests/array.test.ts
-rw-r--r-- okg4/okg4      7391 2026-08-18 20:45 watermelon-server-0.1/node_modules/zod/src/v4/classic/tests/registries.test.ts
-rw-r--r-- okg4/okg4      7622 2026-08-18 20:45 watermelon-server-0.1/node_modules/zod/src/v4/classic/tests/map.test.ts
-rw-r--r-- okg4/okg4      1215 2026-08-18 20:45 watermelon-server-0.1/node_modules/zod/src/v4/classic/tests/custom.test.ts
-rw-r--r-- okg4/okg4      6170 2026-08-18 20:45 watermelon-server-0.1/node_modules/zod/src/v4/classic/tests/detached-methods.test.ts
-rw-r--r-- okg4/okg4      8676 2026-08-18 20:45 watermelon-server-0.1/node_modules/zod/src/v4/classic/tests/transform.test.ts
-rw-r--r-- okg4/okg4       498 2026-08-18 20:45 watermelon-server-0.1/node_modules/zod/src/v4/classic/tests/prototypes.test.ts
-rw-r--r-- okg4/okg4      3770 2026-08-18 20:45 watermelon-server-0.1/node_modules/zod/src/v4/classic/tests/standard-schema.test.ts
-rw-r--r-- okg4/okg4      1671 2026-08-18 20:45 watermelon-server-0.1/node_modules/zod/src/v4/classic/tests/date.test.ts
-rw-r--r-- okg4/okg4      6885 2026-08-18 20:45 watermelon-server-0.1/node_modules/zod/src/v4/classic/tests/pickomit.test.ts
-rw-r--r-- okg4/okg4     19502 2026-08-18 20:45 watermelon-server-0.1/node_modules/zod/src/v4/classic/tests/error.test.ts
-rw-r--r-- okg4/okg4     19030 2026-08-18 20:45 watermelon-server-0.1/node_modules/zod/src/v4/classic/tests/codec-examples.test.ts
-rw-r--r-- okg4/okg4     21570 2026-08-18 20:45 watermelon-server-0.1/node_modules/zod/src/v4/classic/tests/object.test.ts
-rw-r--r-- okg4/okg4       179 2026-08-18 20:45 watermelon-server-0.1/node_modules/zod/src/v4/classic/tests/base.test.ts
-rw-r--r-- okg4/okg4       306 2026-08-18 20:45 watermelon-server-0.1/node_modules/zod/src/v4/classic/tests/void.test.ts
-rw-r--r-- okg4/okg4      2641 2026-08-18 20:45 watermelon-server-0.1/node_modules/zod/src/v4/classic/tests/file.test.ts
-rw-r--r-- okg4/okg4     11786 2026-08-18 20:45 watermelon-server-0.1/node_modules/zod/src/v4/classic/tests/readonly.test.ts
-rw-r--r-- okg4/okg4       965 2026-08-18 20:45 watermelon-server-0.1/node_modules/zod/src/v4/classic/tests/describe-meta-checks.test.ts
-rw-r--r-- okg4/okg4      2841 2026-08-18 20:45 watermelon-server-0.1/node_modules/zod/src/v4/classic/tests/nonoptional.test.ts
-rw-r--r-- okg4/okg4      1658 2026-08-18 20:45 watermelon-server-0.1/node_modules/zod/src/v4/classic/tests/instanceof.test.ts
-rw-r--r-- okg4/okg4     10100 2026-08-18 20:45 watermelon-server-0.1/node_modules/zod/src/v4/classic/tests/to-json-schema-methods.test.ts
-rw-r--r-- okg4/okg4      3536 2026-08-18 20:45 watermelon-server-0.1/node_modules/zod/src/v4/classic/tests/stringbool.test.ts
-rw-r--r-- okg4/okg4     23697 2026-08-18 20:45 watermelon-server-0.1/node_modules/zod/src/v4/classic/tests/codec.test.ts
-rw-r--r-- okg4/okg4       743 2026-08-18 20:45 watermelon-server-0.1/node_modules/zod/src/v4/classic/tests/coalesce.test.ts
-rw-r--r-- okg4/okg4      7736 2026-08-18 20:45 watermelon-server-0.1/node_modules/zod/src/v4/classic/tests/coerce.test.ts
-rw-r--r-- okg4/okg4     11939 2026-08-18 20:45 watermelon-server-0.1/node_modules/zod/src/v4/classic/tests/datetime.test.ts
-rw-r--r-- okg4/okg4     17898 2026-08-18 20:45 watermelon-server-0.1/node_modules/zod/src/v4/classic/tests/tuple.test.ts
-rw-r--r-- okg4/okg4      3182 2026-08-18 20:45 watermelon-server-0.1/node_modules/zod/src/v4/classic/iso.ts
-rw-r--r-- okg4/okg4       761 2026-08-18 20:45 watermelon-server-0.1/node_modules/zod/src/v4/classic/checks.ts
drwxr-xr-x okg4/okg4         0 2026-08-18 20:45 watermelon-server-0.1/node_modules/zod/src/locales/
-rw-r--r-- okg4/okg4        40 2026-08-18 20:45 watermelon-server-0.1/node_modules/zod/src/locales/index.ts
-rw-r--r-- okg4/okg4      1486 2026-08-18 20:45 watermelon-server-0.1/node_modules/zod/index.cjs
-rw-r--r-- okg4/okg4       123 2026-08-18 20:45 watermelon-server-0.1/node_modules/zod/index.d.cts
-rw-r--r-- okg4/okg4      5582 2026-08-18 20:45 watermelon-server-0.1/node_modules/zod/README.md
-rw-r--r-- okg4/okg4       121 2026-08-18 20:45 watermelon-server-0.1/node_modules/zod/index.js
-rw-r--r-- okg4/okg4       121 2026-08-18 20:45 watermelon-server-0.1/node_modules/zod/index.d.ts
drwxr-xr-x okg4/okg4         0 2026-08-18 20:45 watermelon-server-0.1/node_modules/zod/v3/
-rw-r--r-- okg4/okg4       205 2026-08-18 20:45 watermelon-server-0.1/node_modules/zod/v3/external.js
-rw-r--r-- okg4/okg4      6415 2026-08-18 20:45 watermelon-server-0.1/node_modules/zod/v3/ZodError.d.cts
-rw-r--r-- okg4/okg4      1464 2026-08-18 20:45 watermelon-server-0.1/node_modules/zod/v3/index.cjs
-rw-r--r-- okg4/okg4       101 2026-08-18 20:45 watermelon-server-0.1/node_modules/zod/v3/index.d.cts
-rw-r--r-- okg4/okg4        11 2026-08-18 20:45 watermelon-server-0.1/node_modules/zod/v3/standard-schema.js
-rw-r--r-- okg4/okg4       240 2026-08-18 20:45 watermelon-server-0.1/node_modules/zod/v3/errors.d.cts
-rw-r--r-- okg4/okg4       579 2026-08-18 20:45 watermelon-server-0.1/node_modules/zod/v3/errors.cjs
-rw-r--r-- okg4/okg4        99 2026-08-18 20:45 watermelon-server-0.1/node_modules/zod/v3/index.js
-rw-r--r-- okg4/okg4        77 2026-08-18 20:45 watermelon-server-0.1/node_modules/zod/v3/standard-schema.cjs
-rw-r--r-- okg4/okg4    140156 2026-08-18 20:45 watermelon-server-0.1/node_modules/zod/v3/types.cjs
-rw-r--r-- okg4/okg4        99 2026-08-18 20:45 watermelon-server-0.1/node_modules/zod/v3/index.d.ts
-rw-r--r-- okg4/okg4      6412 2026-08-18 20:45 watermelon-server-0.1/node_modules/zod/v3/ZodError.d.ts
-rw-r--r-- okg4/okg4     52035 2026-08-18 20:45 watermelon-server-0.1/node_modules/zod/v3/types.d.cts
-rw-r--r-- okg4/okg4     52027 2026-08-18 20:45 watermelon-server-0.1/node_modules/zod/v3/types.d.ts
-rw-r--r-- okg4/okg4    131268 2026-08-18 20:45 watermelon-server-0.1/node_modules/zod/v3/types.js
-rw-r--r-- okg4/okg4      4593 2026-08-18 20:45 watermelon-server-0.1/node_modules/zod/v3/ZodError.cjs
-rw-r--r-- okg4/okg4       238 2026-08-18 20:45 watermelon-server-0.1/node_modules/zod/v3/errors.d.ts
-rw-r--r-- okg4/okg4      4366 2026-08-18 20:45 watermelon-server-0.1/node_modules/zod/v3/ZodError.js
-rw-r--r-- okg4/okg4       211 2026-08-18 20:45 watermelon-server-0.1/node_modules/zod/v3/external.d.cts
-rw-r--r-- okg4/okg4      2843 2026-08-18 20:45 watermelon-server-0.1/node_modules/zod/v3/standard-schema.d.cts
-rw-r--r-- okg4/okg4       205 2026-08-18 20:45 watermelon-server-0.1/node_modules/zod/v3/external.d.ts
-rw-r--r-- okg4/okg4      2843 2026-08-18 20:45 watermelon-server-0.1/node_modules/zod/v3/standard-schema.d.ts
-rw-r--r-- okg4/okg4       127 2026-08-18 20:45 watermelon-server-0.1/node_modules/zod/v3/package.json
drwxr-xr-x okg4/okg4         0 2026-08-18 20:45 watermelon-server-0.1/node_modules/zod/v3/helpers/
-rw-r--r-- okg4/okg4      2757 2026-08-18 20:45 watermelon-server-0.1/node_modules/zod/v3/helpers/parseUtil.d.cts
-rw-r--r-- okg4/okg4       135 2026-08-18 20:45 watermelon-server-0.1/node_modules/zod/v3/helpers/typeAliases.d.cts
-rw-r--r-- okg4/okg4      3387 2026-08-18 20:45 watermelon-server-0.1/node_modules/zod/v3/helpers/util.d.cts
-rw-r--r-- okg4/okg4        77 2026-08-18 20:45 watermelon-server-0.1/node_modules/zod/v3/helpers/partialUtil.cjs
-rw-r--r-- okg4/okg4        11 2026-08-18 20:45 watermelon-server-0.1/node_modules/zod/v3/helpers/typeAliases.js
-rw-r--r-- okg4/okg4       418 2026-08-18 20:45 watermelon-server-0.1/node_modules/zod/v3/helpers/errorUtil.cjs
-rw-r--r-- okg4/okg4       828 2026-08-18 20:45 watermelon-server-0.1/node_modules/zod/v3/helpers/partialUtil.d.cts
-rw-r--r-- okg4/okg4       276 2026-08-18 20:45 watermelon-server-0.1/node_modules/zod/v3/helpers/errorUtil.d.ts
-rw-r--r-- okg4/okg4       609 2026-08-18 20:45 watermelon-server-0.1/node_modules/zod/v3/helpers/enumUtil.d.cts
-rw-r--r-- okg4/okg4      3601 2026-08-18 20:45 watermelon-server-0.1/node_modules/zod/v3/helpers/parseUtil.js
-rw-r--r-- okg4/okg4      4272 2026-08-18 20:45 watermelon-server-0.1/node_modules/zod/v3/helpers/parseUtil.cjs
-rw-r--r-- okg4/okg4        11 2026-08-18 20:45 watermelon-server-0.1/node_modules/zod/v3/helpers/partialUtil.js
-rw-r--r-- okg4/okg4       300 2026-08-18 20:45 watermelon-server-0.1/node_modules/zod/v3/helpers/errorUtil.js
-rw-r--r-- okg4/okg4      3387 2026-08-18 20:45 watermelon-server-0.1/node_modules/zod/v3/helpers/util.d.ts
-rw-r--r-- okg4/okg4      4055 2026-08-18 20:45 watermelon-server-0.1/node_modules/zod/v3/helpers/util.js
-rw-r--r-- okg4/okg4       276 2026-08-18 20:45 watermelon-server-0.1/node_modules/zod/v3/helpers/errorUtil.d.cts
-rw-r--r-- okg4/okg4       135 2026-08-18 20:45 watermelon-server-0.1/node_modules/zod/v3/helpers/typeAliases.d.ts
-rw-r--r-- okg4/okg4        77 2026-08-18 20:45 watermelon-server-0.1/node_modules/zod/v3/helpers/enumUtil.cjs
-rw-r--r-- okg4/okg4        77 2026-08-18 20:45 watermelon-server-0.1/node_modules/zod/v3/helpers/typeAliases.cjs
-rw-r--r-- okg4/okg4       609 2026-08-18 20:45 watermelon-server-0.1/node_modules/zod/v3/helpers/enumUtil.d.ts
-rw-r--r-- okg4/okg4       827 2026-08-18 20:45 watermelon-server-0.1/node_modules/zod/v3/helpers/partialUtil.d.ts
-rw-r--r-- okg4/okg4      4401 2026-08-18 20:45 watermelon-server-0.1/node_modules/zod/v3/helpers/util.cjs
-rw-r--r-- okg4/okg4      2755 2026-08-18 20:45 watermelon-server-0.1/node_modules/zod/v3/helpers/parseUtil.d.ts
-rw-r--r-- okg4/okg4        11 2026-08-18 20:45 watermelon-server-0.1/node_modules/zod/v3/helpers/enumUtil.js
-rw-r--r-- okg4/okg4      1076 2026-08-18 20:45 watermelon-server-0.1/node_modules/zod/v3/external.cjs
drwxr-xr-x okg4/okg4         0 2026-08-18 20:45 watermelon-server-0.1/node_modules/zod/v3/locales/
-rw-r--r-- okg4/okg4       108 2026-08-18 20:45 watermelon-server-0.1/node_modules/zod/v3/locales/en.d.cts
-rw-r--r-- okg4/okg4      6005 2026-08-18 20:45 watermelon-server-0.1/node_modules/zod/v3/locales/en.cjs
-rw-r--r-- okg4/okg4      5602 2026-08-18 20:45 watermelon-server-0.1/node_modules/zod/v3/locales/en.js
-rw-r--r-- okg4/okg4       113 2026-08-18 20:45 watermelon-server-0.1/node_modules/zod/v3/locales/en.d.ts
-rw-r--r-- okg4/okg4       243 2026-08-18 20:45 watermelon-server-0.1/node_modules/zod/v3/errors.js
drwxr-xr-x okg4/okg4         0 2026-08-18 20:45 watermelon-server-0.1/node_modules/zod/mini/
-rw-r--r-- okg4/okg4      1461 2026-08-18 20:45 watermelon-server-0.1/node_modules/zod/mini/index.cjs
-rw-r--r-- okg4/okg4       101 2026-08-18 20:45 watermelon-server-0.1/node_modules/zod/mini/index.d.cts
-rw-r--r-- okg4/okg4        99 2026-08-18 20:45 watermelon-server-0.1/node_modules/zod/mini/index.js
-rw-r--r-- okg4/okg4        99 2026-08-18 20:45 watermelon-server-0.1/node_modules/zod/mini/index.d.ts
-rw-r--r-- okg4/okg4       127 2026-08-18 20:45 watermelon-server-0.1/node_modules/zod/mini/package.json
drwxr-xr-x okg4/okg4         0 2026-08-18 20:45 watermelon-server-0.1/node_modules/zod/v4-mini/
-rw-r--r-- okg4/okg4      1461 2026-08-18 20:45 watermelon-server-0.1/node_modules/zod/v4-mini/index.cjs
-rw-r--r-- okg4/okg4       101 2026-08-18 20:45 watermelon-server-0.1/node_modules/zod/v4-mini/index.d.cts
-rw-r--r-- okg4/okg4        99 2026-08-18 20:45 watermelon-server-0.1/node_modules/zod/v4-mini/index.js
-rw-r--r-- okg4/okg4        99 2026-08-18 20:45 watermelon-server-0.1/node_modules/zod/v4-mini/index.d.ts
-rw-r--r-- okg4/okg4       127 2026-08-18 20:45 watermelon-server-0.1/node_modules/zod/v4-mini/package.json
-rw-r--r-- okg4/okg4      1072 2026-08-18 20:45 watermelon-server-0.1/node_modules/zod/LICENSE
-rw-r--r-- okg4/okg4      3796 2026-08-18 20:45 watermelon-server-0.1/node_modules/zod/package.json
drwxr-xr-x okg4/okg4         0 2026-08-18 20:45 watermelon-server-0.1/node_modules/zod/v4/
-rw-r--r-- okg4/okg4      1057 2026-08-18 20:45 watermelon-server-0.1/node_modules/zod/v4/index.cjs
-rw-r--r-- okg4/okg4        94 2026-08-18 20:45 watermelon-server-0.1/node_modules/zod/v4/index.d.cts
-rw-r--r-- okg4/okg4        92 2026-08-18 20:45 watermelon-server-0.1/node_modules/zod/v4/index.js
-rw-r--r-- okg4/okg4        92 2026-08-18 20:45 watermelon-server-0.1/node_modules/zod/v4/index.d.ts
drwxr-xr-x okg4/okg4         0 2026-08-18 20:45 watermelon-server-0.1/node_modules/zod/v4/mini/
-rw-r--r-- okg4/okg4       708 2026-08-18 20:45 watermelon-server-0.1/node_modules/zod/v4/mini/external.js
-rw-r--r-- okg4/okg4      1912 2026-08-18 20:45 watermelon-server-0.1/node_modules/zod/v4/mini/coerce.cjs
-rw-r--r-- okg4/okg4       676 2026-08-18 20:45 watermelon-server-0.1/node_modules/zod/v4/mini/checks.js
-rw-r--r-- okg4/okg4       677 2026-08-18 20:45 watermelon-server-0.1/node_modules/zod/v4/mini/checks.d.cts
-rw-r--r-- okg4/okg4      1443 2026-08-18 20:45 watermelon-server-0.1/node_modules/zod/v4/mini/index.cjs
-rw-r--r-- okg4/okg4     32719 2026-08-18 20:45 watermelon-server-0.1/node_modules/zod/v4/mini/schemas.d.cts
-rw-r--r-- okg4/okg4        83 2026-08-18 20:45 watermelon-server-0.1/node_modules/zod/v4/mini/index.d.cts
-rw-r--r-- okg4/okg4       642 2026-08-18 20:45 watermelon-server-0.1/node_modules/zod/v4/mini/coerce.d.cts
-rw-r--r-- okg4/okg4      4141 2026-08-18 20:45 watermelon-server-0.1/node_modules/zod/v4/mini/checks.cjs
-rw-r--r-- okg4/okg4      1830 2026-08-18 20:45 watermelon-server-0.1/node_modules/zod/v4/mini/parse.cjs
-rw-r--r-- okg4/okg4       182 2026-08-18 20:45 watermelon-server-0.1/node_modules/zod/v4/mini/parse.js
-rw-r--r-- okg4/okg4        81 2026-08-18 20:45 watermelon-server-0.1/node_modules/zod/v4/mini/index.js
-rw-r--r-- okg4/okg4        81 2026-08-18 20:45 watermelon-server-0.1/node_modules/zod/v4/mini/index.d.ts
-rw-r--r-- okg4/okg4     35504 2026-08-18 20:45 watermelon-server-0.1/node_modules/zod/v4/mini/schemas.cjs
-rw-r--r-- okg4/okg4       640 2026-08-18 20:45 watermelon-server-0.1/node_modules/zod/v4/mini/coerce.d.ts
-rw-r--r-- okg4/okg4      2589 2026-08-18 20:45 watermelon-server-0.1/node_modules/zod/v4/mini/iso.cjs
-rw-r--r-- okg4/okg4       182 2026-08-18 20:45 watermelon-server-0.1/node_modules/zod/v4/mini/parse.d.ts
-rw-r--r-- okg4/okg4      1311 2026-08-18 20:45 watermelon-server-0.1/node_modules/zod/v4/mini/iso.js
-rw-r--r-- okg4/okg4       676 2026-08-18 20:45 watermelon-server-0.1/node_modules/zod/v4/mini/checks.d.ts
-rw-r--r-- okg4/okg4       183 2026-08-18 20:45 watermelon-server-0.1/node_modules/zod/v4/mini/parse.d.cts
-rw-r--r-- okg4/okg4       777 2026-08-18 20:45 watermelon-server-0.1/node_modules/zod/v4/mini/external.d.cts
-rw-r--r-- okg4/okg4      1255 2026-08-18 20:45 watermelon-server-0.1/node_modules/zod/v4/mini/iso.d.ts
-rw-r--r-- okg4/okg4       690 2026-08-18 20:45 watermelon-server-0.1/node_modules/zod/v4/mini/coerce.js
-rw-r--r-- okg4/okg4       765 2026-08-18 20:45 watermelon-server-0.1/node_modules/zod/v4/mini/external.d.ts
-rw-r--r-- okg4/okg4     30860 2026-08-18 20:45 watermelon-server-0.1/node_modules/zod/v4/mini/schemas.js
-rw-r--r-- okg4/okg4       127 2026-08-18 20:45 watermelon-server-0.1/node_modules/zod/v4/mini/package.json
-rw-r--r-- okg4/okg4     32717 2026-08-18 20:45 watermelon-server-0.1/node_modules/zod/v4/mini/schemas.d.ts
-rw-r--r-- okg4/okg4      4860 2026-08-18 20:45 watermelon-server-0.1/node_modules/zod/v4/mini/external.cjs
-rw-r--r-- okg4/okg4      1257 2026-08-18 20:45 watermelon-server-0.1/node_modules/zod/v4/mini/iso.d.cts
drwxr-xr-x okg4/okg4         0 2026-08-18 20:45 watermelon-server-0.1/node_modules/zod/v4/core/
-rw-r--r-- okg4/okg4      1631 2026-08-18 20:45 watermelon-server-0.1/node_modules/zod/v4/core/registries.d.ts
-rw-r--r-- okg4/okg4     17442 2026-08-18 20:45 watermelon-server-0.1/node_modules/zod/v4/core/to-json-schema.cjs
-rw-r--r-- okg4/okg4     32832 2026-08-18 20:45 watermelon-server-0.1/node_modules/zod/v4/core/api.d.ts
-rw-r--r-- okg4/okg4      1199 2026-08-18 20:45 watermelon-server-0.1/node_modules/zod/v4/core/doc.cjs
-rw-r--r-- okg4/okg4      3218 2026-08-18 20:45 watermelon-server-0.1/node_modules/zod/v4/core/json-schema-generator.js
-rw-r--r-- okg4/okg4      9078 2026-08-18 20:45 watermelon-server-0.1/node_modules/zod/v4/core/regexes.js
-rw-r--r-- okg4/okg4     20005 2026-08-18 20:45 watermelon-server-0.1/node_modules/zod/v4/core/checks.js
-rw-r--r-- okg4/okg4     12812 2026-08-18 20:45 watermelon-server-0.1/node_modules/zod/v4/core/checks.d.cts
-rw-r--r-- okg4/okg4      3492 2026-08-18 20:45 watermelon-server-0.1/node_modules/zod/v4/core/json-schema-generator.cjs
-rw-r--r-- okg4/okg4      2609 2026-08-18 20:45 watermelon-server-0.1/node_modules/zod/v4/core/index.cjs
-rw-r--r-- okg4/okg4     53024 2026-08-18 20:45 watermelon-server-0.1/node_modules/zod/v4/core/schemas.d.cts
-rw-r--r-- okg4/okg4       610 2026-08-18 20:45 watermelon-server-0.1/node_modules/zod/v4/core/index.d.cts
-rw-r--r-- okg4/okg4     12014 2026-08-18 20:45 watermelon-server-0.1/node_modules/zod/v4/core/util.d.cts
-rw-r--r-- okg4/okg4        77 2026-08-18 20:45 watermelon-server-0.1/node_modules/zod/v4/core/json-schema.cjs
-rw-r--r-- okg4/okg4     17006 2026-08-18 20:45 watermelon-server-0.1/node_modules/zod/v4/core/to-json-schema.js
-rw-r--r-- okg4/okg4     21559 2026-08-18 20:45 watermelon-server-0.1/node_modules/zod/v4/core/checks.cjs
-rw-r--r-- okg4/okg4      1717 2026-08-18 20:45 watermelon-server-0.1/node_modules/zod/v4/core/registries.cjs
-rw-r--r-- okg4/okg4        11 2026-08-18 20:45 watermelon-server-0.1/node_modules/zod/v4/core/standard-schema.js
-rw-r--r-- okg4/okg4      8849 2026-08-18 20:45 watermelon-server-0.1/node_modules/zod/v4/core/errors.d.cts
-rw-r--r-- okg4/okg4      6481 2026-08-18 20:45 watermelon-server-0.1/node_modules/zod/v4/core/parse.cjs
-rw-r--r-- okg4/okg4      4444 2026-08-18 20:45 watermelon-server-0.1/node_modules/zod/v4/core/parse.js
-rw-r--r-- okg4/okg4      7747 2026-08-18 20:45 watermelon-server-0.1/node_modules/zod/v4/core/errors.cjs
-rw-r--r-- okg4/okg4       594 2026-08-18 20:45 watermelon-server-0.1/node_modules/zod/v4/core/index.js
-rw-r--r-- okg4/okg4      2587 2026-08-18 20:45 watermelon-server-0.1/node_modules/zod/v4/core/json-schema-generator.d.cts
-rw-r--r-- okg4/okg4        70 2026-08-18 20:45 watermelon-server-0.1/node_modules/zod/v4/core/versions.js
-rw-r--r-- okg4/okg4      1512 2026-08-18 20:45 watermelon-server-0.1/node_modules/zod/v4/core/registries.js
-rw-r--r-- okg4/okg4      5621 2026-08-18 20:45 watermelon-server-0.1/node_modules/zod/v4/core/to-json-schema.d.ts
-rw-r--r-- okg4/okg4     20716 2026-08-18 20:45 watermelon-server-0.1/node_modules/zod/v4/core/json-schema-processors.js
-rw-r--r-- okg4/okg4        77 2026-08-18 20:45 watermelon-server-0.1/node_modules/zod/v4/core/standard-schema.cjs
-rw-r--r-- okg4/okg4       594 2026-08-18 20:45 watermelon-server-0.1/node_modules/zod/v4/core/index.d.ts
-rw-r--r-- okg4/okg4     85629 2026-08-18 20:45 watermelon-server-0.1/node_modules/zod/v4/core/schemas.cjs
-rw-r--r-- okg4/okg4     31685 2026-08-18 20:45 watermelon-server-0.1/node_modules/zod/v4/core/api.cjs
-rw-r--r-- okg4/okg4      2578 2026-08-18 20:45 watermelon-server-0.1/node_modules/zod/v4/core/core.js
-rw-r--r-- okg4/okg4      5626 2026-08-18 20:45 watermelon-server-0.1/node_modules/zod/v4/core/to-json-schema.d.cts
-rw-r--r-- okg4/okg4      3829 2026-08-18 20:45 watermelon-server-0.1/node_modules/zod/v4/core/parse.d.ts
-rw-r--r-- okg4/okg4       109 2026-08-18 20:45 watermelon-server-0.1/node_modules/zod/v4/core/versions.d.ts
-rw-r--r-- okg4/okg4      2764 2026-08-18 20:45 watermelon-server-0.1/node_modules/zod/v4/core/json-schema.d.ts
-rw-r--r-- okg4/okg4     24338 2026-08-18 20:45 watermelon-server-0.1/node_modules/zod/v4/core/json-schema-processors.cjs
-rw-r--r-- okg4/okg4     12808 2026-08-18 20:45 watermelon-server-0.1/node_modules/zod/v4/core/checks.d.ts
-rw-r--r-- okg4/okg4      3384 2026-08-18 20:45 watermelon-server-0.1/node_modules/zod/v4/core/json-schema-processors.d.cts
-rw-r--r-- okg4/okg4     10964 2026-08-18 20:45 watermelon-server-0.1/node_modules/zod/v4/core/regexes.cjs
-rw-r--r-- okg4/okg4       109 2026-08-18 20:45 watermelon-server-0.1/node_modules/zod/v4/core/versions.d.cts
-rw-r--r-- okg4/okg4      1088 2026-08-18 20:45 watermelon-server-0.1/node_modules/zod/v4/core/doc.js
-rw-r--r-- okg4/okg4      8844 2026-08-18 20:45 watermelon-server-0.1/node_modules/zod/v4/core/errors.d.ts
-rw-r--r-- okg4/okg4       348 2026-08-18 20:45 watermelon-server-0.1/node_modules/zod/v4/core/doc.d.cts
-rw-r--r-- okg4/okg4      3833 2026-08-18 20:45 watermelon-server-0.1/node_modules/zod/v4/core/parse.d.cts
-rw-r--r-- okg4/okg4      6321 2026-08-18 20:45 watermelon-server-0.1/node_modules/zod/v4/core/standard-schema.d.cts
-rw-r--r-- okg4/okg4     12010 2026-08-18 20:45 watermelon-server-0.1/node_modules/zod/v4/core/util.d.ts
-rw-r--r-- okg4/okg4     22018 2026-08-18 20:45 watermelon-server-0.1/node_modules/zod/v4/core/util.js
-rw-r--r-- okg4/okg4      3696 2026-08-18 20:45 watermelon-server-0.1/node_modules/zod/v4/core/regexes.d.cts
-rw-r--r-- okg4/okg4      2583 2026-08-18 20:45 watermelon-server-0.1/node_modules/zod/v4/core/json-schema-generator.d.ts
-rw-r--r-- okg4/okg4     83322 2026-08-18 20:45 watermelon-server-0.1/node_modules/zod/v4/core/schemas.js
-rw-r--r-- okg4/okg4     32838 2026-08-18 20:45 watermelon-server-0.1/node_modules/zod/v4/core/api.d.cts
-rw-r--r-- okg4/okg4      2850 2026-08-18 20:45 watermelon-server-0.1/node_modules/zod/v4/core/core.cjs
-rw-r--r-- okg4/okg4      2764 2026-08-18 20:45 watermelon-server-0.1/node_modules/zod/v4/core/json-schema.d.cts
-rw-r--r-- okg4/okg4      2252 2026-08-18 20:45 watermelon-server-0.1/node_modules/zod/v4/core/core.d.cts
-rw-r--r-- okg4/okg4      3381 2026-08-18 20:45 watermelon-server-0.1/node_modules/zod/v4/core/json-schema-processors.d.ts
-rw-r--r-- okg4/okg4      6321 2026-08-18 20:45 watermelon-server-0.1/node_modules/zod/v4/core/standard-schema.d.ts
-rw-r--r-- okg4/okg4     28054 2026-08-18 20:45 watermelon-server-0.1/node_modules/zod/v4/core/api.js
-rw-r--r-- okg4/okg4        11 2026-08-18 20:45 watermelon-server-0.1/node_modules/zod/v4/core/json-schema.js
-rw-r--r-- okg4/okg4       127 2026-08-18 20:45 watermelon-server-0.1/node_modules/zod/v4/core/package.json
-rw-r--r-- okg4/okg4     53015 2026-08-18 20:45 watermelon-server-0.1/node_modules/zod/v4/core/schemas.d.ts
-rw-r--r-- okg4/okg4      2249 2026-08-18 20:45 watermelon-server-0.1/node_modules/zod/v4/core/core.d.ts
-rw-r--r-- okg4/okg4       348 2026-08-18 20:45 watermelon-server-0.1/node_modules/zod/v4/core/doc.d.ts
-rw-r--r-- okg4/okg4     23884 2026-08-18 20:45 watermelon-server-0.1/node_modules/zod/v4/core/util.cjs
-rw-r--r-- okg4/okg4      1633 2026-08-18 20:45 watermelon-server-0.1/node_modules/zod/v4/core/registries.d.cts
-rw-r--r-- okg4/okg4       168 2026-08-18 20:45 watermelon-server-0.1/node_modules/zod/v4/core/versions.cjs
-rw-r--r-- okg4/okg4      6413 2026-08-18 20:45 watermelon-server-0.1/node_modules/zod/v4/core/errors.js
-rw-r--r-- okg4/okg4      3696 2026-08-18 20:45 watermelon-server-0.1/node_modules/zod/v4/core/regexes.d.ts
-rw-r--r-- okg4/okg4       127 2026-08-18 20:45 watermelon-server-0.1/node_modules/zod/v4/package.json
drwxr-xr-x okg4/okg4         0 2026-08-18 20:45 watermelon-server-0.1/node_modules/zod/v4/locales/
-rw-r--r-- okg4/okg4      4929 2026-08-18 20:45 watermelon-server-0.1/node_modules/zod/v4/locales/ko.js
-rw-r--r-- okg4/okg4       121 2026-08-18 20:45 watermelon-server-0.1/node_modules/zod/v4/locales/ar.d.ts
-rw-r--r-- okg4/okg4       121 2026-08-18 20:45 watermelon-server-0.1/node_modules/zod/v4/locales/nl.d.ts
-rw-r--r-- okg4/okg4       142 2026-08-18 20:45 watermelon-server-0.1/node_modules/zod/v4/locales/fr.d.cts
-rw-r--r-- okg4/okg4       142 2026-08-18 20:45 watermelon-server-0.1/node_modules/zod/v4/locales/is.d.cts
-rw-r--r-- okg4/okg4       142 2026-08-18 20:45 watermelon-server-0.1/node_modules/zod/v4/locales/cs.d.cts
-rw-r--r-- okg4/okg4      7466 2026-08-18 20:45 watermelon-server-0.1/node_modules/zod/v4/locales/th.cjs
-rw-r--r-- okg4/okg4       121 2026-08-18 20:45 watermelon-server-0.1/node_modules/zod/v4/locales/uk.d.ts
-rw-r--r-- okg4/okg4      4804 2026-08-18 20:45 watermelon-server-0.1/node_modules/zod/v4/locales/da.js
-rw-r--r-- okg4/okg4       142 2026-08-18 20:45 watermelon-server-0.1/node_modules/zod/v4/locales/ps.d.cts
-rw-r--r-- okg4/okg4       121 2026-08-18 20:45 watermelon-server-0.1/node_modules/zod/v4/locales/vi.d.ts
-rw-r--r-- okg4/okg4      5430 2026-08-18 20:45 watermelon-server-0.1/node_modules/zod/v4/locales/uk.js
-rw-r--r-- okg4/okg4      5948 2026-08-18 20:45 watermelon-server-0.1/node_modules/zod/v4/locales/cs.cjs
-rw-r--r-- okg4/okg4      4909 2026-08-18 20:45 watermelon-server-0.1/node_modules/zod/v4/locales/ps.js
-rw-r--r-- okg4/okg4       142 2026-08-18 20:45 watermelon-server-0.1/node_modules/zod/v4/locales/az.d.cts
-rw-r--r-- okg4/okg4       121 2026-08-18 20:45 watermelon-server-0.1/node_modules/zod/v4/locales/bg.d.ts
-rw-r--r-- okg4/okg4      4452 2026-08-18 20:45 watermelon-server-0.1/node_modules/zod/v4/locales/zh-CN.js
-rw-r--r-- okg4/okg4       142 2026-08-18 20:45 watermelon-server-0.1/node_modules/zod/v4/locales/el.d.cts
-rw-r--r-- okg4/okg4      4774 2026-08-18 20:45 watermelon-server-0.1/node_modules/zod/v4/locales/ro.js
-rw-r--r-- okg4/okg4       142 2026-08-18 20:45 watermelon-server-0.1/node_modules/zod/v4/locales/fa.d.cts
-rw-r--r-- okg4/okg4       142 2026-08-18 20:45 watermelon-server-0.1/node_modules/zod/v4/locales/ms.d.cts
-rw-r--r-- okg4/okg4       111 2026-08-18 20:45 watermelon-server-0.1/node_modules/zod/v4/locales/ua.js
-rw-r--r-- okg4/okg4      5980 2026-08-18 20:45 watermelon-server-0.1/node_modules/zod/v4/locales/da.cjs
-rw-r--r-- okg4/okg4      5785 2026-08-18 20:45 watermelon-server-0.1/node_modules/zod/v4/locales/bg.js
-rw-r--r-- okg4/okg4       121 2026-08-18 20:45 watermelon-server-0.1/node_modules/zod/v4/locales/ca.d.ts
-rw-r--r-- okg4/okg4       142 2026-08-18 20:45 watermelon-server-0.1/node_modules/zod/v4/locales/id.d.cts
-rw-r--r-- okg4/okg4       121 2026-08-18 20:45 watermelon-server-0.1/node_modules/zod/v4/locales/ur.d.ts
-rw-r--r-- okg4/okg4      9168 2026-08-18 20:45 watermelon-server-0.1/node_modules/zod/v4/locales/index.cjs
-rw-r--r-- okg4/okg4       142 2026-08-18 20:45 watermelon-server-0.1/node_modules/zod/v4/locales/ka.d.cts
-rw-r--r-- okg4/okg4      7545 2026-08-18 20:45 watermelon-server-0.1/node_modules/zod/v4/locales/ta.cjs
-rw-r--r-- okg4/okg4      2201 2026-08-18 20:45 watermelon-server-0.1/node_modules/zod/v4/locales/index.d.cts
-rw-r--r-- okg4/okg4       121 2026-08-18 20:45 watermelon-server-0.1/node_modules/zod/v4/locales/hy.d.ts
-rw-r--r-- okg4/okg4      4818 2026-08-18 20:45 watermelon-server-0.1/node_modules/zod/v4/locales/fi.js
-rw-r--r-- okg4/okg4       142 2026-08-18 20:45 watermelon-server-0.1/node_modules/zod/v4/locales/bg.d.cts
-rw-r--r-- okg4/okg4       142 2026-08-18 20:45 watermelon-server-0.1/node_modules/zod/v4/locales/pl.d.cts
-rw-r--r-- okg4/okg4       142 2026-08-18 20:45 watermelon-server-0.1/node_modules/zod/v4/locales/vi.d.cts
-rw-r--r-- okg4/okg4       142 2026-08-18 20:45 watermelon-server-0.1/node_modules/zod/v4/locales/lt.d.cts
-rw-r--r-- okg4/okg4      4554 2026-08-18 20:45 watermelon-server-0.1/node_modules/zod/v4/locales/fr-CA.js
-rw-r--r-- okg4/okg4      4635 2026-08-18 20:45 watermelon-server-0.1/node_modules/zod/v4/locales/is.js
-rw-r--r-- okg4/okg4      6447 2026-08-18 20:45 watermelon-server-0.1/node_modules/zod/v4/locales/ur.cjs
-rw-r--r-- okg4/okg4       121 2026-08-18 20:45 watermelon-server-0.1/node_modules/zod/v4/locales/zh-TW.d.ts
-rw-r--r-- okg4/okg4      7795 2026-08-18 20:45 watermelon-server-0.1/node_modules/zod/v4/locales/be.cjs
-rw-r--r-- okg4/okg4      6720 2026-08-18 20:45 watermelon-server-0.1/node_modules/zod/v4/locales/el.cjs
-rw-r--r-- okg4/okg4       142 2026-08-18 20:45 watermelon-server-0.1/node_modules/zod/v4/locales/sl.d.cts
-rw-r--r-- okg4/okg4       121 2026-08-18 20:45 watermelon-server-0.1/node_modules/zod/v4/locales/yo.d.ts
-rw-r--r-- okg4/okg4       121 2026-08-18 20:45 watermelon-server-0.1/node_modules/zod/v4/locales/de.d.ts
-rw-r--r-- okg4/okg4       142 2026-08-18 20:45 watermelon-server-0.1/node_modules/zod/v4/locales/pt.d.cts
-rw-r--r-- okg4/okg4       142 2026-08-18 20:45 watermelon-server-0.1/node_modules/zod/v4/locales/en.d.cts
-rw-r--r-- okg4/okg4      5674 2026-08-18 20:45 watermelon-server-0.1/node_modules/zod/v4/locales/zh-TW.cjs
-rw-r--r-- okg4/okg4      6390 2026-08-18 20:45 watermelon-server-0.1/node_modules/zod/v4/locales/hy.js
-rw-r--r-- okg4/okg4       121 2026-08-18 20:45 watermelon-server-0.1/node_modules/zod/v4/locales/lt.d.ts
-rw-r--r-- okg4/okg4      2149 2026-08-18 20:45 watermelon-server-0.1/node_modules/zod/v4/locales/index.js
-rw-r--r-- okg4/okg4       142 2026-08-18 20:45 watermelon-server-0.1/node_modules/zod/v4/locales/ko.d.cts
-rw-r--r-- okg4/okg4      5839 2026-08-18 20:45 watermelon-server-0.1/node_modules/zod/v4/locales/sv.cjs
-rw-r--r-- okg4/okg4      5938 2026-08-18 20:45 watermelon-server-0.1/node_modules/zod/v4/locales/nl.cjs
-rw-r--r-- okg4/okg4      5743 2026-08-18 20:45 watermelon-server-0.1/node_modules/zod/v4/locales/sl.cjs
-rw-r--r-- okg4/okg4       142 2026-08-18 20:45 watermelon-server-0.1/node_modules/zod/v4/locales/fr-CA.d.cts
-rw-r--r-- okg4/okg4      5950 2026-08-18 20:45 watermelon-server-0.1/node_modules/zod/v4/locales/ro.cjs
-rw-r--r-- okg4/okg4       142 2026-08-18 20:45 watermelon-server-0.1/node_modules/zod/v4/locales/ua.d.cts
-rw-r--r-- okg4/okg4       142 2026-08-18 20:45 watermelon-server-0.1/node_modules/zod/v4/locales/ca.d.cts
-rw-r--r-- okg4/okg4      7566 2026-08-18 20:45 watermelon-server-0.1/node_modules/zod/v4/locales/hy.cjs
-rw-r--r-- okg4/okg4      5948 2026-08-18 20:45 watermelon-server-0.1/node_modules/zod/v4/locales/vi.cjs
-rw-r--r-- okg4/okg4      6142 2026-08-18 20:45 watermelon-server-0.1/node_modules/zod/v4/locales/pl.cjs
-rw-r--r-- okg4/okg4      6364 2026-08-18 20:45 watermelon-server-0.1/node_modules/zod/v4/locales/ar.cjs
-rw-r--r-- okg4/okg4       430 2026-08-18 20:45 watermelon-server-0.1/node_modules/zod/v4/locales/ua.cjs
-rw-r--r-- okg4/okg4      4525 2026-08-18 20:45 watermelon-server-0.1/node_modules/zod/v4/locales/ota.js
-rw-r--r-- okg4/okg4      6714 2026-08-18 20:45 watermelon-server-0.1/node_modules/zod/v4/locales/ru.js
-rw-r--r-- okg4/okg4       430 2026-08-18 20:45 watermelon-server-0.1/node_modules/zod/v4/locales/kh.cjs
-rw-r--r-- okg4/okg4       121 2026-08-18 20:45 watermelon-server-0.1/node_modules/zod/v4/locales/th.d.ts
-rw-r--r-- okg4/okg4      5764 2026-08-18 20:45 watermelon-server-0.1/node_modules/zod/v4/locales/de.cjs
-rw-r--r-- okg4/okg4      4568 2026-08-18 20:45 watermelon-server-0.1/node_modules/zod/v4/locales/pt.js
-rw-r--r-- okg4/okg4      4710 2026-08-18 20:45 watermelon-server-0.1/node_modules/zod/v4/locales/ca.js
-rw-r--r-- okg4/okg4      6242 2026-08-18 20:45 watermelon-server-0.1/node_modules/zod/v4/locales/km.js
-rw-r--r-- okg4/okg4       142 2026-08-18 20:45 watermelon-server-0.1/node_modules/zod/v4/locales/no.d.cts
-rw-r--r-- okg4/okg4       121 2026-08-18 20:45 watermelon-server-0.1/node_modules/zod/v4/locales/fr.d.ts
-rw-r--r-- okg4/okg4       142 2026-08-18 20:45 watermelon-server-0.1/node_modules/zod/v4/locales/uk.d.cts
-rw-r--r-- okg4/okg4      6619 2026-08-18 20:45 watermelon-server-0.1/node_modules/zod/v4/locales/be.js
-rw-r--r-- okg4/okg4      2149 2026-08-18 20:45 watermelon-server-0.1/node_modules/zod/v4/locales/index.d.ts
-rw-r--r-- okg4/okg4       142 2026-08-18 20:45 watermelon-server-0.1/node_modules/zod/v4/locales/tr.d.cts
-rw-r--r-- okg4/okg4      4511 2026-08-18 20:45 watermelon-server-0.1/node_modules/zod/v4/locales/az.js
-rw-r--r-- okg4/okg4       121 2026-08-18 20:45 watermelon-server-0.1/node_modules/zod/v4/locales/fa.d.ts
-rw-r--r-- okg4/okg4       142 2026-08-18 20:45 watermelon-server-0.1/node_modules/zod/v4/locales/uz.d.cts
-rw-r--r-- okg4/okg4       121 2026-08-18 20:45 watermelon-server-0.1/node_modules/zod/v4/locales/ka.d.ts
-rw-r--r-- okg4/okg4       121 2026-08-18 20:45 watermelon-server-0.1/node_modules/zod/v4/locales/ja.d.ts
-rw-r--r-- okg4/okg4       142 2026-08-18 20:45 watermelon-server-0.1/node_modules/zod/v4/locales/de.d.cts
-rw-r--r-- okg4/okg4       121 2026-08-18 20:45 watermelon-server-0.1/node_modules/zod/v4/locales/pt.d.ts
-rw-r--r-- okg4/okg4       121 2026-08-18 20:45 watermelon-server-0.1/node_modules/zod/v4/locales/is.d.ts
-rw-r--r-- okg4/okg4       142 2026-08-18 20:45 watermelon-server-0.1/node_modules/zod/v4/locales/ar.d.cts
-rw-r--r-- okg4/okg4       142 2026-08-18 20:45 watermelon-server-0.1/node_modules/zod/v4/locales/km.d.cts
-rw-r--r-- okg4/okg4      6027 2026-08-18 20:45 watermelon-server-0.1/node_modules/zod/v4/locales/ja.cjs
-rw-r--r-- okg4/okg4       121 2026-08-18 20:45 watermelon-server-0.1/node_modules/zod/v4/locales/el.d.ts
-rw-r--r-- okg4/okg4       142 2026-08-18 20:45 watermelon-server-0.1/node_modules/zod/v4/locales/hy.d.cts
-rw-r--r-- okg4/okg4      5730 2026-08-18 20:45 watermelon-server-0.1/node_modules/zod/v4/locales/fr-CA.cjs
-rw-r--r-- okg4/okg4      4498 2026-08-18 20:45 watermelon-server-0.1/node_modules/zod/v4/locales/zh-TW.js
-rw-r--r-- okg4/okg4      4567 2026-08-18 20:45 watermelon-server-0.1/node_modules/zod/v4/locales/sl.js
-rw-r--r-- okg4/okg4       142 2026-08-18 20:45 watermelon-server-0.1/node_modules/zod/v4/locales/ur.d.cts
-rw-r--r-- okg4/okg4       121 2026-08-18 20:45 watermelon-server-0.1/node_modules/zod/v4/locales/he.d.ts
-rw-r--r-- okg4/okg4      5188 2026-08-18 20:45 watermelon-server-0.1/node_modules/zod/v4/locales/ar.js
-rw-r--r-- okg4/okg4      4966 2026-08-18 20:45 watermelon-server-0.1/node_modules/zod/v4/locales/pl.js
-rw-r--r-- okg4/okg4       121 2026-08-18 20:45 watermelon-server-0.1/node_modules/zod/v4/locales/ru.d.ts
-rw-r--r-- okg4/okg4      4603 2026-08-18 20:45 watermelon-server-0.1/node_modules/zod/v4/locales/eo.js
-rw-r--r-- okg4/okg4       142 2026-08-18 20:45 watermelon-server-0.1/node_modules/zod/v4/locales/nl.d.cts
-rw-r--r-- okg4/okg4      4582 2026-08-18 20:45 watermelon-server-0.1/node_modules/zod/v4/locales/it.js
-rw-r--r-- okg4/okg4      5981 2026-08-18 20:45 watermelon-server-0.1/node_modules/zod/v4/locales/en.cjs
-rw-r--r-- okg4/okg4      5271 2026-08-18 20:45 watermelon-server-0.1/node_modules/zod/v4/locales/ur.js
-rw-r--r-- okg4/okg4      6606 2026-08-18 20:45 watermelon-server-0.1/node_modules/zod/v4/locales/uk.cjs
-rw-r--r-- okg4/okg4      7890 2026-08-18 20:45 watermelon-server-0.1/node_modules/zod/v4/locales/ru.cjs
-rw-r--r-- okg4/okg4       121 2026-08-18 20:45 watermelon-server-0.1/node_modules/zod/v4/locales/ro.d.ts
-rw-r--r-- okg4/okg4      6290 2026-08-18 20:45 watermelon-server-0.1/node_modules/zod/v4/locales/th.js
-rw-r--r-- okg4/okg4       121 2026-08-18 20:45 watermelon-server-0.1/node_modules/zod/v4/locales/zh-CN.d.ts
-rw-r--r-- okg4/okg4      5744 2026-08-18 20:45 watermelon-server-0.1/node_modules/zod/v4/locales/pt.cjs
-rw-r--r-- okg4/okg4       158 2026-08-18 20:45 watermelon-server-0.1/node_modules/zod/v4/locales/ua.d.ts
-rw-r--r-- okg4/okg4      4805 2026-08-18 20:45 watermelon-server-0.1/node_modules/zod/v4/locales/en.js
-rw-r--r-- okg4/okg4       142 2026-08-18 20:45 watermelon-server-0.1/node_modules/zod/v4/locales/eo.d.cts
-rw-r--r-- okg4/okg4      6105 2026-08-18 20:45 watermelon-server-0.1/node_modules/zod/v4/locales/ko.cjs
-rw-r--r-- okg4/okg4      6085 2026-08-18 20:45 watermelon-server-0.1/node_modules/zod/v4/locales/ps.cjs
-rw-r--r-- okg4/okg4      4772 2026-08-18 20:45 watermelon-server-0.1/node_modules/zod/v4/locales/vi.js
-rw-r--r-- okg4/okg4      4762 2026-08-18 20:45 watermelon-server-0.1/node_modules/zod/v4/locales/nl.js
-rw-r--r-- okg4/okg4      6307 2026-08-18 20:45 watermelon-server-0.1/node_modules/zod/v4/locales/fa.cjs
-rw-r--r-- okg4/okg4      6228 2026-08-18 20:45 watermelon-server-0.1/node_modules/zod/v4/locales/hr.cjs
-rw-r--r-- okg4/okg4      5994 2026-08-18 20:45 watermelon-server-0.1/node_modules/zod/v4/locales/fi.cjs
-rw-r--r-- okg4/okg4      5886 2026-08-18 20:45 watermelon-server-0.1/node_modules/zod/v4/locales/ca.cjs
-rw-r--r-- okg4/okg4      9258 2026-08-18 20:45 watermelon-server-0.1/node_modules/zod/v4/locales/lt.cjs
-rw-r--r-- okg4/okg4       121 2026-08-18 20:45 watermelon-server-0.1/node_modules/zod/v4/locales/ta.d.ts
-rw-r--r-- okg4/okg4       121 2026-08-18 20:45 watermelon-server-0.1/node_modules/zod/v4/locales/ko.d.ts
-rw-r--r-- okg4/okg4      5628 2026-08-18 20:45 watermelon-server-0.1/node_modules/zod/v4/locales/zh-CN.cjs
-rw-r--r-- okg4/okg4       121 2026-08-18 20:45 watermelon-server-0.1/node_modules/zod/v4/locales/mk.d.ts
-rw-r--r-- okg4/okg4       121 2026-08-18 20:45 watermelon-server-0.1/node_modules/zod/v4/locales/fi.d.ts
-rw-r--r-- okg4/okg4       158 2026-08-18 20:45 watermelon-server-0.1/node_modules/zod/v4/locales/kh.d.ts
-rw-r--r-- okg4/okg4      5841 2026-08-18 20:45 watermelon-server-0.1/node_modules/zod/v4/locales/yo.cjs
-rw-r--r-- okg4/okg4      4588 2026-08-18 20:45 watermelon-server-0.1/node_modules/zod/v4/locales/de.js
-rw-r--r-- okg4/okg4       111 2026-08-18 20:45 watermelon-server-0.1/node_modules/zod/v4/locales/kh.js
-rw-r--r-- okg4/okg4      5701 2026-08-18 20:45 watermelon-server-0.1/node_modules/zod/v4/locales/ota.cjs
-rw-r--r-- okg4/okg4       121 2026-08-18 20:45 watermelon-server-0.1/node_modules/zod/v4/locales/ps.d.ts
-rw-r--r-- okg4/okg4       121 2026-08-18 20:45 watermelon-server-0.1/node_modules/zod/v4/locales/be.d.ts
-rw-r--r-- okg4/okg4      6369 2026-08-18 20:45 watermelon-server-0.1/node_modules/zod/v4/locales/ta.js
-rw-r--r-- okg4/okg4       142 2026-08-18 20:45 watermelon-server-0.1/node_modules/zod/v4/locales/sv.d.cts
-rw-r--r-- okg4/okg4      8082 2026-08-18 20:45 watermelon-server-0.1/node_modules/zod/v4/locales/lt.js
-rw-r--r-- okg4/okg4       121 2026-08-18 20:45 watermelon-server-0.1/node_modules/zod/v4/locales/eo.d.ts
-rw-r--r-- okg4/okg4      5667 2026-08-18 20:45 watermelon-server-0.1/node_modules/zod/v4/locales/ms.cjs
-rw-r--r-- okg4/okg4      6615 2026-08-18 20:45 watermelon-server-0.1/node_modules/zod/v4/locales/es.cjs
-rw-r--r-- okg4/okg4       121 2026-08-18 20:45 watermelon-server-0.1/node_modules/zod/v4/locales/cs.d.ts
-rw-r--r-- okg4/okg4      7378 2026-08-18 20:45 watermelon-server-0.1/node_modules/zod/v4/locales/ka.cjs
-rw-r--r-- okg4/okg4       121 2026-08-18 20:45 watermelon-server-0.1/node_modules/zod/v4/locales/es.d.ts
-rw-r--r-- okg4/okg4       121 2026-08-18 20:45 watermelon-server-0.1/node_modules/zod/v4/locales/it.d.ts
-rw-r--r-- okg4/okg4       142 2026-08-18 20:45 watermelon-server-0.1/node_modules/zod/v4/locales/ota.d.cts
-rw-r--r-- okg4/okg4       142 2026-08-18 20:45 watermelon-server-0.1/node_modules/zod/v4/locales/hu.d.cts
-rw-r--r-- okg4/okg4       121 2026-08-18 20:45 watermelon-server-0.1/node_modules/zod/v4/locales/ms.d.ts
-rw-r--r-- okg4/okg4      6313 2026-08-18 20:45 watermelon-server-0.1/node_modules/zod/v4/locales/fr.cjs
-rw-r--r-- okg4/okg4       142 2026-08-18 20:45 watermelon-server-0.1/node_modules/zod/v4/locales/be.d.cts
-rw-r--r-- okg4/okg4      6333 2026-08-18 20:45 watermelon-server-0.1/node_modules/zod/v4/locales/mk.cjs
-rw-r--r-- okg4/okg4      4577 2026-08-18 20:45 watermelon-server-0.1/node_modules/zod/v4/locales/id.js
-rw-r--r-- okg4/okg4      5137 2026-08-18 20:45 watermelon-server-0.1/node_modules/zod/v4/locales/fr.js
-rw-r--r-- okg4/okg4       121 2026-08-18 20:45 watermelon-server-0.1/node_modules/zod/v4/locales/fr-CA.d.ts
-rw-r--r-- okg4/okg4       142 2026-08-18 20:45 watermelon-server-0.1/node_modules/zod/v4/locales/it.d.cts
-rw-r--r-- okg4/okg4      5052 2026-08-18 20:45 watermelon-server-0.1/node_modules/zod/v4/locales/hr.js
-rw-r--r-- okg4/okg4       142 2026-08-18 20:45 watermelon-server-0.1/node_modules/zod/v4/locales/zh-TW.d.cts
-rw-r--r-- okg4/okg4       121 2026-08-18 20:45 watermelon-server-0.1/node_modules/zod/v4/locales/az.d.ts
-rw-r--r-- okg4/okg4      4491 2026-08-18 20:45 watermelon-server-0.1/node_modules/zod/v4/locales/ms.js
-rw-r--r-- okg4/okg4      5753 2026-08-18 20:45 watermelon-server-0.1/node_modules/zod/v4/locales/id.cjs
-rw-r--r-- okg4/okg4       142 2026-08-18 20:45 watermelon-server-0.1/node_modules/zod/v4/locales/ru.d.cts
-rw-r--r-- okg4/okg4      5687 2026-08-18 20:45 watermelon-server-0.1/node_modules/zod/v4/locales/az.cjs
-rw-r--r-- okg4/okg4       142 2026-08-18 20:45 watermelon-server-0.1/node_modules/zod/v4/locales/ta.d.cts
-rw-r--r-- okg4/okg4      5131 2026-08-18 20:45 watermelon-server-0.1/node_modules/zod/v4/locales/fa.js
-rw-r--r-- okg4/okg4       142 2026-08-18 20:45 watermelon-server-0.1/node_modules/zod/v4/locales/hr.d.cts
-rw-r--r-- okg4/okg4       142 2026-08-18 20:45 watermelon-server-0.1/node_modules/zod/v4/locales/th.d.cts
-rw-r--r-- okg4/okg4       121 2026-08-18 20:45 watermelon-server-0.1/node_modules/zod/v4/locales/en.d.ts
-rw-r--r-- okg4/okg4       121 2026-08-18 20:45 watermelon-server-0.1/node_modules/zod/v4/locales/no.d.ts
-rw-r--r-- okg4/okg4      7418 2026-08-18 20:45 watermelon-server-0.1/node_modules/zod/v4/locales/km.cjs
-rw-r--r-- okg4/okg4      5779 2026-08-18 20:45 watermelon-server-0.1/node_modules/zod/v4/locales/eo.cjs
-rw-r--r-- okg4/okg4     12005 2026-08-18 20:45 watermelon-server-0.1/node_modules/zod/v4/locales/he.js
-rw-r--r-- okg4/okg4      4739 2026-08-18 20:45 watermelon-server-0.1/node_modules/zod/v4/locales/uz.js
-rw-r--r-- okg4/okg4      4665 2026-08-18 20:45 watermelon-server-0.1/node_modules/zod/v4/locales/yo.js
-rw-r--r-- okg4/okg4      6961 2026-08-18 20:45 watermelon-server-0.1/node_modules/zod/v4/locales/bg.cjs
-rw-r--r-- okg4/okg4       121 2026-08-18 20:45 watermelon-server-0.1/node_modules/zod/v4/locales/ota.d.ts
-rw-r--r-- okg4/okg4       142 2026-08-18 20:45 watermelon-server-0.1/node_modules/zod/v4/locales/ja.d.cts
-rw-r--r-- okg4/okg4      5811 2026-08-18 20:45 watermelon-server-0.1/node_modules/zod/v4/locales/is.cjs
-rw-r--r-- okg4/okg4       121 2026-08-18 20:45 watermelon-server-0.1/node_modules/zod/v4/locales/sv.d.ts
-rw-r--r-- okg4/okg4       121 2026-08-18 20:45 watermelon-server-0.1/node_modules/zod/v4/locales/km.d.ts
-rw-r--r-- okg4/okg4      5157 2026-08-18 20:45 watermelon-server-0.1/node_modules/zod/v4/locales/mk.js
-rw-r--r-- okg4/okg4       121 2026-08-18 20:45 watermelon-server-0.1/node_modules/zod/v4/locales/pl.d.ts
-rw-r--r-- okg4/okg4      5439 2026-08-18 20:45 watermelon-server-0.1/node_modules/zod/v4/locales/es.js
-rw-r--r-- okg4/okg4       142 2026-08-18 20:45 watermelon-server-0.1/node_modules/zod/v4/locales/kh.d.cts
-rw-r--r-- okg4/okg4      5872 2026-08-18 20:45 watermelon-server-0.1/node_modules/zod/v4/locales/hu.cjs
-rw-r--r-- okg4/okg4       121 2026-08-18 20:45 watermelon-server-0.1/node_modules/zod/v4/locales/da.d.ts
-rw-r--r-- okg4/okg4      5682 2026-08-18 20:45 watermelon-server-0.1/node_modules/zod/v4/locales/no.cjs
-rw-r--r-- okg4/okg4       142 2026-08-18 20:45 watermelon-server-0.1/node_modules/zod/v4/locales/yo.d.cts
-rw-r--r-- okg4/okg4      5544 2026-08-18 20:45 watermelon-server-0.1/node_modules/zod/v4/locales/el.js
-rw-r--r-- okg4/okg4     13181 2026-08-18 20:45 watermelon-server-0.1/node_modules/zod/v4/locales/he.cjs
-rw-r--r-- okg4/okg4       121 2026-08-18 20:45 watermelon-server-0.1/node_modules/zod/v4/locales/id.d.ts
-rw-r--r-- okg4/okg4      5758 2026-08-18 20:45 watermelon-server-0.1/node_modules/zod/v4/locales/it.cjs
-rw-r--r-- okg4/okg4      4696 2026-08-18 20:45 watermelon-server-0.1/node_modules/zod/v4/locales/hu.js
-rw-r--r-- okg4/okg4       121 2026-08-18 20:45 watermelon-server-0.1/node_modules/zod/v4/locales/hu.d.ts
-rw-r--r-- okg4/okg4      4506 2026-08-18 20:45 watermelon-server-0.1/node_modules/zod/v4/locales/no.js
-rw-r--r-- okg4/okg4       127 2026-08-18 20:45 watermelon-server-0.1/node_modules/zod/v4/locales/package.json
-rw-r--r-- okg4/okg4       142 2026-08-18 20:45 watermelon-server-0.1/node_modules/zod/v4/locales/mk.d.cts
-rw-r--r-- okg4/okg4      5915 2026-08-18 20:45 watermelon-server-0.1/node_modules/zod/v4/locales/uz.cjs
-rw-r--r-- okg4/okg4       121 2026-08-18 20:45 watermelon-server-0.1/node_modules/zod/v4/locales/hr.d.ts
-rw-r--r-- okg4/okg4      5630 2026-08-18 20:45 watermelon-server-0.1/node_modules/zod/v4/locales/tr.cjs
-rw-r--r-- okg4/okg4      4851 2026-08-18 20:45 watermelon-server-0.1/node_modules/zod/v4/locales/ja.js
-rw-r--r-- okg4/okg4       142 2026-08-18 20:45 watermelon-server-0.1/node_modules/zod/v4/locales/ro.d.cts
-rw-r--r-- okg4/okg4       121 2026-08-18 20:45 watermelon-server-0.1/node_modules/zod/v4/locales/sl.d.ts
-rw-r--r-- okg4/okg4       142 2026-08-18 20:45 watermelon-server-0.1/node_modules/zod/v4/locales/zh-CN.d.cts
-rw-r--r-- okg4/okg4       121 2026-08-18 20:45 watermelon-server-0.1/node_modules/zod/v4/locales/uz.d.ts
-rw-r--r-- okg4/okg4      4454 2026-08-18 20:45 watermelon-server-0.1/node_modules/zod/v4/locales/tr.js
-rw-r--r-- okg4/okg4       142 2026-08-18 20:45 watermelon-server-0.1/node_modules/zod/v4/locales/fi.d.cts
-rw-r--r-- okg4/okg4      4772 2026-08-18 20:45 watermelon-server-0.1/node_modules/zod/v4/locales/cs.js
-rw-r--r-- okg4/okg4      6202 2026-08-18 20:45 watermelon-server-0.1/node_modules/zod/v4/locales/ka.js
-rw-r--r-- okg4/okg4       142 2026-08-18 20:45 watermelon-server-0.1/node_modules/zod/v4/locales/es.d.cts
-rw-r--r-- okg4/okg4       142 2026-08-18 20:45 watermelon-server-0.1/node_modules/zod/v4/locales/da.d.cts
-rw-r--r-- okg4/okg4      4663 2026-08-18 20:45 watermelon-server-0.1/node_modules/zod/v4/locales/sv.js
-rw-r--r-- okg4/okg4       121 2026-08-18 20:45 watermelon-server-0.1/node_modules/zod/v4/locales/tr.d.ts
-rw-r--r-- okg4/okg4       142 2026-08-18 20:45 watermelon-server-0.1/node_modules/zod/v4/locales/he.d.cts
drwxr-xr-x okg4/okg4         0 2026-08-18 20:45 watermelon-server-0.1/node_modules/zod/v4/classic/
-rw-r--r-- okg4/okg4       907 2026-08-18 20:45 watermelon-server-0.1/node_modules/zod/v4/classic/external.js
-rw-r--r-- okg4/okg4      1772 2026-08-18 20:45 watermelon-server-0.1/node_modules/zod/v4/classic/coerce.cjs
-rw-r--r-- okg4/okg4       663 2026-08-18 20:45 watermelon-server-0.1/node_modules/zod/v4/classic/checks.js
-rw-r--r-- okg4/okg4       702 2026-08-18 20:45 watermelon-server-0.1/node_modules/zod/v4/classic/checks.d.cts
-rw-r--r-- okg4/okg4      1464 2026-08-18 20:45 watermelon-server-0.1/node_modules/zod/v4/classic/index.cjs
-rw-r--r-- okg4/okg4     48774 2026-08-18 20:45 watermelon-server-0.1/node_modules/zod/v4/classic/schemas.d.cts
-rw-r--r-- okg4/okg4       101 2026-08-18 20:45 watermelon-server-0.1/node_modules/zod/v4/classic/index.d.cts
-rw-r--r-- okg4/okg4      1149 2026-08-18 20:45 watermelon-server-0.1/node_modules/zod/v4/classic/coerce.d.cts
-rw-r--r-- okg4/okg4      4016 2026-08-18 20:45 watermelon-server-0.1/node_modules/zod/v4/classic/checks.cjs
-rw-r--r-- okg4/okg4      1623 2026-08-18 20:45 watermelon-server-0.1/node_modules/zod/v4/classic/errors.d.cts
-rw-r--r-- okg4/okg4      2271 2026-08-18 20:45 watermelon-server-0.1/node_modules/zod/v4/classic/parse.cjs
-rw-r--r-- okg4/okg4       997 2026-08-18 20:45 watermelon-server-0.1/node_modules/zod/v4/classic/parse.js
-rw-r--r-- okg4/okg4      2769 2026-08-18 20:45 watermelon-server-0.1/node_modules/zod/v4/classic/errors.cjs
-rw-r--r-- okg4/okg4      1090 2026-08-18 20:45 watermelon-server-0.1/node_modules/zod/v4/classic/compat.js
-rw-r--r-- okg4/okg4        99 2026-08-18 20:45 watermelon-server-0.1/node_modules/zod/v4/classic/index.js
-rw-r--r-- okg4/okg4     25363 2026-08-18 20:45 watermelon-server-0.1/node_modules/zod/v4/classic/from-json-schema.cjs
-rw-r--r-- okg4/okg4        99 2026-08-18 20:45 watermelon-server-0.1/node_modules/zod/v4/classic/index.d.ts
-rw-r--r-- okg4/okg4     56344 2026-08-18 20:45 watermelon-server-0.1/node_modules/zod/v4/classic/schemas.cjs
-rw-r--r-- okg4/okg4      1147 2026-08-18 20:45 watermelon-server-0.1/node_modules/zod/v4/classic/coerce.d.ts
-rw-r--r-- okg4/okg4      2413 2026-08-18 20:45 watermelon-server-0.1/node_modules/zod/v4/classic/iso.cjs
-rw-r--r-- okg4/okg4       624 2026-08-18 20:45 watermelon-server-0.1/node_modules/zod/v4/classic/from-json-schema.d.ts
-rw-r--r-- okg4/okg4      2509 2026-08-18 20:45 watermelon-server-0.1/node_modules/zod/v4/classic/parse.d.ts
-rw-r--r-- okg4/okg4       627 2026-08-18 20:45 watermelon-server-0.1/node_modules/zod/v4/classic/from-json-schema.d.cts
-rw-r--r-- okg4/okg4      1151 2026-08-18 20:45 watermelon-server-0.1/node_modules/zod/v4/classic/iso.js
-rw-r--r-- okg4/okg4       701 2026-08-18 20:45 watermelon-server-0.1/node_modules/zod/v4/classic/checks.d.ts
-rw-r--r-- okg4/okg4      2602 2026-08-18 20:45 watermelon-server-0.1/node_modules/zod/v4/classic/compat.cjs
-rw-r--r-- okg4/okg4     24161 2026-08-18 20:45 watermelon-server-0.1/node_modules/zod/v4/classic/from-json-schema.js
-rw-r--r-- okg4/okg4      1620 2026-08-18 20:45 watermelon-server-0.1/node_modules/zod/v4/classic/errors.d.ts
-rw-r--r-- okg4/okg4      2511 2026-08-18 20:45 watermelon-server-0.1/node_modules/zod/v4/classic/parse.d.cts
-rw-r--r-- okg4/okg4       976 2026-08-18 20:45 watermelon-server-0.1/node_modules/zod/v4/classic/external.d.cts
-rw-r--r-- okg4/okg4      1135 2026-08-18 20:45 watermelon-server-0.1/node_modules/zod/v4/classic/iso.d.ts
-rw-r--r-- okg4/okg4       550 2026-08-18 20:45 watermelon-server-0.1/node_modules/zod/v4/classic/coerce.js
-rw-r--r-- okg4/okg4       960 2026-08-18 20:45 watermelon-server-0.1/node_modules/zod/v4/classic/external.d.ts
-rw-r--r-- okg4/okg4     51378 2026-08-18 20:45 watermelon-server-0.1/node_modules/zod/v4/classic/schemas.js
-rw-r--r-- okg4/okg4      2199 2026-08-18 20:45 watermelon-server-0.1/node_modules/zod/v4/classic/compat.d.ts
-rw-r--r-- okg4/okg4       127 2026-08-18 20:45 watermelon-server-0.1/node_modules/zod/v4/classic/package.json
-rw-r--r-- okg4/okg4     48770 2026-08-18 20:45 watermelon-server-0.1/node_modules/zod/v4/classic/schemas.d.ts
-rw-r--r-- okg4/okg4      2203 2026-08-18 20:45 watermelon-server-0.1/node_modules/zod/v4/classic/compat.d.cts
-rw-r--r-- okg4/okg4      5444 2026-08-18 20:45 watermelon-server-0.1/node_modules/zod/v4/classic/external.cjs
-rw-r--r-- okg4/okg4      1137 2026-08-18 20:45 watermelon-server-0.1/node_modules/zod/v4/classic/iso.d.cts
-rw-r--r-- okg4/okg4      1609 2026-08-18 20:45 watermelon-server-0.1/node_modules/zod/v4/classic/errors.js
drwxr-xr-x okg4/okg4         0 2026-08-18 20:45 watermelon-server-0.1/node_modules/zod/locales/
-rw-r--r-- okg4/okg4       816 2026-08-18 20:45 watermelon-server-0.1/node_modules/zod/locales/index.cjs
-rw-r--r-- okg4/okg4        41 2026-08-18 20:45 watermelon-server-0.1/node_modules/zod/locales/index.d.cts
-rw-r--r-- okg4/okg4        40 2026-08-18 20:45 watermelon-server-0.1/node_modules/zod/locales/index.js
-rw-r--r-- okg4/okg4        40 2026-08-18 20:45 watermelon-server-0.1/node_modules/zod/locales/index.d.ts
-rw-r--r-- okg4/okg4       127 2026-08-18 20:45 watermelon-server-0.1/node_modules/zod/locales/package.json
drwxr-xr-x okg4/okg4         0 2026-08-18 20:45 watermelon-server-0.1/node_modules/drizzle-orm/
drwxr-xr-x okg4/okg4         0 2026-08-18 20:45 watermelon-server-0.1/node_modules/drizzle-orm/singlestore-core/
-rw-r--r-- okg4/okg4        59 2026-08-18 20:45 watermelon-server-0.1/node_modules/drizzle-orm/singlestore-core/view-common.d.ts
-rw-r--r-- okg4/okg4      9469 2026-08-18 20:45 watermelon-server-0.1/node_modules/drizzle-orm/singlestore-core/view.js.map
-rw-r--r-- okg4/okg4      5700 2026-08-18 20:45 watermelon-server-0.1/node_modules/drizzle-orm/singlestore-core/session.cjs
-rw-r--r-- okg4/okg4       784 2026-08-18 20:45 watermelon-server-0.1/node_modules/drizzle-orm/singlestore-core/utils.d.cts
-rw-r--r-- okg4/okg4      2382 2026-08-18 20:45 watermelon-server-0.1/node_modules/drizzle-orm/singlestore-core/indexes.cjs
-rw-r--r-- okg4/okg4      1355 2026-08-18 20:45 watermelon-server-0.1/node_modules/drizzle-orm/singlestore-core/unique-constraint.js
-rw-r--r-- okg4/okg4     22418 2026-08-18 20:45 watermelon-server-0.1/node_modules/drizzle-orm/singlestore-core/db.js.map
drwxr-xr-x okg4/okg4         0 2026-08-18 20:45 watermelon-server-0.1/node_modules/drizzle-orm/singlestore-core/query-builders/
-rw-r--r-- okg4/okg4     24524 2026-08-18 20:45 watermelon-server-0.1/node_modules/drizzle-orm/singlestore-core/query-builders/select.js
-rw-r--r-- okg4/okg4     50241 2026-08-18 20:45 watermelon-server-0.1/node_modules/drizzle-orm/singlestore-core/query-builders/select.cjs.map
-rw-r--r-- okg4/okg4      2756 2026-08-18 20:45 watermelon-server-0.1/node_modules/drizzle-orm/singlestore-core/query-builders/query.js
-rw-r--r-- okg4/okg4     13645 2026-08-18 20:45 watermelon-server-0.1/node_modules/drizzle-orm/singlestore-core/query-builders/insert.cjs.map
-rw-r--r-- okg4/okg4     28391 2026-08-18 20:45 watermelon-server-0.1/node_modules/drizzle-orm/singlestore-core/query-builders/select.d.ts
-rw-r--r-- okg4/okg4      2706 2026-08-18 20:45 watermelon-server-0.1/node_modules/drizzle-orm/singlestore-core/query-builders/query.d.ts
-rw-r--r-- okg4/okg4      1697 2026-08-18 20:45 watermelon-server-0.1/node_modules/drizzle-orm/singlestore-core/query-builders/index.cjs
-rw-r--r-- okg4/okg4       193 2026-08-18 20:45 watermelon-server-0.1/node_modules/drizzle-orm/singlestore-core/query-builders/index.d.cts
-rw-r--r-- okg4/okg4      3934 2026-08-18 20:45 watermelon-server-0.1/node_modules/drizzle-orm/singlestore-core/query-builders/query.cjs
-rw-r--r-- okg4/okg4      1490 2026-08-18 20:45 watermelon-server-0.1/node_modules/drizzle-orm/singlestore-core/query-builders/query-builder.d.ts
-rw-r--r-- okg4/okg4      6307 2026-08-18 20:45 watermelon-server-0.1/node_modules/drizzle-orm/singlestore-core/query-builders/query.js.map
-rw-r--r-- okg4/okg4      6015 2026-08-18 20:45 watermelon-server-0.1/node_modules/drizzle-orm/singlestore-core/query-builders/update.d.cts
-rw-r--r-- okg4/okg4      6004 2026-08-18 20:45 watermelon-server-0.1/node_modules/drizzle-orm/singlestore-core/query-builders/update.d.ts
-rw-r--r-- okg4/okg4     14104 2026-08-18 20:45 watermelon-server-0.1/node_modules/drizzle-orm/singlestore-core/query-builders/select.types.d.cts
-rw-r--r-- okg4/okg4       220 2026-08-18 20:45 watermelon-server-0.1/node_modules/drizzle-orm/singlestore-core/query-builders/index.js
-rw-r--r-- okg4/okg4     13609 2026-08-18 20:45 watermelon-server-0.1/node_modules/drizzle-orm/singlestore-core/query-builders/insert.js.map
-rw-r--r-- okg4/okg4       565 2026-08-18 20:45 watermelon-server-0.1/node_modules/drizzle-orm/singlestore-core/query-builders/index.js.map
-rw-r--r-- okg4/okg4      1353 2026-08-18 20:45 watermelon-server-0.1/node_modules/drizzle-orm/singlestore-core/query-builders/count.d.ts
-rw-r--r-- okg4/okg4      5969 2026-08-18 20:45 watermelon-server-0.1/node_modules/drizzle-orm/singlestore-core/query-builders/query-builder.js.map
-rw-r--r-- okg4/okg4      2714 2026-08-18 20:45 watermelon-server-0.1/node_modules/drizzle-orm/singlestore-core/query-builders/query.d.cts
-rw-r--r-- okg4/okg4        40 2026-08-18 20:45 watermelon-server-0.1/node_modules/drizzle-orm/singlestore-core/query-builders/select.types.js
-rw-r--r-- okg4/okg4      3640 2026-08-18 20:45 watermelon-server-0.1/node_modules/drizzle-orm/singlestore-core/query-builders/update.js
-rw-r--r-- okg4/okg4       187 2026-08-18 20:45 watermelon-server-0.1/node_modules/drizzle-orm/singlestore-core/query-builders/index.d.ts
-rw-r--r-- okg4/okg4      3024 2026-08-18 20:45 watermelon-server-0.1/node_modules/drizzle-orm/singlestore-core/query-builders/delete.js
-rw-r--r-- okg4/okg4      3529 2026-08-18 20:45 watermelon-server-0.1/node_modules/drizzle-orm/singlestore-core/query-builders/count.js.map
-rw-r--r-- okg4/okg4      2453 2026-08-18 20:45 watermelon-server-0.1/node_modules/drizzle-orm/singlestore-core/query-builders/count.cjs
-rw-r--r-- okg4/okg4      5987 2026-08-18 20:45 watermelon-server-0.1/node_modules/drizzle-orm/singlestore-core/query-builders/query-builder.cjs.map
-rw-r--r-- okg4/okg4      5290 2026-08-18 20:45 watermelon-server-0.1/node_modules/drizzle-orm/singlestore-core/query-builders/insert.cjs
-rw-r--r-- okg4/okg4      7815 2026-08-18 20:45 watermelon-server-0.1/node_modules/drizzle-orm/singlestore-core/query-builders/insert.d.ts
-rw-r--r-- okg4/okg4      3433 2026-08-18 20:45 watermelon-server-0.1/node_modules/drizzle-orm/singlestore-core/query-builders/query-builder.cjs
-rw-r--r-- okg4/okg4      4015 2026-08-18 20:45 watermelon-server-0.1/node_modules/drizzle-orm/singlestore-core/query-builders/insert.js
-rw-r--r-- okg4/okg4     15878 2026-08-18 20:45 watermelon-server-0.1/node_modules/drizzle-orm/singlestore-core/query-builders/select.types.cjs.map
-rw-r--r-- okg4/okg4      1357 2026-08-18 20:45 watermelon-server-0.1/node_modules/drizzle-orm/singlestore-core/query-builders/count.d.cts
-rw-r--r-- okg4/okg4     10623 2026-08-18 20:45 watermelon-server-0.1/node_modules/drizzle-orm/singlestore-core/query-builders/update.js.map
-rw-r--r-- okg4/okg4     10668 2026-08-18 20:45 watermelon-server-0.1/node_modules/drizzle-orm/singlestore-core/query-builders/update.cjs.map
-rw-r--r-- okg4/okg4      4873 2026-08-18 20:45 watermelon-server-0.1/node_modules/drizzle-orm/singlestore-core/query-builders/update.cjs
-rw-r--r-- okg4/okg4      3559 2026-08-18 20:45 watermelon-server-0.1/node_modules/drizzle-orm/singlestore-core/query-builders/count.cjs.map
-rw-r--r-- okg4/okg4      1343 2026-08-18 20:45 watermelon-server-0.1/node_modules/drizzle-orm/singlestore-core/query-builders/count.js
-rw-r--r-- okg4/okg4     28406 2026-08-18 20:45 watermelon-server-0.1/node_modules/drizzle-orm/singlestore-core/query-builders/select.d.cts
-rw-r--r-- okg4/okg4      4981 2026-08-18 20:45 watermelon-server-0.1/node_modules/drizzle-orm/singlestore-core/query-builders/delete.d.cts
-rw-r--r-- okg4/okg4     50211 2026-08-18 20:45 watermelon-server-0.1/node_modules/drizzle-orm/singlestore-core/query-builders/select.js.map
-rw-r--r-- okg4/okg4        71 2026-08-18 20:45 watermelon-server-0.1/node_modules/drizzle-orm/singlestore-core/query-builders/select.types.js.map
-rw-r--r-- okg4/okg4      6334 2026-08-18 20:45 watermelon-server-0.1/node_modules/drizzle-orm/singlestore-core/query-builders/query.cjs.map
-rw-r--r-- okg4/okg4       796 2026-08-18 20:45 watermelon-server-0.1/node_modules/drizzle-orm/singlestore-core/query-builders/select.types.cjs
-rw-r--r-- okg4/okg4      7827 2026-08-18 20:45 watermelon-server-0.1/node_modules/drizzle-orm/singlestore-core/query-builders/insert.d.cts
-rw-r--r-- okg4/okg4      4163 2026-08-18 20:45 watermelon-server-0.1/node_modules/drizzle-orm/singlestore-core/query-builders/delete.cjs
-rw-r--r-- okg4/okg4      9003 2026-08-18 20:45 watermelon-server-0.1/node_modules/drizzle-orm/singlestore-core/query-builders/delete.cjs.map
-rw-r--r-- okg4/okg4       632 2026-08-18 20:45 watermelon-server-0.1/node_modules/drizzle-orm/singlestore-core/query-builders/index.cjs.map
-rw-r--r-- okg4/okg4      1497 2026-08-18 20:45 watermelon-server-0.1/node_modules/drizzle-orm/singlestore-core/query-builders/query-builder.d.cts
-rw-r--r-- okg4/okg4      2215 2026-08-18 20:45 watermelon-server-0.1/node_modules/drizzle-orm/singlestore-core/query-builders/query-builder.js
-rw-r--r-- okg4/okg4     14093 2026-08-18 20:45 watermelon-server-0.1/node_modules/drizzle-orm/singlestore-core/query-builders/select.types.d.ts
-rw-r--r-- okg4/okg4     26381 2026-08-18 20:45 watermelon-server-0.1/node_modules/drizzle-orm/singlestore-core/query-builders/select.cjs
-rw-r--r-- okg4/okg4      8980 2026-08-18 20:45 watermelon-server-0.1/node_modules/drizzle-orm/singlestore-core/query-builders/delete.js.map
-rw-r--r-- okg4/okg4      4971 2026-08-18 20:45 watermelon-server-0.1/node_modules/drizzle-orm/singlestore-core/query-builders/delete.d.ts
-rw-r--r-- okg4/okg4      2191 2026-08-18 20:45 watermelon-server-0.1/node_modules/drizzle-orm/singlestore-core/primary-keys.cjs
-rw-r--r-- okg4/okg4       846 2026-08-18 20:45 watermelon-server-0.1/node_modules/drizzle-orm/singlestore-core/schema.d.cts
-rw-r--r-- okg4/okg4       709 2026-08-18 20:45 watermelon-server-0.1/node_modules/drizzle-orm/singlestore-core/expressions.d.cts
-rw-r--r-- okg4/okg4      2247 2026-08-18 20:45 watermelon-server-0.1/node_modules/drizzle-orm/singlestore-core/indexes.d.cts
-rw-r--r-- okg4/okg4      2522 2026-08-18 20:45 watermelon-server-0.1/node_modules/drizzle-orm/singlestore-core/index.cjs
-rw-r--r-- okg4/okg4      3237 2026-08-18 20:45 watermelon-server-0.1/node_modules/drizzle-orm/singlestore-core/utils.cjs
-rw-r--r-- okg4/okg4       426 2026-08-18 20:45 watermelon-server-0.1/node_modules/drizzle-orm/singlestore-core/index.d.cts
-rw-r--r-- okg4/okg4       852 2026-08-18 20:45 watermelon-server-0.1/node_modules/drizzle-orm/singlestore-core/expressions.js
-rw-r--r-- okg4/okg4     10108 2026-08-18 20:45 watermelon-server-0.1/node_modules/drizzle-orm/singlestore-core/db.d.ts
-rw-r--r-- okg4/okg4      1695 2026-08-18 20:45 watermelon-server-0.1/node_modules/drizzle-orm/singlestore-core/subquery.cjs.map
-rw-r--r-- okg4/okg4      7907 2026-08-18 20:45 watermelon-server-0.1/node_modules/drizzle-orm/singlestore-core/db.js
drwxr-xr-x okg4/okg4         0 2026-08-18 20:45 watermelon-server-0.1/node_modules/drizzle-orm/singlestore-core/columns/
-rw-r--r-- okg4/okg4      2988 2026-08-18 20:45 watermelon-server-0.1/node_modules/drizzle-orm/singlestore-core/columns/datetime.d.ts
-rw-r--r-- okg4/okg4      5913 2026-08-18 20:45 watermelon-server-0.1/node_modules/drizzle-orm/singlestore-core/columns/custom.d.ts
-rw-r--r-- okg4/okg4       723 2026-08-18 20:45 watermelon-server-0.1/node_modules/drizzle-orm/singlestore-core/columns/year.js
-rw-r--r-- okg4/okg4      1955 2026-08-18 20:45 watermelon-server-0.1/node_modules/drizzle-orm/singlestore-core/columns/date.common.cjs.map
-rw-r--r-- okg4/okg4      1552 2026-08-18 20:45 watermelon-server-0.1/node_modules/drizzle-orm/singlestore-core/columns/smallint.d.cts
-rw-r--r-- okg4/okg4      2374 2026-08-18 20:45 watermelon-server-0.1/node_modules/drizzle-orm/singlestore-core/columns/all.cjs.map
-rw-r--r-- okg4/okg4      1152 2026-08-18 20:45 watermelon-server-0.1/node_modules/drizzle-orm/singlestore-core/columns/date.common.d.ts
-rw-r--r-- okg4/okg4      5983 2026-08-18 20:45 watermelon-server-0.1/node_modules/drizzle-orm/singlestore-core/columns/decimal.cjs
-rw-r--r-- okg4/okg4      2215 2026-08-18 20:45 watermelon-server-0.1/node_modules/drizzle-orm/singlestore-core/columns/int.cjs
-rw-r--r-- okg4/okg4      1682 2026-08-18 20:45 watermelon-server-0.1/node_modules/drizzle-orm/singlestore-core/columns/double.d.cts
-rw-r--r-- okg4/okg4      2143 2026-08-18 20:45 watermelon-server-0.1/node_modules/drizzle-orm/singlestore-core/columns/varchar.d.cts
-rw-r--r-- okg4/okg4      1042 2026-08-18 20:45 watermelon-server-0.1/node_modules/drizzle-orm/singlestore-core/columns/char.js
-rw-r--r-- okg4/okg4      3392 2026-08-18 20:45 watermelon-server-0.1/node_modules/drizzle-orm/singlestore-core/columns/timestamp.cjs
-rw-r--r-- okg4/okg4      3609 2026-08-18 20:45 watermelon-server-0.1/node_modules/drizzle-orm/singlestore-core/columns/index.cjs
-rw-r--r-- okg4/okg4       777 2026-08-18 20:45 watermelon-server-0.1/node_modules/drizzle-orm/singlestore-core/columns/index.d.cts
-rw-r--r-- okg4/okg4      2437 2026-08-18 20:45 watermelon-server-0.1/node_modules/drizzle-orm/singlestore-core/columns/all.js.map
-rw-r--r-- okg4/okg4      1360 2026-08-18 20:45 watermelon-server-0.1/node_modules/drizzle-orm/singlestore-core/columns/serial.d.cts
-rw-r--r-- okg4/okg4      1663 2026-08-18 20:45 watermelon-server-0.1/node_modules/drizzle-orm/singlestore-core/columns/float.d.cts
-rw-r--r-- okg4/okg4      2138 2026-08-18 20:45 watermelon-server-0.1/node_modules/drizzle-orm/singlestore-core/columns/varchar.d.ts
-rw-r--r-- okg4/okg4      1327 2026-08-18 20:45 watermelon-server-0.1/node_modules/drizzle-orm/singlestore-core/columns/vector.js
-rw-r--r-- okg4/okg4      1558 2026-08-18 20:45 watermelon-server-0.1/node_modules/drizzle-orm/singlestore-core/columns/real.d.cts
-rw-r--r-- okg4/okg4      1115 2026-08-18 20:45 watermelon-server-0.1/node_modules/drizzle-orm/singlestore-core/columns/time.d.ts
-rw-r--r-- okg4/okg4      2347 2026-08-18 20:45 watermelon-server-0.1/node_modules/drizzle-orm/singlestore-core/columns/mediumint.cjs
-rw-r--r-- okg4/okg4      1106 2026-08-18 20:45 watermelon-server-0.1/node_modules/drizzle-orm/singlestore-core/columns/year.d.ts
-rw-r--r-- okg4/okg4      1820 2026-08-18 20:45 watermelon-server-0.1/node_modules/drizzle-orm/singlestore-core/columns/enum.d.cts
-rw-r--r-- okg4/okg4      4211 2026-08-18 20:45 watermelon-server-0.1/node_modules/drizzle-orm/singlestore-core/columns/varchar.js.map
-rw-r--r-- okg4/okg4      2780 2026-08-18 20:45 watermelon-server-0.1/node_modules/drizzle-orm/singlestore-core/columns/date.d.cts
-rw-r--r-- okg4/okg4      2588 2026-08-18 20:45 watermelon-server-0.1/node_modules/drizzle-orm/singlestore-core/columns/double.cjs
-rw-r--r-- okg4/okg4      1764 2026-08-18 20:45 watermelon-server-0.1/node_modules/drizzle-orm/singlestore-core/columns/common.js
-rw-r--r-- okg4/okg4      3023 2026-08-18 20:45 watermelon-server-0.1/node_modules/drizzle-orm/singlestore-core/columns/serial.js.map
-rw-r--r-- okg4/okg4      1013 2026-08-18 20:45 watermelon-server-0.1/node_modules/drizzle-orm/singlestore-core/columns/serial.js
-rw-r--r-- okg4/okg4      1193 2026-08-18 20:45 watermelon-server-0.1/node_modules/drizzle-orm/singlestore-core/columns/smallint.js
-rw-r--r-- okg4/okg4      1356 2026-08-18 20:45 watermelon-server-0.1/node_modules/drizzle-orm/singlestore-core/columns/serial.d.ts
-rw-r--r-- okg4/okg4      2640 2026-08-18 20:45 watermelon-server-0.1/node_modules/drizzle-orm/singlestore-core/columns/bigint.d.ts
-rw-r--r-- okg4/okg4      4145 2026-08-18 20:45 watermelon-server-0.1/node_modules/drizzle-orm/singlestore-core/columns/enum.js.map
-rw-r--r-- okg4/okg4      5379 2026-08-18 20:45 watermelon-server-0.1/node_modules/drizzle-orm/singlestore-core/columns/date.js.map
-rw-r--r-- okg4/okg4      1814 2026-08-18 20:45 watermelon-server-0.1/node_modules/drizzle-orm/singlestore-core/columns/enum.d.ts
-rw-r--r-- okg4/okg4      1909 2026-08-18 20:45 watermelon-server-0.1/node_modules/drizzle-orm/singlestore-core/columns/json.cjs
-rw-r--r-- okg4/okg4      8625 2026-08-18 20:45 watermelon-server-0.1/node_modules/drizzle-orm/singlestore-core/columns/custom.js.map
-rw-r--r-- okg4/okg4      2172 2026-08-18 20:45 watermelon-server-0.1/node_modules/drizzle-orm/singlestore-core/columns/char.cjs
-rw-r--r-- okg4/okg4      3352 2026-08-18 20:45 watermelon-server-0.1/node_modules/drizzle-orm/singlestore-core/columns/int.cjs.map
-rw-r--r-- okg4/okg4       784 2026-08-18 20:45 watermelon-server-0.1/node_modules/drizzle-orm/singlestore-core/columns/index.js
-rw-r--r-- okg4/okg4      1494 2026-08-18 20:45 watermelon-server-0.1/node_modules/drizzle-orm/singlestore-core/columns/int.d.ts
-rw-r--r-- okg4/okg4      5952 2026-08-18 20:45 watermelon-server-0.1/node_modules/drizzle-orm/singlestore-core/columns/timestamp.cjs.map
-rw-r--r-- okg4/okg4      4174 2026-08-18 20:45 watermelon-server-0.1/node_modules/drizzle-orm/singlestore-core/columns/char.js.map
-rw-r--r-- okg4/okg4      5826 2026-08-18 20:45 watermelon-server-0.1/node_modules/drizzle-orm/singlestore-core/columns/bigint.cjs.map
-rw-r--r-- okg4/okg4       885 2026-08-18 20:45 watermelon-server-0.1/node_modules/drizzle-orm/singlestore-core/columns/boolean.js
-rw-r--r-- okg4/okg4      1158 2026-08-18 20:45 watermelon-server-0.1/node_modules/drizzle-orm/singlestore-core/columns/index.js.map
-rw-r--r-- okg4/okg4      1098 2026-08-18 20:45 watermelon-server-0.1/node_modules/drizzle-orm/singlestore-core/columns/varchar.js
-rw-r--r-- okg4/okg4      1180 2026-08-18 20:45 watermelon-server-0.1/node_modules/drizzle-orm/singlestore-core/columns/tinyint.js
-rw-r--r-- okg4/okg4      1153 2026-08-18 20:45 watermelon-server-0.1/node_modules/drizzle-orm/singlestore-core/columns/json.d.cts
-rw-r--r-- okg4/okg4      1431 2026-08-18 20:45 watermelon-server-0.1/node_modules/drizzle-orm/singlestore-core/columns/varbinary.d.cts
-rw-r--r-- okg4/okg4      1560 2026-08-18 20:45 watermelon-server-0.1/node_modules/drizzle-orm/singlestore-core/columns/mediumint.d.ts
-rw-r--r-- okg4/okg4      3319 2026-08-18 20:45 watermelon-server-0.1/node_modules/drizzle-orm/singlestore-core/columns/int.js.map
-rw-r--r-- okg4/okg4      2290 2026-08-18 20:45 watermelon-server-0.1/node_modules/drizzle-orm/singlestore-core/columns/year.js.map
-rw-r--r-- okg4/okg4      3965 2026-08-18 20:45 watermelon-server-0.1/node_modules/drizzle-orm/singlestore-core/columns/vector.js.map
-rw-r--r-- okg4/okg4      4018 2026-08-18 20:45 watermelon-server-0.1/node_modules/drizzle-orm/singlestore-core/columns/float.js.map
-rw-r--r-- okg4/okg4       751 2026-08-18 20:45 watermelon-server-0.1/node_modules/drizzle-orm/singlestore-core/columns/index.d.ts
-rw-r--r-- okg4/okg4      1629 2026-08-18 20:45 watermelon-server-0.1/node_modules/drizzle-orm/singlestore-core/columns/date.js
-rw-r--r-- okg4/okg4      1206 2026-08-18 20:45 watermelon-server-0.1/node_modules/drizzle-orm/singlestore-core/columns/mediumint.js
-rw-r--r-- okg4/okg4      4082 2026-08-18 20:45 watermelon-server-0.1/node_modules/drizzle-orm/singlestore-core/columns/double.cjs.map
-rw-r--r-- okg4/okg4      3591 2026-08-18 20:45 watermelon-server-0.1/node_modules/drizzle-orm/singlestore-core/columns/text.d.cts
-rw-r--r-- okg4/okg4      2356 2026-08-18 20:45 watermelon-server-0.1/node_modules/drizzle-orm/singlestore-core/columns/time.cjs.map
-rw-r--r-- okg4/okg4      3998 2026-08-18 20:45 watermelon-server-0.1/node_modules/drizzle-orm/singlestore-core/columns/vector.cjs.map
-rw-r--r-- okg4/okg4      3753 2026-08-18 20:45 watermelon-server-0.1/node_modules/drizzle-orm/singlestore-core/columns/binary.cjs.map
-rw-r--r-- okg4/okg4       737 2026-08-18 20:45 watermelon-server-0.1/node_modules/drizzle-orm/singlestore-core/columns/date.common.js
-rw-r--r-- okg4/okg4      2499 2026-08-18 20:45 watermelon-server-0.1/node_modules/drizzle-orm/singlestore-core/columns/enum.cjs
-rw-r--r-- okg4/okg4      3177 2026-08-18 20:45 watermelon-server-0.1/node_modules/drizzle-orm/singlestore-core/columns/common.d.cts
-rw-r--r-- okg4/okg4      1554 2026-08-18 20:45 watermelon-server-0.1/node_modules/drizzle-orm/singlestore-core/columns/real.d.ts
-rw-r--r-- okg4/okg4      1474 2026-08-18 20:45 watermelon-server-0.1/node_modules/drizzle-orm/singlestore-core/columns/double.js
-rw-r--r-- okg4/okg4      3393 2026-08-18 20:45 watermelon-server-0.1/node_modules/drizzle-orm/singlestore-core/columns/tinyint.js.map
-rw-r--r-- okg4/okg4      2294 2026-08-18 20:45 watermelon-server-0.1/node_modules/drizzle-orm/singlestore-core/columns/char.d.cts
-rw-r--r-- okg4/okg4      1510 2026-08-18 20:45 watermelon-server-0.1/node_modules/drizzle-orm/singlestore-core/columns/binary.d.ts
-rw-r--r-- okg4/okg4       723 2026-08-18 20:45 watermelon-server-0.1/node_modules/drizzle-orm/singlestore-core/columns/time.js
-rw-r--r-- okg4/okg4      1534 2026-08-18 20:45 watermelon-server-0.1/node_modules/drizzle-orm/singlestore-core/columns/tinyint.d.ts
-rw-r--r-- okg4/okg4      3552 2026-08-18 20:45 watermelon-server-0.1/node_modules/drizzle-orm/singlestore-core/columns/datetime.cjs
-rw-r--r-- okg4/okg4      2994 2026-08-18 20:45 watermelon-server-0.1/node_modules/drizzle-orm/singlestore-core/columns/datetime.d.cts
-rw-r--r-- okg4/okg4     11419 2026-08-18 20:45 watermelon-server-0.1/node_modules/drizzle-orm/singlestore-core/columns/decimal.js.map
-rw-r--r-- okg4/okg4      1924 2026-08-18 20:45 watermelon-server-0.1/node_modules/drizzle-orm/singlestore-core/columns/date.common.js.map
-rw-r--r-- okg4/okg4      1480 2026-08-18 20:45 watermelon-server-0.1/node_modules/drizzle-orm/singlestore-core/columns/all.js
-rw-r--r-- okg4/okg4      1110 2026-08-18 20:45 watermelon-server-0.1/node_modules/drizzle-orm/singlestore-core/columns/year.d.cts
-rw-r--r-- okg4/okg4      1678 2026-08-18 20:45 watermelon-server-0.1/node_modules/drizzle-orm/singlestore-core/columns/double.d.ts
-rw-r--r-- okg4/okg4      3061 2026-08-18 20:45 watermelon-server-0.1/node_modules/drizzle-orm/singlestore-core/columns/serial.cjs.map
-rw-r--r-- okg4/okg4      3586 2026-08-18 20:45 watermelon-server-0.1/node_modules/drizzle-orm/singlestore-core/columns/text.d.ts
-rw-r--r-- okg4/okg4      2774 2026-08-18 20:45 watermelon-server-0.1/node_modules/drizzle-orm/singlestore-core/columns/date.d.ts
-rw-r--r-- okg4/okg4      3426 2026-08-18 20:45 watermelon-server-0.1/node_modules/drizzle-orm/singlestore-core/columns/tinyint.cjs.map
-rw-r--r-- okg4/okg4      8657 2026-08-18 20:45 watermelon-server-0.1/node_modules/drizzle-orm/singlestore-core/columns/custom.cjs.map
-rw-r--r-- okg4/okg4      2644 2026-08-18 20:45 watermelon-server-0.1/node_modules/drizzle-orm/singlestore-core/columns/bigint.d.cts
-rw-r--r-- okg4/okg4      1937 2026-08-18 20:45 watermelon-server-0.1/node_modules/drizzle-orm/singlestore-core/columns/all.d.ts
-rw-r--r-- okg4/okg4      3415 2026-08-18 20:45 watermelon-server-0.1/node_modules/drizzle-orm/singlestore-core/columns/smallint.js.map
-rw-r--r-- okg4/okg4      1981 2026-08-18 20:45 watermelon-server-0.1/node_modules/drizzle-orm/singlestore-core/columns/timestamp.js
-rw-r--r-- okg4/okg4      3725 2026-08-18 20:45 watermelon-server-0.1/node_modules/drizzle-orm/singlestore-core/columns/real.cjs.map
-rw-r--r-- okg4/okg4      3275 2026-08-18 20:45 watermelon-server-0.1/node_modules/drizzle-orm/singlestore-core/columns/all.cjs
-rw-r--r-- okg4/okg4      6801 2026-08-18 20:45 watermelon-server-0.1/node_modules/drizzle-orm/singlestore-core/columns/datetime.cjs.map
-rw-r--r-- okg4/okg4       787 2026-08-18 20:45 watermelon-server-0.1/node_modules/drizzle-orm/singlestore-core/columns/json.js
-rw-r--r-- okg4/okg4      4480 2026-08-18 20:45 watermelon-server-0.1/node_modules/drizzle-orm/singlestore-core/columns/decimal.js
-rw-r--r-- okg4/okg4      1659 2026-08-18 20:45 watermelon-server-0.1/node_modules/drizzle-orm/singlestore-core/columns/float.d.ts
-rw-r--r-- okg4/okg4      1323 2026-08-18 20:45 watermelon-server-0.1/node_modules/drizzle-orm/singlestore-core/columns/enum.js
-rw-r--r-- okg4/okg4      3785 2026-08-18 20:45 watermelon-server-0.1/node_modules/drizzle-orm/singlestore-core/columns/varbinary.cjs.map
-rw-r--r-- okg4/okg4      1461 2026-08-18 20:45 watermelon-server-0.1/node_modules/drizzle-orm/singlestore-core/columns/float.js
-rw-r--r-- okg4/okg4      2328 2026-08-18 20:45 watermelon-server-0.1/node_modules/drizzle-orm/singlestore-core/columns/year.cjs.map
-rw-r--r-- okg4/okg4      5745 2026-08-18 20:45 watermelon-server-0.1/node_modules/drizzle-orm/singlestore-core/columns/common.js.map
-rw-r--r-- okg4/okg4      3170 2026-08-18 20:45 watermelon-server-0.1/node_modules/drizzle-orm/singlestore-core/columns/common.d.ts
-rw-r--r-- okg4/okg4      3437 2026-08-18 20:45 watermelon-server-0.1/node_modules/drizzle-orm/singlestore-core/columns/mediumint.js.map
-rw-r--r-- okg4/okg4      5920 2026-08-18 20:45 watermelon-server-0.1/node_modules/drizzle-orm/singlestore-core/columns/custom.d.cts
-rw-r--r-- okg4/okg4      5423 2026-08-18 20:45 watermelon-server-0.1/node_modules/drizzle-orm/singlestore-core/columns/date.cjs.map
-rw-r--r-- okg4/okg4      1128 2026-08-18 20:45 watermelon-server-0.1/node_modules/drizzle-orm/singlestore-core/columns/int.js
-rw-r--r-- okg4/okg4      3448 2026-08-18 20:45 watermelon-server-0.1/node_modules/drizzle-orm/singlestore-core/columns/smallint.cjs.map
-rw-r--r-- okg4/okg4      1962 2026-08-18 20:45 watermelon-server-0.1/node_modules/drizzle-orm/singlestore-core/columns/all.d.cts
-rw-r--r-- okg4/okg4      1601 2026-08-18 20:45 watermelon-server-0.1/node_modules/drizzle-orm/singlestore-core/columns/vector.d.ts
-rw-r--r-- okg4/okg4      6514 2026-08-18 20:45 watermelon-server-0.1/node_modules/drizzle-orm/singlestore-core/columns/text.cjs.map
-rw-r--r-- okg4/okg4      2325 2026-08-18 20:45 watermelon-server-0.1/node_modules/drizzle-orm/singlestore-core/columns/smallint.cjs
-rw-r--r-- okg4/okg4      1605 2026-08-18 20:45 watermelon-server-0.1/node_modules/drizzle-orm/singlestore-core/columns/custom.js
-rw-r--r-- okg4/okg4      1427 2026-08-18 20:45 watermelon-server-0.1/node_modules/drizzle-orm/singlestore-core/columns/varbinary.d.ts
-rw-r--r-- okg4/okg4      1259 2026-08-18 20:45 watermelon-server-0.1/node_modules/drizzle-orm/singlestore-core/columns/binary.js
-rw-r--r-- okg4/okg4      5793 2026-08-18 20:45 watermelon-server-0.1/node_modules/drizzle-orm/singlestore-core/columns/common.cjs.map
-rw-r--r-- okg4/okg4      4509 2026-08-18 20:45 watermelon-server-0.1/node_modules/drizzle-orm/singlestore-core/columns/decimal.d.cts
-rw-r--r-- okg4/okg4      2436 2026-08-18 20:45 watermelon-server-0.1/node_modules/drizzle-orm/singlestore-core/columns/json.js.map
-rw-r--r-- okg4/okg4      1514 2026-08-18 20:45 watermelon-server-0.1/node_modules/drizzle-orm/singlestore-core/columns/binary.d.cts
-rw-r--r-- okg4/okg4      1539 2026-08-18 20:45 watermelon-server-0.1/node_modules/drizzle-orm/singlestore-core/columns/tinyint.d.cts
-rw-r--r-- okg4/okg4      5781 2026-08-18 20:45 watermelon-server-0.1/node_modules/drizzle-orm/singlestore-core/columns/bigint.js.map
-rw-r--r-- okg4/okg4      1845 2026-08-18 20:45 watermelon-server-0.1/node_modules/drizzle-orm/singlestore-core/columns/time.cjs
-rw-r--r-- okg4/okg4      1547 2026-08-18 20:45 watermelon-server-0.1/node_modules/drizzle-orm/singlestore-core/columns/smallint.d.ts
-rw-r--r-- okg4/okg4      2119 2026-08-18 20:45 watermelon-server-0.1/node_modules/drizzle-orm/singlestore-core/columns/serial.cjs
-rw-r--r-- okg4/okg4      2192 2026-08-18 20:45 watermelon-server-0.1/node_modules/drizzle-orm/singlestore-core/columns/datetime.js
-rw-r--r-- okg4/okg4      2289 2026-08-18 20:45 watermelon-server-0.1/node_modules/drizzle-orm/singlestore-core/columns/char.d.ts
-rw-r--r-- okg4/okg4      4049 2026-08-18 20:45 watermelon-server-0.1/node_modules/drizzle-orm/singlestore-core/columns/double.js.map
-rw-r--r-- okg4/okg4      3470 2026-08-18 20:45 watermelon-server-0.1/node_modules/drizzle-orm/singlestore-core/columns/mediumint.cjs.map
-rw-r--r-- okg4/okg4      2942 2026-08-18 20:45 watermelon-server-0.1/node_modules/drizzle-orm/singlestore-core/columns/timestamp.d.cts
-rw-r--r-- okg4/okg4      2318 2026-08-18 20:45 watermelon-server-0.1/node_modules/drizzle-orm/singlestore-core/columns/time.js.map
-rw-r--r-- okg4/okg4      1531 2026-08-18 20:45 watermelon-server-0.1/node_modules/drizzle-orm/singlestore-core/columns/text.js
-rw-r--r-- okg4/okg4      6466 2026-08-18 20:45 watermelon-server-0.1/node_modules/drizzle-orm/singlestore-core/columns/text.js.map
-rw-r--r-- okg4/okg4      1565 2026-08-18 20:45 watermelon-server-0.1/node_modules/drizzle-orm/singlestore-core/columns/mediumint.d.cts
-rw-r--r-- okg4/okg4      6757 2026-08-18 20:45 watermelon-server-0.1/node_modules/drizzle-orm/singlestore-core/columns/datetime.js.map
-rw-r--r-- okg4/okg4      2937 2026-08-18 20:45 watermelon-server-0.1/node_modules/drizzle-orm/singlestore-core/columns/timestamp.d.ts
-rw-r--r-- okg4/okg4      2937 2026-08-18 20:45 watermelon-server-0.1/node_modules/drizzle-orm/singlestore-core/columns/date.cjs
-rw-r--r-- okg4/okg4     11475 2026-08-18 20:45 watermelon-server-0.1/node_modules/drizzle-orm/singlestore-core/columns/decimal.cjs.map
-rw-r--r-- okg4/okg4      2475 2026-08-18 20:45 watermelon-server-0.1/node_modules/drizzle-orm/singlestore-core/columns/vector.cjs
-rw-r--r-- okg4/okg4      2255 2026-08-18 20:45 watermelon-server-0.1/node_modules/drizzle-orm/singlestore-core/columns/varchar.cjs
-rw-r--r-- okg4/okg4      2303 2026-08-18 20:45 watermelon-server-0.1/node_modules/drizzle-orm/singlestore-core/columns/tinyint.cjs
-rw-r--r-- okg4/okg4      3692 2026-08-18 20:45 watermelon-server-0.1/node_modules/drizzle-orm/singlestore-core/columns/real.js.map
-rw-r--r-- okg4/okg4      2803 2026-08-18 20:45 watermelon-server-0.1/node_modules/drizzle-orm/singlestore-core/columns/text.cjs
-rw-r--r-- okg4/okg4      2407 2026-08-18 20:45 watermelon-server-0.1/node_modules/drizzle-orm/singlestore-core/columns/binary.cjs
-rw-r--r-- okg4/okg4      4504 2026-08-18 20:45 watermelon-server-0.1/node_modules/drizzle-orm/singlestore-core/columns/decimal.d.ts
-rw-r--r-- okg4/okg4      2785 2026-08-18 20:45 watermelon-server-0.1/node_modules/drizzle-orm/singlestore-core/columns/custom.cjs
-rw-r--r-- okg4/okg4      2058 2026-08-18 20:45 watermelon-server-0.1/node_modules/drizzle-orm/singlestore-core/columns/bigint.js
-rw-r--r-- okg4/okg4      3752 2026-08-18 20:45 watermelon-server-0.1/node_modules/drizzle-orm/singlestore-core/columns/varbinary.js.map
-rw-r--r-- okg4/okg4      1119 2026-08-18 20:45 watermelon-server-0.1/node_modules/drizzle-orm/singlestore-core/columns/time.d.cts
-rw-r--r-- okg4/okg4      2622 2026-08-18 20:45 watermelon-server-0.1/node_modules/drizzle-orm/singlestore-core/columns/boolean.js.map
-rw-r--r-- okg4/okg4      2660 2026-08-18 20:45 watermelon-server-0.1/node_modules/drizzle-orm/singlestore-core/columns/boolean.cjs.map
-rw-r--r-- okg4/okg4      1215 2026-08-18 20:45 watermelon-server-0.1/node_modules/drizzle-orm/singlestore-core/columns/boolean.d.cts
-rw-r--r-- okg4/okg4      1385 2026-08-18 20:45 watermelon-server-0.1/node_modules/drizzle-orm/singlestore-core/columns/index.cjs.map
-rw-r--r-- okg4/okg4      4244 2026-08-18 20:45 watermelon-server-0.1/node_modules/drizzle-orm/singlestore-core/columns/varchar.cjs.map
-rw-r--r-- okg4/okg4      5911 2026-08-18 20:45 watermelon-server-0.1/node_modules/drizzle-orm/singlestore-core/columns/timestamp.js.map
-rw-r--r-- okg4/okg4      1211 2026-08-18 20:45 watermelon-server-0.1/node_modules/drizzle-orm/singlestore-core/columns/boolean.d.ts
-rw-r--r-- okg4/okg4      4178 2026-08-18 20:45 watermelon-server-0.1/node_modules/drizzle-orm/singlestore-core/columns/enum.cjs.map
-rw-r--r-- okg4/okg4      3350 2026-08-18 20:45 watermelon-server-0.1/node_modules/drizzle-orm/singlestore-core/columns/bigint.cjs
-rw-r--r-- okg4/okg4      2034 2026-08-18 20:45 watermelon-server-0.1/node_modules/drizzle-orm/singlestore-core/columns/boolean.cjs
-rw-r--r-- okg4/okg4      1149 2026-08-18 20:45 watermelon-server-0.1/node_modules/drizzle-orm/singlestore-core/columns/json.d.ts
-rw-r--r-- okg4/okg4      1918 2026-08-18 20:45 watermelon-server-0.1/node_modules/drizzle-orm/singlestore-core/columns/date.common.cjs
-rw-r--r-- okg4/okg4      1498 2026-08-18 20:45 watermelon-server-0.1/node_modules/drizzle-orm/singlestore-core/columns/int.d.cts
-rw-r--r-- okg4/okg4      2566 2026-08-18 20:45 watermelon-server-0.1/node_modules/drizzle-orm/singlestore-core/columns/float.cjs
-rw-r--r-- okg4/okg4      1605 2026-08-18 20:45 watermelon-server-0.1/node_modules/drizzle-orm/singlestore-core/columns/vector.d.cts
-rw-r--r-- okg4/okg4      2474 2026-08-18 20:45 watermelon-server-0.1/node_modules/drizzle-orm/singlestore-core/columns/json.cjs.map
-rw-r--r-- okg4/okg4      4051 2026-08-18 20:45 watermelon-server-0.1/node_modules/drizzle-orm/singlestore-core/columns/float.cjs.map
-rw-r--r-- okg4/okg4      3720 2026-08-18 20:45 watermelon-server-0.1/node_modules/drizzle-orm/singlestore-core/columns/binary.js.map
-rw-r--r-- okg4/okg4      1316 2026-08-18 20:45 watermelon-server-0.1/node_modules/drizzle-orm/singlestore-core/columns/varbinary.js
-rw-r--r-- okg4/okg4      4207 2026-08-18 20:45 watermelon-server-0.1/node_modules/drizzle-orm/singlestore-core/columns/char.cjs.map
-rw-r--r-- okg4/okg4      2390 2026-08-18 20:45 watermelon-server-0.1/node_modules/drizzle-orm/singlestore-core/columns/real.cjs
-rw-r--r-- okg4/okg4      3176 2026-08-18 20:45 watermelon-server-0.1/node_modules/drizzle-orm/singlestore-core/columns/common.cjs
-rw-r--r-- okg4/okg4      1294 2026-08-18 20:45 watermelon-server-0.1/node_modules/drizzle-orm/singlestore-core/columns/real.js
-rw-r--r-- okg4/okg4      2491 2026-08-18 20:45 watermelon-server-0.1/node_modules/drizzle-orm/singlestore-core/columns/varbinary.cjs
-rw-r--r-- okg4/okg4      1156 2026-08-18 20:45 watermelon-server-0.1/node_modules/drizzle-orm/singlestore-core/columns/date.common.d.cts
-rw-r--r-- okg4/okg4      1845 2026-08-18 20:45 watermelon-server-0.1/node_modules/drizzle-orm/singlestore-core/columns/year.cjs
-rw-r--r-- okg4/okg4      2785 2026-08-18 20:45 watermelon-server-0.1/node_modules/drizzle-orm/singlestore-core/primary-keys.cjs.map
-rw-r--r-- okg4/okg4      1832 2026-08-18 20:45 watermelon-server-0.1/node_modules/drizzle-orm/singlestore-core/utils.js
-rw-r--r-- okg4/okg4      1496 2026-08-18 20:45 watermelon-server-0.1/node_modules/drizzle-orm/singlestore-core/subquery.d.ts
-rw-r--r-- okg4/okg4       446 2026-08-18 20:45 watermelon-server-0.1/node_modules/drizzle-orm/singlestore-core/index.js
-rw-r--r-- okg4/okg4       150 2026-08-18 20:45 watermelon-server-0.1/node_modules/drizzle-orm/singlestore-core/view-common.js
-rw-r--r-- okg4/okg4      2668 2026-08-18 20:45 watermelon-server-0.1/node_modules/drizzle-orm/singlestore-core/unique-constraint.cjs
-rw-r--r-- okg4/okg4      2243 2026-08-18 20:45 watermelon-server-0.1/node_modules/drizzle-orm/singlestore-core/indexes.d.ts
-rw-r--r-- okg4/okg4       702 2026-08-18 20:45 watermelon-server-0.1/node_modules/drizzle-orm/singlestore-core/alias.cjs.map
-rw-r--r-- okg4/okg4       300 2026-08-18 20:45 watermelon-server-0.1/node_modules/drizzle-orm/singlestore-core/alias.d.ts
-rw-r--r-- okg4/okg4       735 2026-08-18 20:45 watermelon-server-0.1/node_modules/drizzle-orm/singlestore-core/index.js.map
-rw-r--r-- okg4/okg4     46332 2026-08-18 20:45 watermelon-server-0.1/node_modules/drizzle-orm/singlestore-core/dialect.cjs.map
-rw-r--r-- okg4/okg4      3547 2026-08-18 20:45 watermelon-server-0.1/node_modules/drizzle-orm/singlestore-core/view.d.cts
-rw-r--r-- okg4/okg4       302 2026-08-18 20:45 watermelon-server-0.1/node_modules/drizzle-orm/singlestore-core/alias.d.cts
-rw-r--r-- okg4/okg4       413 2026-08-18 20:45 watermelon-server-0.1/node_modules/drizzle-orm/singlestore-core/index.d.ts
-rw-r--r-- okg4/okg4       780 2026-08-18 20:45 watermelon-server-0.1/node_modules/drizzle-orm/singlestore-core/view-base.js.map
-rw-r--r-- okg4/okg4      2740 2026-08-18 20:45 watermelon-server-0.1/node_modules/drizzle-orm/singlestore-core/primary-keys.js.map
-rw-r--r-- okg4/okg4     27775 2026-08-18 20:45 watermelon-server-0.1/node_modules/drizzle-orm/singlestore-core/dialect.cjs
-rw-r--r-- okg4/okg4       817 2026-08-18 20:45 watermelon-server-0.1/node_modules/drizzle-orm/singlestore-core/view-base.cjs.map
-rw-r--r-- okg4/okg4     23821 2026-08-18 20:45 watermelon-server-0.1/node_modules/drizzle-orm/singlestore-core/dialect.js
-rw-r--r-- okg4/okg4      1042 2026-08-18 20:45 watermelon-server-0.1/node_modules/drizzle-orm/singlestore-core/primary-keys.js
-rw-r--r-- okg4/okg4      1078 2026-08-18 20:45 watermelon-server-0.1/node_modules/drizzle-orm/singlestore-core/unique-constraint.d.cts
-rw-r--r-- okg4/okg4        59 2026-08-18 20:45 watermelon-server-0.1/node_modules/drizzle-orm/singlestore-core/view-common.d.cts
-rw-r--r-- okg4/okg4      1075 2026-08-18 20:45 watermelon-server-0.1/node_modules/drizzle-orm/singlestore-core/unique-constraint.d.ts
-rw-r--r-- okg4/okg4      1776 2026-08-18 20:45 watermelon-server-0.1/node_modules/drizzle-orm/singlestore-core/schema.js.map
-rw-r--r-- okg4/okg4      8445 2026-08-18 20:45 watermelon-server-0.1/node_modules/drizzle-orm/singlestore-core/table.js.map
-rw-r--r-- okg4/okg4       844 2026-08-18 20:45 watermelon-server-0.1/node_modules/drizzle-orm/singlestore-core/schema.d.ts
-rw-r--r-- okg4/okg4        71 2026-08-18 20:45 watermelon-server-0.1/node_modules/drizzle-orm/singlestore-core/subquery.js.map
-rw-r--r-- okg4/okg4      2026 2026-08-18 20:45 watermelon-server-0.1/node_modules/drizzle-orm/singlestore-core/expressions.cjs.map
-rw-r--r-- okg4/okg4       276 2026-08-18 20:45 watermelon-server-0.1/node_modules/drizzle-orm/singlestore-core/view-common.cjs.map
-rw-r--r-- okg4/okg4      2807 2026-08-18 20:45 watermelon-server-0.1/node_modules/drizzle-orm/singlestore-core/unique-constraint.cjs.map
-rw-r--r-- okg4/okg4      1194 2026-08-18 20:45 watermelon-server-0.1/node_modules/drizzle-orm/singlestore-core/primary-keys.d.ts
-rw-r--r-- okg4/okg4      3350 2026-08-18 20:45 watermelon-server-0.1/node_modules/drizzle-orm/singlestore-core/dialect.d.ts
-rw-r--r-- okg4/okg4      3813 2026-08-18 20:45 watermelon-server-0.1/node_modules/drizzle-orm/singlestore-core/utils.cjs.map
-rw-r--r-- okg4/okg4      1197 2026-08-18 20:45 watermelon-server-0.1/node_modules/drizzle-orm/singlestore-core/primary-keys.d.cts
-rw-r--r-- okg4/okg4     22389 2026-08-18 20:45 watermelon-server-0.1/node_modules/drizzle-orm/singlestore-core/db.cjs.map
-rw-r--r-- okg4/okg4      1712 2026-08-18 20:45 watermelon-server-0.1/node_modules/drizzle-orm/singlestore-core/table.js
-rw-r--r-- okg4/okg4      3201 2026-08-18 20:45 watermelon-server-0.1/node_modules/drizzle-orm/singlestore-core/view.js
-rw-r--r-- okg4/okg4      3000 2026-08-18 20:45 watermelon-server-0.1/node_modules/drizzle-orm/singlestore-core/table.cjs
-rw-r--r-- okg4/okg4      1959 2026-08-18 20:45 watermelon-server-0.1/node_modules/drizzle-orm/singlestore-core/expressions.js.map
-rw-r--r-- okg4/okg4      6177 2026-08-18 20:45 watermelon-server-0.1/node_modules/drizzle-orm/singlestore-core/indexes.js.map
-rw-r--r-- okg4/okg4       532 2026-08-18 20:45 watermelon-server-0.1/node_modules/drizzle-orm/singlestore-core/view-base.d.ts
-rw-r--r-- okg4/okg4      4576 2026-08-18 20:45 watermelon-server-0.1/node_modules/drizzle-orm/singlestore-core/view.cjs
-rw-r--r-- okg4/okg4      2057 2026-08-18 20:45 watermelon-server-0.1/node_modules/drizzle-orm/singlestore-core/schema.cjs
-rw-r--r-- okg4/okg4       848 2026-08-18 20:45 watermelon-server-0.1/node_modules/drizzle-orm/singlestore-core/schema.js
-rw-r--r-- okg4/okg4       242 2026-08-18 20:45 watermelon-server-0.1/node_modules/drizzle-orm/singlestore-core/view-base.js
-rw-r--r-- okg4/okg4      1501 2026-08-18 20:45 watermelon-server-0.1/node_modules/drizzle-orm/singlestore-core/subquery.d.cts
-rw-r--r-- okg4/okg4     10121 2026-08-18 20:45 watermelon-server-0.1/node_modules/drizzle-orm/singlestore-core/db.d.cts
-rw-r--r-- okg4/okg4      4332 2026-08-18 20:45 watermelon-server-0.1/node_modules/drizzle-orm/singlestore-core/session.js
-rw-r--r-- okg4/okg4      1214 2026-08-18 20:45 watermelon-server-0.1/node_modules/drizzle-orm/singlestore-core/alias.cjs
-rw-r--r-- okg4/okg4      4878 2026-08-18 20:45 watermelon-server-0.1/node_modules/drizzle-orm/singlestore-core/session.d.ts
-rw-r--r-- okg4/okg4      4887 2026-08-18 20:45 watermelon-server-0.1/node_modules/drizzle-orm/singlestore-core/session.d.cts
-rw-r--r-- okg4/okg4      5174 2026-08-18 20:45 watermelon-server-0.1/node_modules/drizzle-orm/singlestore-core/table.d.cts
-rw-r--r-- okg4/okg4       778 2026-08-18 20:45 watermelon-server-0.1/node_modules/drizzle-orm/singlestore-core/utils.d.ts
-rw-r--r-- okg4/okg4      2750 2026-08-18 20:45 watermelon-server-0.1/node_modules/drizzle-orm/singlestore-core/unique-constraint.js.map
-rw-r--r-- okg4/okg4       664 2026-08-18 20:45 watermelon-server-0.1/node_modules/drizzle-orm/singlestore-core/alias.js.map
-rw-r--r-- okg4/okg4      1316 2026-08-18 20:45 watermelon-server-0.1/node_modules/drizzle-orm/singlestore-core/view-base.cjs
-rw-r--r-- okg4/okg4       535 2026-08-18 20:45 watermelon-server-0.1/node_modules/drizzle-orm/singlestore-core/view-base.d.cts
-rw-r--r-- okg4/okg4      2391 2026-08-18 20:45 watermelon-server-0.1/node_modules/drizzle-orm/singlestore-core/expressions.cjs
-rw-r--r-- okg4/okg4      3768 2026-08-18 20:45 watermelon-server-0.1/node_modules/drizzle-orm/singlestore-core/utils.js.map
-rw-r--r-- okg4/okg4     46297 2026-08-18 20:45 watermelon-server-0.1/node_modules/drizzle-orm/singlestore-core/dialect.js.map
-rw-r--r-- okg4/okg4       851 2026-08-18 20:45 watermelon-server-0.1/node_modules/drizzle-orm/singlestore-core/index.cjs.map
-rw-r--r-- okg4/okg4      6238 2026-08-18 20:45 watermelon-server-0.1/node_modules/drizzle-orm/singlestore-core/indexes.cjs.map
-rw-r--r-- okg4/okg4      9497 2026-08-18 20:45 watermelon-server-0.1/node_modules/drizzle-orm/singlestore-core/view.cjs.map
-rw-r--r-- okg4/okg4      5166 2026-08-18 20:45 watermelon-server-0.1/node_modules/drizzle-orm/singlestore-core/table.d.ts
-rw-r--r-- okg4/okg4     12354 2026-08-18 20:45 watermelon-server-0.1/node_modules/drizzle-orm/singlestore-core/session.cjs.map
-rw-r--r-- okg4/okg4      8496 2026-08-18 20:45 watermelon-server-0.1/node_modules/drizzle-orm/singlestore-core/table.cjs.map
-rw-r--r-- okg4/okg4      3537 2026-08-18 20:45 watermelon-server-0.1/node_modules/drizzle-orm/singlestore-core/view.d.ts
-rw-r--r-- okg4/okg4      1200 2026-08-18 20:45 watermelon-server-0.1/node_modules/drizzle-orm/singlestore-core/view-common.cjs
-rw-r--r-- okg4/okg4       784 2026-08-18 20:45 watermelon-server-0.1/node_modules/drizzle-orm/singlestore-core/subquery.cjs
-rw-r--r-- okg4/okg4      1822 2026-08-18 20:45 watermelon-server-0.1/node_modules/drizzle-orm/singlestore-core/schema.cjs.map
-rw-r--r-- okg4/okg4       211 2026-08-18 20:45 watermelon-server-0.1/node_modules/drizzle-orm/singlestore-core/alias.js
-rw-r--r-- okg4/okg4     12334 2026-08-18 20:45 watermelon-server-0.1/node_modules/drizzle-orm/singlestore-core/session.js.map
-rw-r--r-- okg4/okg4       233 2026-08-18 20:45 watermelon-server-0.1/node_modules/drizzle-orm/singlestore-core/view-common.js.map
-rw-r--r-- okg4/okg4      9160 2026-08-18 20:45 watermelon-server-0.1/node_modules/drizzle-orm/singlestore-core/db.cjs
-rw-r--r-- okg4/okg4        36 2026-08-18 20:45 watermelon-server-0.1/node_modules/drizzle-orm/singlestore-core/subquery.js
-rw-r--r-- okg4/okg4      1199 2026-08-18 20:45 watermelon-server-0.1/node_modules/drizzle-orm/singlestore-core/indexes.js
-rw-r--r-- okg4/okg4      3363 2026-08-18 20:45 watermelon-server-0.1/node_modules/drizzle-orm/singlestore-core/dialect.d.cts
-rw-r--r-- okg4/okg4       706 2026-08-18 20:45 watermelon-server-0.1/node_modules/drizzle-orm/singlestore-core/expressions.d.ts
drwxr-xr-x okg4/okg4         0 2026-08-18 20:45 watermelon-server-0.1/node_modules/drizzle-orm/better-sqlite3/
-rw-r--r-- okg4/okg4      5526 2026-08-18 20:45 watermelon-server-0.1/node_modules/drizzle-orm/better-sqlite3/driver.cjs.map
-rw-r--r-- okg4/okg4      5548 2026-08-18 20:45 watermelon-server-0.1/node_modules/drizzle-orm/better-sqlite3/session.cjs
-rw-r--r-- okg4/okg4       254 2026-08-18 20:45 watermelon-server-0.1/node_modules/drizzle-orm/better-sqlite3/migrator.d.ts
-rw-r--r-- okg4/okg4      1245 2026-08-18 20:45 watermelon-server-0.1/node_modules/drizzle-orm/better-sqlite3/index.cjs
-rw-r--r-- okg4/okg4        61 2026-08-18 20:45 watermelon-server-0.1/node_modules/drizzle-orm/better-sqlite3/index.d.cts
-rw-r--r-- okg4/okg4      1216 2026-08-18 20:45 watermelon-server-0.1/node_modules/drizzle-orm/better-sqlite3/driver.d.cts
-rw-r--r-- okg4/okg4      1213 2026-08-18 20:45 watermelon-server-0.1/node_modules/drizzle-orm/better-sqlite3/driver.d.ts
-rw-r--r-- okg4/okg4        92 2026-08-18 20:45 watermelon-server-0.1/node_modules/drizzle-orm/better-sqlite3/index.js
-rw-r--r-- okg4/okg4       683 2026-08-18 20:45 watermelon-server-0.1/node_modules/drizzle-orm/better-sqlite3/migrator.cjs.map
-rw-r--r-- okg4/okg4       189 2026-08-18 20:45 watermelon-server-0.1/node_modules/drizzle-orm/better-sqlite3/index.js.map
-rw-r--r-- okg4/okg4        59 2026-08-18 20:45 watermelon-server-0.1/node_modules/drizzle-orm/better-sqlite3/index.d.ts
-rw-r--r-- okg4/okg4       644 2026-08-18 20:45 watermelon-server-0.1/node_modules/drizzle-orm/better-sqlite3/migrator.js.map
-rw-r--r-- okg4/okg4      1278 2026-08-18 20:45 watermelon-server-0.1/node_modules/drizzle-orm/better-sqlite3/migrator.cjs
-rw-r--r-- okg4/okg4       247 2026-08-18 20:45 watermelon-server-0.1/node_modules/drizzle-orm/better-sqlite3/migrator.js
-rw-r--r-- okg4/okg4      2226 2026-08-18 20:45 watermelon-server-0.1/node_modules/drizzle-orm/better-sqlite3/driver.js
-rw-r--r-- okg4/okg4      5486 2026-08-18 20:45 watermelon-server-0.1/node_modules/drizzle-orm/better-sqlite3/driver.js.map
-rw-r--r-- okg4/okg4      4213 2026-08-18 20:45 watermelon-server-0.1/node_modules/drizzle-orm/better-sqlite3/session.js
-rw-r--r-- okg4/okg4      3444 2026-08-18 20:45 watermelon-server-0.1/node_modules/drizzle-orm/better-sqlite3/session.d.ts
-rw-r--r-- okg4/okg4      3454 2026-08-18 20:45 watermelon-server-0.1/node_modules/drizzle-orm/better-sqlite3/session.d.cts
-rw-r--r-- okg4/okg4       228 2026-08-18 20:45 watermelon-server-0.1/node_modules/drizzle-orm/better-sqlite3/index.cjs.map
-rw-r--r-- okg4/okg4      9331 2026-08-18 20:45 watermelon-server-0.1/node_modules/drizzle-orm/better-sqlite3/session.cjs.map
-rw-r--r-- okg4/okg4      9313 2026-08-18 20:45 watermelon-server-0.1/node_modules/drizzle-orm/better-sqlite3/session.js.map
-rw-r--r-- okg4/okg4      4075 2026-08-18 20:45 watermelon-server-0.1/node_modules/drizzle-orm/better-sqlite3/driver.cjs
-rw-r--r-- okg4/okg4       256 2026-08-18 20:45 watermelon-server-0.1/node_modules/drizzle-orm/better-sqlite3/migrator.d.cts
drwxr-xr-x okg4/okg4         0 2026-08-18 20:45 watermelon-server-0.1/node_modules/drizzle-orm/sql-js/
-rw-r--r-- okg4/okg4      2266 2026-08-18 20:45 watermelon-server-0.1/node_modules/drizzle-orm/sql-js/driver.cjs.map
-rw-r--r-- okg4/okg4      6327 2026-08-18 20:45 watermelon-server-0.1/node_modules/drizzle-orm/sql-js/session.cjs
-rw-r--r-- okg4/okg4       238 2026-08-18 20:45 watermelon-server-0.1/node_modules/drizzle-orm/sql-js/migrator.d.ts
-rw-r--r-- okg4/okg4      1213 2026-08-18 20:45 watermelon-server-0.1/node_modules/drizzle-orm/sql-js/index.cjs
-rw-r--r-- okg4/okg4        61 2026-08-18 20:45 watermelon-server-0.1/node_modules/drizzle-orm/sql-js/index.d.cts
-rw-r--r-- okg4/okg4       460 2026-08-18 20:45 watermelon-server-0.1/node_modules/drizzle-orm/sql-js/driver.d.cts
-rw-r--r-- okg4/okg4       458 2026-08-18 20:45 watermelon-server-0.1/node_modules/drizzle-orm/sql-js/driver.d.ts
-rw-r--r-- okg4/okg4        92 2026-08-18 20:45 watermelon-server-0.1/node_modules/drizzle-orm/sql-js/index.js
-rw-r--r-- okg4/okg4       659 2026-08-18 20:45 watermelon-server-0.1/node_modules/drizzle-orm/sql-js/migrator.cjs.map
-rw-r--r-- okg4/okg4       181 2026-08-18 20:45 watermelon-server-0.1/node_modules/drizzle-orm/sql-js/index.js.map
-rw-r--r-- okg4/okg4        59 2026-08-18 20:45 watermelon-server-0.1/node_modules/drizzle-orm/sql-js/index.d.ts
-rw-r--r-- okg4/okg4       620 2026-08-18 20:45 watermelon-server-0.1/node_modules/drizzle-orm/sql-js/migrator.js.map
-rw-r--r-- okg4/okg4      1278 2026-08-18 20:45 watermelon-server-0.1/node_modules/drizzle-orm/sql-js/migrator.cjs
-rw-r--r-- okg4/okg4       247 2026-08-18 20:45 watermelon-server-0.1/node_modules/drizzle-orm/sql-js/migrator.js
-rw-r--r-- okg4/okg4      1066 2026-08-18 20:45 watermelon-server-0.1/node_modules/drizzle-orm/sql-js/driver.js
-rw-r--r-- okg4/okg4      2264 2026-08-18 20:45 watermelon-server-0.1/node_modules/drizzle-orm/sql-js/driver.js.map
-rw-r--r-- okg4/okg4      4997 2026-08-18 20:45 watermelon-server-0.1/node_modules/drizzle-orm/sql-js/session.js
-rw-r--r-- okg4/okg4      2914 2026-08-18 20:45 watermelon-server-0.1/node_modules/drizzle-orm/sql-js/session.d.ts
-rw-r--r-- okg4/okg4      2923 2026-08-18 20:45 watermelon-server-0.1/node_modules/drizzle-orm/sql-js/session.d.cts
-rw-r--r-- okg4/okg4       220 2026-08-18 20:45 watermelon-server-0.1/node_modules/drizzle-orm/sql-js/index.cjs.map
-rw-r--r-- okg4/okg4     10678 2026-08-18 20:45 watermelon-server-0.1/node_modules/drizzle-orm/sql-js/session.cjs.map
-rw-r--r-- okg4/okg4     10639 2026-08-18 20:45 watermelon-server-0.1/node_modules/drizzle-orm/sql-js/session.js.map
-rw-r--r-- okg4/okg4      2110 2026-08-18 20:45 watermelon-server-0.1/node_modules/drizzle-orm/sql-js/driver.cjs
-rw-r--r-- okg4/okg4       240 2026-08-18 20:45 watermelon-server-0.1/node_modules/drizzle-orm/sql-js/migrator.d.cts
-rw-r--r-- okg4/okg4        52 2026-08-18 20:45 watermelon-server-0.1/node_modules/drizzle-orm/view-common.d.ts
-rw-r--r-- okg4/okg4       775 2026-08-18 20:45 watermelon-server-0.1/node_modules/drizzle-orm/batch.cjs
-rw-r--r-- okg4/okg4       781 2026-08-18 20:45 watermelon-server-0.1/node_modules/drizzle-orm/session.cjs
-rw-r--r-- okg4/okg4      5304 2026-08-18 20:45 watermelon-server-0.1/node_modules/drizzle-orm/selection-proxy.cjs.map
-rw-r--r-- okg4/okg4      3635 2026-08-18 20:45 watermelon-server-0.1/node_modules/drizzle-orm/utils.d.cts
-rw-r--r-- okg4/okg4      5291 2026-08-18 20:45 watermelon-server-0.1/node_modules/drizzle-orm/selection-proxy.js.map
-rw-r--r-- okg4/okg4       500 2026-08-18 20:45 watermelon-server-0.1/node_modules/drizzle-orm/casing.d.ts
drwxr-xr-x okg4/okg4         0 2026-08-18 20:45 watermelon-server-0.1/node_modules/drizzle-orm/query-builders/
-rw-r--r-- okg4/okg4       396 2026-08-18 20:45 watermelon-server-0.1/node_modules/drizzle-orm/query-builders/query-builder.d.ts
-rw-r--r-- okg4/okg4      7147 2026-08-18 20:45 watermelon-server-0.1/node_modules/drizzle-orm/query-builders/select.types.d.cts
-rw-r--r-- okg4/okg4       749 2026-08-18 20:45 watermelon-server-0.1/node_modules/drizzle-orm/query-builders/query-builder.js.map
-rw-r--r-- okg4/okg4        40 2026-08-18 20:45 watermelon-server-0.1/node_modules/drizzle-orm/query-builders/select.types.js
-rw-r--r-- okg4/okg4       788 2026-08-18 20:45 watermelon-server-0.1/node_modules/drizzle-orm/query-builders/query-builder.cjs.map
-rw-r--r-- okg4/okg4      1335 2026-08-18 20:45 watermelon-server-0.1/node_modules/drizzle-orm/query-builders/query-builder.cjs
-rw-r--r-- okg4/okg4      7965 2026-08-18 20:45 watermelon-server-0.1/node_modules/drizzle-orm/query-builders/select.types.cjs.map
-rw-r--r-- okg4/okg4        71 2026-08-18 20:45 watermelon-server-0.1/node_modules/drizzle-orm/query-builders/select.types.js.map
-rw-r--r-- okg4/okg4       796 2026-08-18 20:45 watermelon-server-0.1/node_modules/drizzle-orm/query-builders/select.types.cjs
-rw-r--r-- okg4/okg4       398 2026-08-18 20:45 watermelon-server-0.1/node_modules/drizzle-orm/query-builders/query-builder.d.cts
-rw-r--r-- okg4/okg4       270 2026-08-18 20:45 watermelon-server-0.1/node_modules/drizzle-orm/query-builders/query-builder.js
-rw-r--r-- okg4/okg4      7140 2026-08-18 20:45 watermelon-server-0.1/node_modules/drizzle-orm/query-builders/select.types.d.ts
-rw-r--r-- okg4/okg4       198 2026-08-18 20:45 watermelon-server-0.1/node_modules/drizzle-orm/table.utils.js.map
-rw-r--r-- okg4/okg4       398 2026-08-18 20:45 watermelon-server-0.1/node_modules/drizzle-orm/migrator.d.ts
-rw-r--r-- okg4/okg4       113 2026-08-18 20:45 watermelon-server-0.1/node_modules/drizzle-orm/tracing-utils.js
-rw-r--r-- okg4/okg4       898 2026-08-18 20:45 watermelon-server-0.1/node_modules/drizzle-orm/tracing.js
drwxr-xr-x okg4/okg4         0 2026-08-18 20:45 watermelon-server-0.1/node_modules/drizzle-orm/mysql2/
-rw-r--r-- okg4/okg4      8098 2026-08-18 20:45 watermelon-server-0.1/node_modules/drizzle-orm/mysql2/driver.cjs.map
-rw-r--r-- okg4/okg4      9417 2026-08-18 20:45 watermelon-server-0.1/node_modules/drizzle-orm/mysql2/session.cjs
-rw-r--r-- okg4/okg4       249 2026-08-18 20:45 watermelon-server-0.1/node_modules/drizzle-orm/mysql2/migrator.d.ts
-rw-r--r-- okg4/okg4      1213 2026-08-18 20:45 watermelon-server-0.1/node_modules/drizzle-orm/mysql2/index.cjs
-rw-r--r-- okg4/okg4        61 2026-08-18 20:45 watermelon-server-0.1/node_modules/drizzle-orm/mysql2/index.d.cts
-rw-r--r-- okg4/okg4      2580 2026-08-18 20:45 watermelon-server-0.1/node_modules/drizzle-orm/mysql2/driver.d.cts
-rw-r--r-- okg4/okg4      2569 2026-08-18 20:45 watermelon-server-0.1/node_modules/drizzle-orm/mysql2/driver.d.ts
-rw-r--r-- okg4/okg4        92 2026-08-18 20:45 watermelon-server-0.1/node_modules/drizzle-orm/mysql2/index.js
-rw-r--r-- okg4/okg4       680 2026-08-18 20:45 watermelon-server-0.1/node_modules/drizzle-orm/mysql2/migrator.cjs.map
-rw-r--r-- okg4/okg4       181 2026-08-18 20:45 watermelon-server-0.1/node_modules/drizzle-orm/mysql2/index.js.map
-rw-r--r-- okg4/okg4        59 2026-08-18 20:45 watermelon-server-0.1/node_modules/drizzle-orm/mysql2/index.d.ts
-rw-r--r-- okg4/okg4       641 2026-08-18 20:45 watermelon-server-0.1/node_modules/drizzle-orm/mysql2/migrator.js.map
-rw-r--r-- okg4/okg4      1290 2026-08-18 20:45 watermelon-server-0.1/node_modules/drizzle-orm/mysql2/migrator.cjs
-rw-r--r-- okg4/okg4       259 2026-08-18 20:45 watermelon-server-0.1/node_modules/drizzle-orm/mysql2/migrator.js
-rw-r--r-- okg4/okg4      3265 2026-08-18 20:45 watermelon-server-0.1/node_modules/drizzle-orm/mysql2/driver.js
-rw-r--r-- okg4/okg4      8103 2026-08-18 20:45 watermelon-server-0.1/node_modules/drizzle-orm/mysql2/driver.js.map
-rw-r--r-- okg4/okg4      7989 2026-08-18 20:45 watermelon-server-0.1/node_modules/drizzle-orm/mysql2/session.js
-rw-r--r-- okg4/okg4      4146 2026-08-18 20:45 watermelon-server-0.1/node_modules/drizzle-orm/mysql2/session.d.ts
-rw-r--r-- okg4/okg4      4156 2026-08-18 20:45 watermelon-server-0.1/node_modules/drizzle-orm/mysql2/session.d.cts
-rw-r--r-- okg4/okg4       220 2026-08-18 20:45 watermelon-server-0.1/node_modules/drizzle-orm/mysql2/index.cjs.map
-rw-r--r-- okg4/okg4     17515 2026-08-18 20:45 watermelon-server-0.1/node_modules/drizzle-orm/mysql2/session.cjs.map
-rw-r--r-- okg4/okg4     17521 2026-08-18 20:45 watermelon-server-0.1/node_modules/drizzle-orm/mysql2/session.js.map
-rw-r--r-- okg4/okg4      4531 2026-08-18 20:45 watermelon-server-0.1/node_modules/drizzle-orm/mysql2/driver.cjs
-rw-r--r-- okg4/okg4       251 2026-08-18 20:45 watermelon-server-0.1/node_modules/drizzle-orm/mysql2/migrator.d.cts
-rw-r--r-- okg4/okg4      1298 2026-08-18 20:45 watermelon-server-0.1/node_modules/drizzle-orm/primary-key.cjs
-rw-r--r-- okg4/okg4      2441 2026-08-18 20:45 watermelon-server-0.1/node_modules/drizzle-orm/index.cjs
-rw-r--r-- okg4/okg4      7962 2026-08-18 20:45 watermelon-server-0.1/node_modules/drizzle-orm/utils.cjs
-rw-r--r-- okg4/okg4       449 2026-08-18 20:45 watermelon-server-0.1/node_modules/drizzle-orm/index.d.cts
drwxr-xr-x okg4/okg4         0 2026-08-18 20:45 watermelon-server-0.1/node_modules/drizzle-orm/singlestore/
-rw-r--r-- okg4/okg4      8638 2026-08-18 20:45 watermelon-server-0.1/node_modules/drizzle-orm/singlestore/driver.cjs.map
-rw-r--r-- okg4/okg4      9578 2026-08-18 20:45 watermelon-server-0.1/node_modules/drizzle-orm/singlestore/session.cjs
-rw-r--r-- okg4/okg4       271 2026-08-18 20:45 watermelon-server-0.1/node_modules/drizzle-orm/singlestore/migrator.d.ts
-rw-r--r-- okg4/okg4      1233 2026-08-18 20:45 watermelon-server-0.1/node_modules/drizzle-orm/singlestore/index.cjs
-rw-r--r-- okg4/okg4        61 2026-08-18 20:45 watermelon-server-0.1/node_modules/drizzle-orm/singlestore/index.d.cts
-rw-r--r-- okg4/okg4      2749 2026-08-18 20:45 watermelon-server-0.1/node_modules/drizzle-orm/singlestore/driver.d.cts
-rw-r--r-- okg4/okg4      2739 2026-08-18 20:45 watermelon-server-0.1/node_modules/drizzle-orm/singlestore/driver.d.ts
-rw-r--r-- okg4/okg4        92 2026-08-18 20:45 watermelon-server-0.1/node_modules/drizzle-orm/singlestore/index.js
-rw-r--r-- okg4/okg4       707 2026-08-18 20:45 watermelon-server-0.1/node_modules/drizzle-orm/singlestore/migrator.cjs.map
-rw-r--r-- okg4/okg4       186 2026-08-18 20:45 watermelon-server-0.1/node_modules/drizzle-orm/singlestore/index.js.map
-rw-r--r-- okg4/okg4        59 2026-08-18 20:45 watermelon-server-0.1/node_modules/drizzle-orm/singlestore/index.d.ts
-rw-r--r-- okg4/okg4       668 2026-08-18 20:45 watermelon-server-0.1/node_modules/drizzle-orm/singlestore/migrator.js.map
-rw-r--r-- okg4/okg4      1290 2026-08-18 20:45 watermelon-server-0.1/node_modules/drizzle-orm/singlestore/migrator.cjs
-rw-r--r-- okg4/okg4       259 2026-08-18 20:45 watermelon-server-0.1/node_modules/drizzle-orm/singlestore/migrator.js
-rw-r--r-- okg4/okg4      3496 2026-08-18 20:45 watermelon-server-0.1/node_modules/drizzle-orm/singlestore/driver.js
-rw-r--r-- okg4/okg4      8654 2026-08-18 20:45 watermelon-server-0.1/node_modules/drizzle-orm/singlestore/driver.js.map
-rw-r--r-- okg4/okg4      8102 2026-08-18 20:45 watermelon-server-0.1/node_modules/drizzle-orm/singlestore/session.js
-rw-r--r-- okg4/okg4      4444 2026-08-18 20:45 watermelon-server-0.1/node_modules/drizzle-orm/singlestore/session.d.ts
-rw-r--r-- okg4/okg4      4454 2026-08-18 20:45 watermelon-server-0.1/node_modules/drizzle-orm/singlestore/session.d.cts
-rw-r--r-- okg4/okg4       225 2026-08-18 20:45 watermelon-server-0.1/node_modules/drizzle-orm/singlestore/index.cjs.map
-rw-r--r-- okg4/okg4     17812 2026-08-18 20:45 watermelon-server-0.1/node_modules/drizzle-orm/singlestore/session.cjs.map
-rw-r--r-- okg4/okg4     17819 2026-08-18 20:45 watermelon-server-0.1/node_modules/drizzle-orm/singlestore/session.js.map
-rw-r--r-- okg4/okg4      4762 2026-08-18 20:45 watermelon-server-0.1/node_modules/drizzle-orm/singlestore/driver.cjs
-rw-r--r-- okg4/okg4       273 2026-08-18 20:45 watermelon-server-0.1/node_modules/drizzle-orm/singlestore/migrator.d.cts
-rw-r--r-- okg4/okg4        71 2026-08-18 20:45 watermelon-server-0.1/node_modules/drizzle-orm/operations.js.map
-rw-r--r-- okg4/okg4       694 2026-08-18 20:45 watermelon-server-0.1/node_modules/drizzle-orm/logger.d.cts
-rw-r--r-- okg4/okg4      1898 2026-08-18 20:45 watermelon-server-0.1/node_modules/drizzle-orm/casing.js
-rw-r--r-- okg4/okg4       867 2026-08-18 20:45 watermelon-server-0.1/node_modules/drizzle-orm/entity.js
-rw-r--r-- okg4/okg4      3779 2026-08-18 20:45 watermelon-server-0.1/node_modules/drizzle-orm/casing.cjs.map
-rw-r--r-- okg4/okg4       312 2026-08-18 20:45 watermelon-server-0.1/node_modules/drizzle-orm/tracing-utils.cjs.map
-rw-r--r-- okg4/okg4      2008 2026-08-18 20:45 watermelon-server-0.1/node_modules/drizzle-orm/subquery.cjs.map
-rw-r--r-- okg4/okg4       601 2026-08-18 20:45 watermelon-server-0.1/node_modules/drizzle-orm/primary-key.cjs.map
-rw-r--r-- okg4/okg4     12262 2026-08-18 20:45 watermelon-server-0.1/node_modules/drizzle-orm/relations.d.ts
-rw-r--r-- okg4/okg4     14788 2026-08-18 20:45 watermelon-server-0.1/node_modules/drizzle-orm/column-builder.js.map
-rw-r--r-- okg4/okg4       205 2026-08-18 20:45 watermelon-server-0.1/node_modules/drizzle-orm/runnable-query.d.ts
-rw-r--r-- okg4/okg4      3254 2026-08-18 20:45 watermelon-server-0.1/node_modules/drizzle-orm/README.md
-rw-r--r-- okg4/okg4       461 2026-08-18 20:45 watermelon-server-0.1/node_modules/drizzle-orm/selection-proxy.d.ts
-rw-r--r-- okg4/okg4       566 2026-08-18 20:45 watermelon-server-0.1/node_modules/drizzle-orm/errors.d.cts
drwxr-xr-x okg4/okg4         0 2026-08-18 20:45 watermelon-server-0.1/node_modules/drizzle-orm/postgres-js/
-rw-r--r-- okg4/okg4      6273 2026-08-18 20:45 watermelon-server-0.1/node_modules/drizzle-orm/postgres-js/driver.cjs.map
-rw-r--r-- okg4/okg4      6616 2026-08-18 20:45 watermelon-server-0.1/node_modules/drizzle-orm/postgres-js/session.cjs
-rw-r--r-- okg4/okg4       257 2026-08-18 20:45 watermelon-server-0.1/node_modules/drizzle-orm/postgres-js/migrator.d.ts
-rw-r--r-- okg4/okg4      1233 2026-08-18 20:45 watermelon-server-0.1/node_modules/drizzle-orm/postgres-js/index.cjs
-rw-r--r-- okg4/okg4        61 2026-08-18 20:45 watermelon-server-0.1/node_modules/drizzle-orm/postgres-js/index.d.cts
-rw-r--r-- okg4/okg4      1203 2026-08-18 20:45 watermelon-server-0.1/node_modules/drizzle-orm/postgres-js/driver.d.cts
-rw-r--r-- okg4/okg4      1199 2026-08-18 20:45 watermelon-server-0.1/node_modules/drizzle-orm/postgres-js/driver.d.ts
-rw-r--r-- okg4/okg4        92 2026-08-18 20:45 watermelon-server-0.1/node_modules/drizzle-orm/postgres-js/index.js
-rw-r--r-- okg4/okg4       693 2026-08-18 20:45 watermelon-server-0.1/node_modules/drizzle-orm/postgres-js/migrator.cjs.map
-rw-r--r-- okg4/okg4       186 2026-08-18 20:45 watermelon-server-0.1/node_modules/drizzle-orm/postgres-js/index.js.map
-rw-r--r-- okg4/okg4        59 2026-08-18 20:45 watermelon-server-0.1/node_modules/drizzle-orm/postgres-js/index.d.ts
-rw-r--r-- okg4/okg4       654 2026-08-18 20:45 watermelon-server-0.1/node_modules/drizzle-orm/postgres-js/migrator.js.map
-rw-r--r-- okg4/okg4      1290 2026-08-18 20:45 watermelon-server-0.1/node_modules/drizzle-orm/postgres-js/migrator.cjs
-rw-r--r-- okg4/okg4       259 2026-08-18 20:45 watermelon-server-0.1/node_modules/drizzle-orm/postgres-js/migrator.js
-rw-r--r-- okg4/okg4      2674 2026-08-18 20:45 watermelon-server-0.1/node_modules/drizzle-orm/postgres-js/driver.js
-rw-r--r-- okg4/okg4      6235 2026-08-18 20:45 watermelon-server-0.1/node_modules/drizzle-orm/postgres-js/driver.js.map
-rw-r--r-- okg4/okg4      5222 2026-08-18 20:45 watermelon-server-0.1/node_modules/drizzle-orm/postgres-js/session.js
-rw-r--r-- okg4/okg4      3686 2026-08-18 20:45 watermelon-server-0.1/node_modules/drizzle-orm/postgres-js/session.d.ts
-rw-r--r-- okg4/okg4      3698 2026-08-18 20:45 watermelon-server-0.1/node_modules/drizzle-orm/postgres-js/session.d.cts
-rw-r--r-- okg4/okg4       225 2026-08-18 20:45 watermelon-server-0.1/node_modules/drizzle-orm/postgres-js/index.cjs.map
-rw-r--r-- okg4/okg4     11100 2026-08-18 20:45 watermelon-server-0.1/node_modules/drizzle-orm/postgres-js/session.cjs.map
-rw-r--r-- okg4/okg4     11080 2026-08-18 20:45 watermelon-server-0.1/node_modules/drizzle-orm/postgres-js/session.js.map
-rw-r--r-- okg4/okg4      4495 2026-08-18 20:45 watermelon-server-0.1/node_modules/drizzle-orm/postgres-js/driver.cjs
-rw-r--r-- okg4/okg4       259 2026-08-18 20:45 watermelon-server-0.1/node_modules/drizzle-orm/postgres-js/migrator.d.cts
drwxr-xr-x okg4/okg4         0 2026-08-18 20:45 watermelon-server-0.1/node_modules/drizzle-orm/gel-core/
-rw-r--r-- okg4/okg4      4853 2026-08-18 20:45 watermelon-server-0.1/node_modules/drizzle-orm/gel-core/foreign-keys.cjs.map
-rw-r--r-- okg4/okg4        51 2026-08-18 20:45 watermelon-server-0.1/node_modules/drizzle-orm/gel-core/view-common.d.ts
-rw-r--r-- okg4/okg4     19289 2026-08-18 20:45 watermelon-server-0.1/node_modules/drizzle-orm/gel-core/view.js.map
-rw-r--r-- okg4/okg4      5478 2026-08-18 20:45 watermelon-server-0.1/node_modules/drizzle-orm/gel-core/session.cjs
-rw-r--r-- okg4/okg4      1668 2026-08-18 20:45 watermelon-server-0.1/node_modules/drizzle-orm/gel-core/roles.cjs
-rw-r--r-- okg4/okg4      1451 2026-08-18 20:45 watermelon-server-0.1/node_modules/drizzle-orm/gel-core/roles.cjs.map
-rw-r--r-- okg4/okg4      2429 2026-08-18 20:45 watermelon-server-0.1/node_modules/drizzle-orm/gel-core/utils.d.cts
-rw-r--r-- okg4/okg4      4432 2026-08-18 20:45 watermelon-server-0.1/node_modules/drizzle-orm/gel-core/indexes.cjs
-rw-r--r-- okg4/okg4      1561 2026-08-18 20:45 watermelon-server-0.1/node_modules/drizzle-orm/gel-core/unique-constraint.js
-rw-r--r-- okg4/okg4       614 2026-08-18 20:45 watermelon-server-0.1/node_modules/drizzle-orm/gel-core/checks.js
-rw-r--r-- okg4/okg4     28551 2026-08-18 20:45 watermelon-server-0.1/node_modules/drizzle-orm/gel-core/db.js.map
-rw-r--r-- okg4/okg4       610 2026-08-18 20:45 watermelon-server-0.1/node_modules/drizzle-orm/gel-core/checks.d.cts
drwxr-xr-x okg4/okg4         0 2026-08-18 20:45 watermelon-server-0.1/node_modules/drizzle-orm/gel-core/query-builders/
-rw-r--r-- okg4/okg4     27541 2026-08-18 20:45 watermelon-server-0.1/node_modules/drizzle-orm/gel-core/query-builders/select.js
-rw-r--r-- okg4/okg4     54986 2026-08-18 20:45 watermelon-server-0.1/node_modules/drizzle-orm/gel-core/query-builders/select.cjs.map
-rw-r--r-- okg4/okg4      3080 2026-08-18 20:45 watermelon-server-0.1/node_modules/drizzle-orm/gel-core/query-builders/query.js
-rw-r--r-- okg4/okg4     18043 2026-08-18 20:45 watermelon-server-0.1/node_modules/drizzle-orm/gel-core/query-builders/insert.cjs.map
-rw-r--r-- okg4/okg4      4163 2026-08-18 20:45 watermelon-server-0.1/node_modules/drizzle-orm/gel-core/query-builders/refresh-materialized-view.cjs.map
-rw-r--r-- okg4/okg4     32540 2026-08-18 20:45 watermelon-server-0.1/node_modules/drizzle-orm/gel-core/query-builders/select.d.ts
-rw-r--r-- okg4/okg4      2574 2026-08-18 20:45 watermelon-server-0.1/node_modules/drizzle-orm/gel-core/query-builders/query.d.ts
-rw-r--r-- okg4/okg4      1842 2026-08-18 20:45 watermelon-server-0.1/node_modules/drizzle-orm/gel-core/query-builders/index.cjs
-rw-r--r-- okg4/okg4       242 2026-08-18 20:45 watermelon-server-0.1/node_modules/drizzle-orm/gel-core/query-builders/index.d.cts
-rw-r--r-- okg4/okg4      4280 2026-08-18 20:45 watermelon-server-0.1/node_modules/drizzle-orm/gel-core/query-builders/query.cjs
-rw-r--r-- okg4/okg4      2236 2026-08-18 20:45 watermelon-server-0.1/node_modules/drizzle-orm/gel-core/query-builders/query-builder.d.ts
-rw-r--r-- okg4/okg4      6847 2026-08-18 20:45 watermelon-server-0.1/node_modules/drizzle-orm/gel-core/query-builders/query.js.map
-rw-r--r-- okg4/okg4     11886 2026-08-18 20:45 watermelon-server-0.1/node_modules/drizzle-orm/gel-core/query-builders/update.d.cts
-rw-r--r-- okg4/okg4     11871 2026-08-18 20:45 watermelon-server-0.1/node_modules/drizzle-orm/gel-core/query-builders/update.d.ts
-rw-r--r-- okg4/okg4     12896 2026-08-18 20:45 watermelon-server-0.1/node_modules/drizzle-orm/gel-core/query-builders/select.types.d.cts
-rw-r--r-- okg4/okg4       268 2026-08-18 20:45 watermelon-server-0.1/node_modules/drizzle-orm/gel-core/query-builders/index.js
-rw-r--r-- okg4/okg4     18014 2026-08-18 20:45 watermelon-server-0.1/node_modules/drizzle-orm/gel-core/query-builders/insert.js.map
-rw-r--r-- okg4/okg4      1797 2026-08-18 20:45 watermelon-server-0.1/node_modules/drizzle-orm/gel-core/query-builders/raw.cjs.map
-rw-r--r-- okg4/okg4       432 2026-08-18 20:45 watermelon-server-0.1/node_modules/drizzle-orm/gel-core/query-builders/index.js.map
-rw-r--r-- okg4/okg4      1218 2026-08-18 20:45 watermelon-server-0.1/node_modules/drizzle-orm/gel-core/query-builders/count.d.ts
-rw-r--r-- okg4/okg4      1567 2026-08-18 20:45 watermelon-server-0.1/node_modules/drizzle-orm/gel-core/query-builders/refresh-materialized-view.js
-rw-r--r-- okg4/okg4      6892 2026-08-18 20:45 watermelon-server-0.1/node_modules/drizzle-orm/gel-core/query-builders/query-builder.js.map
-rw-r--r-- okg4/okg4      2583 2026-08-18 20:45 watermelon-server-0.1/node_modules/drizzle-orm/gel-core/query-builders/query.d.cts
-rw-r--r-- okg4/okg4        40 2026-08-18 20:45 watermelon-server-0.1/node_modules/drizzle-orm/gel-core/query-builders/select.types.js
-rw-r--r-- okg4/okg4      6652 2026-08-18 20:45 watermelon-server-0.1/node_modules/drizzle-orm/gel-core/query-builders/update.js
-rw-r--r-- okg4/okg4       235 2026-08-18 20:45 watermelon-server-0.1/node_modules/drizzle-orm/gel-core/query-builders/index.d.ts
-rw-r--r-- okg4/okg4      2569 2026-08-18 20:45 watermelon-server-0.1/node_modules/drizzle-orm/gel-core/query-builders/delete.js
-rw-r--r-- okg4/okg4      3260 2026-08-18 20:45 watermelon-server-0.1/node_modules/drizzle-orm/gel-core/query-builders/count.js.map
-rw-r--r-- okg4/okg4      2390 2026-08-18 20:45 watermelon-server-0.1/node_modules/drizzle-orm/gel-core/query-builders/count.cjs
-rw-r--r-- okg4/okg4      6914 2026-08-18 20:45 watermelon-server-0.1/node_modules/drizzle-orm/gel-core/query-builders/query-builder.cjs.map
-rw-r--r-- okg4/okg4      8448 2026-08-18 20:45 watermelon-server-0.1/node_modules/drizzle-orm/gel-core/query-builders/insert.cjs
-rw-r--r-- okg4/okg4      7599 2026-08-18 20:45 watermelon-server-0.1/node_modules/drizzle-orm/gel-core/query-builders/insert.d.ts
-rw-r--r-- okg4/okg4      3679 2026-08-18 20:45 watermelon-server-0.1/node_modules/drizzle-orm/gel-core/query-builders/query-builder.cjs
-rw-r--r-- okg4/okg4      7123 2026-08-18 20:45 watermelon-server-0.1/node_modules/drizzle-orm/gel-core/query-builders/insert.js
-rw-r--r-- okg4/okg4      1009 2026-08-18 20:45 watermelon-server-0.1/node_modules/drizzle-orm/gel-core/query-builders/raw.d.cts
-rw-r--r-- okg4/okg4     14153 2026-08-18 20:45 watermelon-server-0.1/node_modules/drizzle-orm/gel-core/query-builders/select.types.cjs.map
-rw-r--r-- okg4/okg4       715 2026-08-18 20:45 watermelon-server-0.1/node_modules/drizzle-orm/gel-core/query-builders/raw.js
-rw-r--r-- okg4/okg4      1222 2026-08-18 20:45 watermelon-server-0.1/node_modules/drizzle-orm/gel-core/query-builders/count.d.cts
-rw-r--r-- okg4/okg4     22238 2026-08-18 20:45 watermelon-server-0.1/node_modules/drizzle-orm/gel-core/query-builders/update.js.map
-rw-r--r-- okg4/okg4     22269 2026-08-18 20:45 watermelon-server-0.1/node_modules/drizzle-orm/gel-core/query-builders/update.cjs.map
-rw-r--r-- okg4/okg4      8163 2026-08-18 20:45 watermelon-server-0.1/node_modules/drizzle-orm/gel-core/query-builders/update.cjs
-rw-r--r-- okg4/okg4      3290 2026-08-18 20:45 watermelon-server-0.1/node_modules/drizzle-orm/gel-core/query-builders/count.cjs.map
-rw-r--r-- okg4/okg4      1296 2026-08-18 20:45 watermelon-server-0.1/node_modules/drizzle-orm/gel-core/query-builders/count.js
-rw-r--r-- okg4/okg4      4129 2026-08-18 20:45 watermelon-server-0.1/node_modules/drizzle-orm/gel-core/query-builders/refresh-materialized-view.js.map
-rw-r--r-- okg4/okg4     32557 2026-08-18 20:45 watermelon-server-0.1/node_modules/drizzle-orm/gel-core/query-builders/select.d.cts
-rw-r--r-- okg4/okg4      6186 2026-08-18 20:45 watermelon-server-0.1/node_modules/drizzle-orm/gel-core/query-builders/delete.d.cts
-rw-r--r-- okg4/okg4      2753 2026-08-18 20:45 watermelon-server-0.1/node_modules/drizzle-orm/gel-core/query-builders/refresh-materialized-view.cjs
-rw-r--r-- okg4/okg4      1488 2026-08-18 20:45 watermelon-server-0.1/node_modules/drizzle-orm/gel-core/query-builders/refresh-materialized-view.d.ts
-rw-r--r-- okg4/okg4     54951 2026-08-18 20:45 watermelon-server-0.1/node_modules/drizzle-orm/gel-core/query-builders/select.js.map
-rw-r--r-- okg4/okg4        71 2026-08-18 20:45 watermelon-server-0.1/node_modules/drizzle-orm/gel-core/query-builders/select.types.js.map
-rw-r--r-- okg4/okg4      6873 2026-08-18 20:45 watermelon-server-0.1/node_modules/drizzle-orm/gel-core/query-builders/query.cjs.map
-rw-r--r-- okg4/okg4       796 2026-08-18 20:45 watermelon-server-0.1/node_modules/drizzle-orm/gel-core/query-builders/select.types.cjs
-rw-r--r-- okg4/okg4      7616 2026-08-18 20:45 watermelon-server-0.1/node_modules/drizzle-orm/gel-core/query-builders/insert.d.cts
-rw-r--r-- okg4/okg4      1495 2026-08-18 20:45 watermelon-server-0.1/node_modules/drizzle-orm/gel-core/query-builders/refresh-materialized-view.d.cts
-rw-r--r-- okg4/okg4      3719 2026-08-18 20:45 watermelon-server-0.1/node_modules/drizzle-orm/gel-core/query-builders/delete.cjs
-rw-r--r-- okg4/okg4      9529 2026-08-18 20:45 watermelon-server-0.1/node_modules/drizzle-orm/gel-core/query-builders/delete.cjs.map
-rw-r--r-- okg4/okg4       506 2026-08-18 20:45 watermelon-server-0.1/node_modules/drizzle-orm/gel-core/query-builders/index.cjs.map
-rw-r--r-- okg4/okg4      2246 2026-08-18 20:45 watermelon-server-0.1/node_modules/drizzle-orm/gel-core/query-builders/query-builder.d.cts
-rw-r--r-- okg4/okg4      2417 2026-08-18 20:45 watermelon-server-0.1/node_modules/drizzle-orm/gel-core/query-builders/query-builder.js
-rw-r--r-- okg4/okg4      1757 2026-08-18 20:45 watermelon-server-0.1/node_modules/drizzle-orm/gel-core/query-builders/raw.cjs
-rw-r--r-- okg4/okg4     12883 2026-08-18 20:45 watermelon-server-0.1/node_modules/drizzle-orm/gel-core/query-builders/select.types.d.ts
-rw-r--r-- okg4/okg4     29557 2026-08-18 20:45 watermelon-server-0.1/node_modules/drizzle-orm/gel-core/query-builders/select.cjs
-rw-r--r-- okg4/okg4      1762 2026-08-18 20:45 watermelon-server-0.1/node_modules/drizzle-orm/gel-core/query-builders/raw.js.map
-rw-r--r-- okg4/okg4      1004 2026-08-18 20:45 watermelon-server-0.1/node_modules/drizzle-orm/gel-core/query-builders/raw.d.ts
-rw-r--r-- okg4/okg4      9486 2026-08-18 20:45 watermelon-server-0.1/node_modules/drizzle-orm/gel-core/query-builders/delete.js.map
-rw-r--r-- okg4/okg4      6176 2026-08-18 20:45 watermelon-server-0.1/node_modules/drizzle-orm/gel-core/query-builders/delete.d.ts
-rw-r--r-- okg4/okg4      2167 2026-08-18 20:45 watermelon-server-0.1/node_modules/drizzle-orm/gel-core/primary-keys.cjs
-rw-r--r-- okg4/okg4       659 2026-08-18 20:45 watermelon-server-0.1/node_modules/drizzle-orm/gel-core/schema.d.cts
-rw-r--r-- okg4/okg4       470 2026-08-18 20:45 watermelon-server-0.1/node_modules/drizzle-orm/gel-core/expressions.d.cts
-rw-r--r-- okg4/okg4      4262 2026-08-18 20:45 watermelon-server-0.1/node_modules/drizzle-orm/gel-core/indexes.d.cts
-rw-r--r-- okg4/okg4      3133 2026-08-18 20:45 watermelon-server-0.1/node_modules/drizzle-orm/gel-core/index.cjs
-rw-r--r-- okg4/okg4      4504 2026-08-18 20:45 watermelon-server-0.1/node_modules/drizzle-orm/gel-core/utils.cjs
-rw-r--r-- okg4/okg4      1777 2026-08-18 20:45 watermelon-server-0.1/node_modules/drizzle-orm/gel-core/foreign-keys.d.ts
-rw-r--r-- okg4/okg4       648 2026-08-18 20:45 watermelon-server-0.1/node_modules/drizzle-orm/gel-core/index.d.cts
-rw-r--r-- okg4/okg4      1045 2026-08-18 20:45 watermelon-server-0.1/node_modules/drizzle-orm/gel-core/policies.d.ts
-rw-r--r-- okg4/okg4       624 2026-08-18 20:45 watermelon-server-0.1/node_modules/drizzle-orm/gel-core/expressions.js
-rw-r--r-- okg4/okg4      1693 2026-08-18 20:45 watermelon-server-0.1/node_modules/drizzle-orm/gel-core/policies.cjs
-rw-r--r-- okg4/okg4     12242 2026-08-18 20:45 watermelon-server-0.1/node_modules/drizzle-orm/gel-core/db.d.ts
-rw-r--r-- okg4/okg4       776 2026-08-18 20:45 watermelon-server-0.1/node_modules/drizzle-orm/gel-core/subquery.cjs.map
-rw-r--r-- okg4/okg4      9807 2026-08-18 20:45 watermelon-server-0.1/node_modules/drizzle-orm/gel-core/db.js
-rw-r--r-- okg4/okg4      1407 2026-08-18 20:45 watermelon-server-0.1/node_modules/drizzle-orm/gel-core/roles.js.map
-rw-r--r-- okg4/okg4      1706 2026-08-18 20:45 watermelon-server-0.1/node_modules/drizzle-orm/gel-core/checks.cjs
drwxr-xr-x okg4/okg4         0 2026-08-18 20:45 watermelon-server-0.1/node_modules/drizzle-orm/gel-core/columns/
-rw-r--r-- okg4/okg4      5719 2026-08-18 20:45 watermelon-server-0.1/node_modules/drizzle-orm/gel-core/columns/custom.d.ts
-rw-r--r-- okg4/okg4       601 2026-08-18 20:45 watermelon-server-0.1/node_modules/drizzle-orm/gel-core/columns/uuid.js
-rw-r--r-- okg4/okg4      1150 2026-08-18 20:45 watermelon-server-0.1/node_modules/drizzle-orm/gel-core/columns/localtime.d.cts
-rw-r--r-- okg4/okg4      1008 2026-08-18 20:45 watermelon-server-0.1/node_modules/drizzle-orm/gel-core/columns/bytes.d.cts
-rw-r--r-- okg4/okg4       884 2026-08-18 20:45 watermelon-server-0.1/node_modules/drizzle-orm/gel-core/columns/date.common.cjs.map
-rw-r--r-- okg4/okg4      1073 2026-08-18 20:45 watermelon-server-0.1/node_modules/drizzle-orm/gel-core/columns/smallint.d.cts
-rw-r--r-- okg4/okg4      1966 2026-08-18 20:45 watermelon-server-0.1/node_modules/drizzle-orm/gel-core/columns/all.cjs.map
-rw-r--r-- okg4/okg4       808 2026-08-18 20:45 watermelon-server-0.1/node_modules/drizzle-orm/gel-core/columns/localdate.js
-rw-r--r-- okg4/okg4       501 2026-08-18 20:45 watermelon-server-0.1/node_modules/drizzle-orm/gel-core/columns/date.common.d.ts
-rw-r--r-- okg4/okg4       655 2026-08-18 20:45 watermelon-server-0.1/node_modules/drizzle-orm/gel-core/columns/duration.js
-rw-r--r-- okg4/okg4      2328 2026-08-18 20:45 watermelon-server-0.1/node_modules/drizzle-orm/gel-core/columns/relative-duration.js.map
-rw-r--r-- okg4/okg4      1133 2026-08-18 20:45 watermelon-server-0.1/node_modules/drizzle-orm/gel-core/columns/relative-duration.d.ts
-rw-r--r-- okg4/okg4      1834 2026-08-18 20:45 watermelon-server-0.1/node_modules/drizzle-orm/gel-core/columns/decimal.cjs
-rw-r--r-- okg4/okg4      1278 2026-08-18 20:45 watermelon-server-0.1/node_modules/drizzle-orm/gel-core/columns/timestamptz.d.cts
-rw-r--r-- okg4/okg4      2399 2026-08-18 20:45 watermelon-server-0.1/node_modules/drizzle-orm/gel-core/columns/localdate.js.map
-rw-r--r-- okg4/okg4       784 2026-08-18 20:45 watermelon-server-0.1/node_modules/drizzle-orm/gel-core/columns/bigintT.js
-rw-r--r-- okg4/okg4      1986 2026-08-18 20:45 watermelon-server-0.1/node_modules/drizzle-orm/gel-core/columns/timestamp.cjs
-rw-r--r-- okg4/okg4      3305 2026-08-18 20:45 watermelon-server-0.1/node_modules/drizzle-orm/gel-core/columns/index.cjs
-rw-r--r-- okg4/okg4       705 2026-08-18 20:45 watermelon-server-0.1/node_modules/drizzle-orm/gel-core/columns/index.d.cts
-rw-r--r-- okg4/okg4      2003 2026-08-18 20:45 watermelon-server-0.1/node_modules/drizzle-orm/gel-core/columns/all.js.map
-rw-r--r-- okg4/okg4      2008 2026-08-18 20:45 watermelon-server-0.1/node_modules/drizzle-orm/gel-core/columns/timestamptz.cjs
-rw-r--r-- okg4/okg4      1196 2026-08-18 20:45 watermelon-server-0.1/node_modules/drizzle-orm/gel-core/columns/real.d.cts
-rw-r--r-- okg4/okg4      1837 2026-08-18 20:45 watermelon-server-0.1/node_modules/drizzle-orm/gel-core/columns/integer.cjs
-rw-r--r-- okg4/okg4      5502 2026-08-18 20:45 watermelon-server-0.1/node_modules/drizzle-orm/gel-core/columns/common.js
-rw-r--r-- okg4/okg4       701 2026-08-18 20:45 watermelon-server-0.1/node_modules/drizzle-orm/gel-core/columns/smallint.js
-rw-r--r-- okg4/okg4      1037 2026-08-18 20:45 watermelon-server-0.1/node_modules/drizzle-orm/gel-core/columns/bigint.d.ts
-rw-r--r-- okg4/okg4      2577 2026-08-18 20:45 watermelon-server-0.1/node_modules/drizzle-orm/gel-core/columns/double-precision.js.map
-rw-r--r-- okg4/okg4      1766 2026-08-18 20:45 watermelon-server-0.1/node_modules/drizzle-orm/gel-core/columns/json.cjs
-rw-r--r-- okg4/okg4      2073 2026-08-18 20:45 watermelon-server-0.1/node_modules/drizzle-orm/gel-core/columns/uuid.cjs.map
-rw-r--r-- okg4/okg4      8345 2026-08-18 20:45 watermelon-server-0.1/node_modules/drizzle-orm/gel-core/columns/custom.js.map
-rw-r--r-- okg4/okg4      2497 2026-08-18 20:45 watermelon-server-0.1/node_modules/drizzle-orm/gel-core/columns/timestamptz.js.map
-rw-r--r-- okg4/okg4       716 2026-08-18 20:45 watermelon-server-0.1/node_modules/drizzle-orm/gel-core/columns/index.js
-rw-r--r-- okg4/okg4      1917 2026-08-18 20:45 watermelon-server-0.1/node_modules/drizzle-orm/gel-core/columns/localtime.cjs
-rw-r--r-- okg4/okg4      1995 2026-08-18 20:45 watermelon-server-0.1/node_modules/drizzle-orm/gel-core/columns/localdate.cjs
-rw-r--r-- okg4/okg4      2307 2026-08-18 20:45 watermelon-server-0.1/node_modules/drizzle-orm/gel-core/columns/localtime.js.map
-rw-r--r-- okg4/okg4      2146 2026-08-18 20:45 watermelon-server-0.1/node_modules/drizzle-orm/gel-core/columns/bytes.cjs.map
-rw-r--r-- okg4/okg4      1004 2026-08-18 20:45 watermelon-server-0.1/node_modules/drizzle-orm/gel-core/columns/bytes.d.ts
-rw-r--r-- okg4/okg4      2606 2026-08-18 20:45 watermelon-server-0.1/node_modules/drizzle-orm/gel-core/columns/timestamp.cjs.map
-rw-r--r-- okg4/okg4      2163 2026-08-18 20:45 watermelon-server-0.1/node_modules/drizzle-orm/gel-core/columns/bigint.cjs.map
-rw-r--r-- okg4/okg4       641 2026-08-18 20:45 watermelon-server-0.1/node_modules/drizzle-orm/gel-core/columns/boolean.js
-rw-r--r-- okg4/okg4      2465 2026-08-18 20:45 watermelon-server-0.1/node_modules/drizzle-orm/gel-core/columns/int.common.js.map
-rw-r--r-- okg4/okg4      1038 2026-08-18 20:45 watermelon-server-0.1/node_modules/drizzle-orm/gel-core/columns/index.js.map
-rw-r--r-- okg4/okg4      2348 2026-08-18 20:45 watermelon-server-0.1/node_modules/drizzle-orm/gel-core/columns/localtime.cjs.map
-rw-r--r-- okg4/okg4      1138 2026-08-18 20:45 watermelon-server-0.1/node_modules/drizzle-orm/gel-core/columns/json.d.cts
-rw-r--r-- okg4/okg4      2369 2026-08-18 20:45 watermelon-server-0.1/node_modules/drizzle-orm/gel-core/columns/relative-duration.cjs.map
-rw-r--r-- okg4/okg4       773 2026-08-18 20:45 watermelon-server-0.1/node_modules/drizzle-orm/gel-core/columns/int.common.d.cts
-rw-r--r-- okg4/okg4       730 2026-08-18 20:45 watermelon-server-0.1/node_modules/drizzle-orm/gel-core/columns/date-duration.js
-rw-r--r-- okg4/okg4       632 2026-08-18 20:45 watermelon-server-0.1/node_modules/drizzle-orm/gel-core/columns/bytes.js
-rw-r--r-- okg4/okg4       683 2026-08-18 20:45 watermelon-server-0.1/node_modules/drizzle-orm/gel-core/columns/index.d.ts
-rw-r--r-- okg4/okg4      1064 2026-08-18 20:45 watermelon-server-0.1/node_modules/drizzle-orm/gel-core/columns/text.d.cts
-rw-r--r-- okg4/okg4      1145 2026-08-18 20:45 watermelon-server-0.1/node_modules/drizzle-orm/gel-core/columns/localtime.d.ts
-rw-r--r-- okg4/okg4      2105 2026-08-18 20:45 watermelon-server-0.1/node_modules/drizzle-orm/gel-core/columns/bytes.js.map
-rw-r--r-- okg4/okg4      1071 2026-08-18 20:45 watermelon-server-0.1/node_modules/drizzle-orm/gel-core/columns/duration.d.cts
-rw-r--r-- okg4/okg4      2174 2026-08-18 20:45 watermelon-server-0.1/node_modules/drizzle-orm/gel-core/columns/duration.js.map
-rw-r--r-- okg4/okg4      2032 2026-08-18 20:45 watermelon-server-0.1/node_modules/drizzle-orm/gel-core/columns/uuid.js.map
-rw-r--r-- okg4/okg4      1118 2026-08-18 20:45 watermelon-server-0.1/node_modules/drizzle-orm/gel-core/columns/bigintT.d.cts
-rw-r--r-- okg4/okg4       397 2026-08-18 20:45 watermelon-server-0.1/node_modules/drizzle-orm/gel-core/columns/date.common.js
-rw-r--r-- okg4/okg4      7743 2026-08-18 20:45 watermelon-server-0.1/node_modules/drizzle-orm/gel-core/columns/common.d.cts
-rw-r--r-- okg4/okg4      1191 2026-08-18 20:45 watermelon-server-0.1/node_modules/drizzle-orm/gel-core/columns/real.d.ts
-rw-r--r-- okg4/okg4      2149 2026-08-18 20:45 watermelon-server-0.1/node_modules/drizzle-orm/gel-core/columns/integer.js.map
-rw-r--r-- okg4/okg4      2321 2026-08-18 20:45 watermelon-server-0.1/node_modules/drizzle-orm/gel-core/columns/date-duration.js.map
-rw-r--r-- okg4/okg4       754 2026-08-18 20:45 watermelon-server-0.1/node_modules/drizzle-orm/gel-core/columns/localtime.js
-rw-r--r-- okg4/okg4      1157 2026-08-18 20:45 watermelon-server-0.1/node_modules/drizzle-orm/gel-core/columns/double-precision.d.cts
-rw-r--r-- okg4/okg4      2362 2026-08-18 20:45 watermelon-server-0.1/node_modules/drizzle-orm/gel-core/columns/date-duration.cjs.map
-rw-r--r-- okg4/okg4      2295 2026-08-18 20:45 watermelon-server-0.1/node_modules/drizzle-orm/gel-core/columns/decimal.js.map
-rw-r--r-- okg4/okg4       852 2026-08-18 20:45 watermelon-server-0.1/node_modules/drizzle-orm/gel-core/columns/date.common.js.map
-rw-r--r-- okg4/okg4      2215 2026-08-18 20:45 watermelon-server-0.1/node_modules/drizzle-orm/gel-core/columns/duration.cjs.map
-rw-r--r-- okg4/okg4      1232 2026-08-18 20:45 watermelon-server-0.1/node_modules/drizzle-orm/gel-core/columns/all.js
-rw-r--r-- okg4/okg4       737 2026-08-18 20:45 watermelon-server-0.1/node_modules/drizzle-orm/gel-core/columns/relative-duration.js
-rw-r--r-- okg4/okg4      1060 2026-08-18 20:45 watermelon-server-0.1/node_modules/drizzle-orm/gel-core/columns/text.d.ts
-rw-r--r-- okg4/okg4      8380 2026-08-18 20:45 watermelon-server-0.1/node_modules/drizzle-orm/gel-core/columns/custom.cjs.map
-rw-r--r-- okg4/okg4      1042 2026-08-18 20:45 watermelon-server-0.1/node_modules/drizzle-orm/gel-core/columns/bigint.d.cts
-rw-r--r-- okg4/okg4      1579 2026-08-18 20:45 watermelon-server-0.1/node_modules/drizzle-orm/gel-core/columns/all.d.ts
-rw-r--r-- okg4/okg4      2177 2026-08-18 20:45 watermelon-server-0.1/node_modules/drizzle-orm/gel-core/columns/smallint.js.map
-rw-r--r-- okg4/okg4       823 2026-08-18 20:45 watermelon-server-0.1/node_modules/drizzle-orm/gel-core/columns/timestamp.js
-rw-r--r-- okg4/okg4      2384 2026-08-18 20:45 watermelon-server-0.1/node_modules/drizzle-orm/gel-core/columns/real.cjs.map
-rw-r--r-- okg4/okg4      2190 2026-08-18 20:45 watermelon-server-0.1/node_modules/drizzle-orm/gel-core/columns/integer.cjs.map
-rw-r--r-- okg4/okg4      2918 2026-08-18 20:45 watermelon-server-0.1/node_modules/drizzle-orm/gel-core/columns/all.cjs
-rw-r--r-- okg4/okg4      1153 2026-08-18 20:45 watermelon-server-0.1/node_modules/drizzle-orm/gel-core/columns/double-precision.d.ts
-rw-r--r-- okg4/okg4       660 2026-08-18 20:45 watermelon-server-0.1/node_modules/drizzle-orm/gel-core/columns/json.js
-rw-r--r-- okg4/okg4      1137 2026-08-18 20:45 watermelon-server-0.1/node_modules/drizzle-orm/gel-core/columns/relative-duration.d.cts
-rw-r--r-- okg4/okg4      1199 2026-08-18 20:45 watermelon-server-0.1/node_modules/drizzle-orm/gel-core/columns/localdate.d.ts
-rw-r--r-- okg4/okg4      1747 2026-08-18 20:45 watermelon-server-0.1/node_modules/drizzle-orm/gel-core/columns/bytes.cjs
-rw-r--r-- okg4/okg4       701 2026-08-18 20:45 watermelon-server-0.1/node_modules/drizzle-orm/gel-core/columns/decimal.js
-rw-r--r-- okg4/okg4      1067 2026-08-18 20:45 watermelon-server-0.1/node_modules/drizzle-orm/gel-core/columns/duration.d.ts
-rw-r--r-- okg4/okg4      1057 2026-08-18 20:45 watermelon-server-0.1/node_modules/drizzle-orm/gel-core/columns/integer.d.ts
-rw-r--r-- okg4/okg4     14462 2026-08-18 20:45 watermelon-server-0.1/node_modules/drizzle-orm/gel-core/columns/common.js.map
-rw-r--r-- okg4/okg4      7733 2026-08-18 20:45 watermelon-server-0.1/node_modules/drizzle-orm/gel-core/columns/common.d.ts
-rw-r--r-- okg4/okg4      5726 2026-08-18 20:45 watermelon-server-0.1/node_modules/drizzle-orm/gel-core/columns/custom.d.cts
-rw-r--r-- okg4/okg4      2218 2026-08-18 20:45 watermelon-server-0.1/node_modules/drizzle-orm/gel-core/columns/smallint.cjs.map
-rw-r--r-- okg4/okg4      1599 2026-08-18 20:45 watermelon-server-0.1/node_modules/drizzle-orm/gel-core/columns/all.d.cts
-rw-r--r-- okg4/okg4      2208 2026-08-18 20:45 watermelon-server-0.1/node_modules/drizzle-orm/gel-core/columns/text.cjs.map
-rw-r--r-- okg4/okg4      1859 2026-08-18 20:45 watermelon-server-0.1/node_modules/drizzle-orm/gel-core/columns/smallint.cjs
-rw-r--r-- okg4/okg4      1501 2026-08-18 20:45 watermelon-server-0.1/node_modules/drizzle-orm/gel-core/columns/custom.js
-rw-r--r-- okg4/okg4     14515 2026-08-18 20:45 watermelon-server-0.1/node_modules/drizzle-orm/gel-core/columns/common.cjs.map
-rw-r--r-- okg4/okg4      1178 2026-08-18 20:45 watermelon-server-0.1/node_modules/drizzle-orm/gel-core/columns/decimal.d.cts
-rw-r--r-- okg4/okg4      2224 2026-08-18 20:45 watermelon-server-0.1/node_modules/drizzle-orm/gel-core/columns/json.js.map
-rw-r--r-- okg4/okg4      2122 2026-08-18 20:45 watermelon-server-0.1/node_modules/drizzle-orm/gel-core/columns/bigint.js.map
-rw-r--r-- okg4/okg4      1937 2026-08-18 20:45 watermelon-server-0.1/node_modules/drizzle-orm/gel-core/columns/bigintT.cjs
-rw-r--r-- okg4/okg4      1113 2026-08-18 20:45 watermelon-server-0.1/node_modules/drizzle-orm/gel-core/columns/bigintT.d.ts
-rw-r--r-- okg4/okg4      1068 2026-08-18 20:45 watermelon-server-0.1/node_modules/drizzle-orm/gel-core/columns/smallint.d.ts
-rw-r--r-- okg4/okg4       827 2026-08-18 20:45 watermelon-server-0.1/node_modules/drizzle-orm/gel-core/columns/timestamptz.js
-rw-r--r-- okg4/okg4      1341 2026-08-18 20:45 watermelon-server-0.1/node_modules/drizzle-orm/gel-core/columns/timestamp.d.cts
-rw-r--r-- okg4/okg4       640 2026-08-18 20:45 watermelon-server-0.1/node_modules/drizzle-orm/gel-core/columns/text.js
-rw-r--r-- okg4/okg4      2167 2026-08-18 20:45 watermelon-server-0.1/node_modules/drizzle-orm/gel-core/columns/text.js.map
-rw-r--r-- okg4/okg4      2618 2026-08-18 20:45 watermelon-server-0.1/node_modules/drizzle-orm/gel-core/columns/double-precision.cjs.map
-rw-r--r-- okg4/okg4      1797 2026-08-18 20:45 watermelon-server-0.1/node_modules/drizzle-orm/gel-core/columns/duration.cjs
-rw-r--r-- okg4/okg4      1335 2026-08-18 20:45 watermelon-server-0.1/node_modules/drizzle-orm/gel-core/columns/timestamp.d.ts
-rw-r--r-- okg4/okg4      2336 2026-08-18 20:45 watermelon-server-0.1/node_modules/drizzle-orm/gel-core/columns/decimal.cjs.map
-rw-r--r-- okg4/okg4      2343 2026-08-18 20:45 watermelon-server-0.1/node_modules/drizzle-orm/gel-core/columns/real.js.map
-rw-r--r-- okg4/okg4      1746 2026-08-18 20:45 watermelon-server-0.1/node_modules/drizzle-orm/gel-core/columns/text.cjs
-rw-r--r-- okg4/okg4      1173 2026-08-18 20:45 watermelon-server-0.1/node_modules/drizzle-orm/gel-core/columns/decimal.d.ts
-rw-r--r-- okg4/okg4       769 2026-08-18 20:45 watermelon-server-0.1/node_modules/drizzle-orm/gel-core/columns/int.common.d.ts
-rw-r--r-- okg4/okg4      2665 2026-08-18 20:45 watermelon-server-0.1/node_modules/drizzle-orm/gel-core/columns/custom.cjs
-rw-r--r-- okg4/okg4      2499 2026-08-18 20:45 watermelon-server-0.1/node_modules/drizzle-orm/gel-core/columns/int.common.cjs.map
-rw-r--r-- okg4/okg4       666 2026-08-18 20:45 watermelon-server-0.1/node_modules/drizzle-orm/gel-core/columns/bigint.js
-rw-r--r-- okg4/okg4      1125 2026-08-18 20:45 watermelon-server-0.1/node_modules/drizzle-orm/gel-core/columns/int.common.js
-rw-r--r-- okg4/okg4      1911 2026-08-18 20:45 watermelon-server-0.1/node_modules/drizzle-orm/gel-core/columns/date-duration.cjs
-rw-r--r-- okg4/okg4      1135 2026-08-18 20:45 watermelon-server-0.1/node_modules/drizzle-orm/gel-core/columns/date-duration.d.ts
-rw-r--r-- okg4/okg4      2100 2026-08-18 20:45 watermelon-server-0.1/node_modules/drizzle-orm/gel-core/columns/boolean.js.map
-rw-r--r-- okg4/okg4      2141 2026-08-18 20:45 watermelon-server-0.1/node_modules/drizzle-orm/gel-core/columns/boolean.cjs.map
-rw-r--r-- okg4/okg4      1018 2026-08-18 20:45 watermelon-server-0.1/node_modules/drizzle-orm/gel-core/columns/boolean.d.cts
-rw-r--r-- okg4/okg4      1229 2026-08-18 20:45 watermelon-server-0.1/node_modules/drizzle-orm/gel-core/columns/index.cjs.map
-rw-r--r-- okg4/okg4       976 2026-08-18 20:45 watermelon-server-0.1/node_modules/drizzle-orm/gel-core/columns/uuid.d.ts
-rw-r--r-- okg4/okg4      2565 2026-08-18 20:45 watermelon-server-0.1/node_modules/drizzle-orm/gel-core/columns/timestamp.js.map
-rw-r--r-- okg4/okg4      1707 2026-08-18 20:45 watermelon-server-0.1/node_modules/drizzle-orm/gel-core/columns/uuid.cjs
-rw-r--r-- okg4/okg4      2538 2026-08-18 20:45 watermelon-server-0.1/node_modules/drizzle-orm/gel-core/columns/timestamptz.cjs.map
-rw-r--r-- okg4/okg4      1014 2026-08-18 20:45 watermelon-server-0.1/node_modules/drizzle-orm/gel-core/columns/boolean.d.ts
-rw-r--r-- okg4/okg4       980 2026-08-18 20:45 watermelon-server-0.1/node_modules/drizzle-orm/gel-core/columns/uuid.d.cts
-rw-r--r-- okg4/okg4      2106 2026-08-18 20:45 watermelon-server-0.1/node_modules/drizzle-orm/gel-core/columns/double-precision.cjs
-rw-r--r-- okg4/okg4      1802 2026-08-18 20:45 watermelon-server-0.1/node_modules/drizzle-orm/gel-core/columns/bigint.cjs
-rw-r--r-- okg4/okg4      1774 2026-08-18 20:45 watermelon-server-0.1/node_modules/drizzle-orm/gel-core/columns/boolean.cjs
-rw-r--r-- okg4/okg4       898 2026-08-18 20:45 watermelon-server-0.1/node_modules/drizzle-orm/gel-core/columns/double-precision.js
-rw-r--r-- okg4/okg4      1133 2026-08-18 20:45 watermelon-server-0.1/node_modules/drizzle-orm/gel-core/columns/json.d.ts
-rw-r--r-- okg4/okg4      2450 2026-08-18 20:45 watermelon-server-0.1/node_modules/drizzle-orm/gel-core/columns/bigintT.cjs.map
-rw-r--r-- okg4/okg4      2409 2026-08-18 20:45 watermelon-server-0.1/node_modules/drizzle-orm/gel-core/columns/bigintT.js.map
-rw-r--r-- okg4/okg4      1509 2026-08-18 20:45 watermelon-server-0.1/node_modules/drizzle-orm/gel-core/columns/date.common.cjs
-rw-r--r-- okg4/okg4      1062 2026-08-18 20:45 watermelon-server-0.1/node_modules/drizzle-orm/gel-core/columns/integer.d.cts
-rw-r--r-- okg4/okg4      2204 2026-08-18 20:45 watermelon-server-0.1/node_modules/drizzle-orm/gel-core/columns/int.common.cjs
-rw-r--r-- okg4/okg4      2265 2026-08-18 20:45 watermelon-server-0.1/node_modules/drizzle-orm/gel-core/columns/json.cjs.map
-rw-r--r-- okg4/okg4      1139 2026-08-18 20:45 watermelon-server-0.1/node_modules/drizzle-orm/gel-core/columns/date-duration.d.cts
-rw-r--r-- okg4/okg4       688 2026-08-18 20:45 watermelon-server-0.1/node_modules/drizzle-orm/gel-core/columns/integer.js
-rw-r--r-- okg4/okg4      1809 2026-08-18 20:45 watermelon-server-0.1/node_modules/drizzle-orm/gel-core/columns/real.cjs
-rw-r--r-- okg4/okg4      6960 2026-08-18 20:45 watermelon-server-0.1/node_modules/drizzle-orm/gel-core/columns/common.cjs
-rw-r--r-- okg4/okg4       703 2026-08-18 20:45 watermelon-server-0.1/node_modules/drizzle-orm/gel-core/columns/real.js
-rw-r--r-- okg4/okg4      2440 2026-08-18 20:45 watermelon-server-0.1/node_modules/drizzle-orm/gel-core/columns/localdate.cjs.map
-rw-r--r-- okg4/okg4       504 2026-08-18 20:45 watermelon-server-0.1/node_modules/drizzle-orm/gel-core/columns/date.common.d.cts
-rw-r--r-- okg4/okg4      1272 2026-08-18 20:45 watermelon-server-0.1/node_modules/drizzle-orm/gel-core/columns/timestamptz.d.ts
-rw-r--r-- okg4/okg4      1204 2026-08-18 20:45 watermelon-server-0.1/node_modules/drizzle-orm/gel-core/columns/localdate.d.cts
-rw-r--r-- okg4/okg4      1924 2026-08-18 20:45 watermelon-server-0.1/node_modules/drizzle-orm/gel-core/columns/relative-duration.cjs
-rw-r--r-- okg4/okg4       766 2026-08-18 20:45 watermelon-server-0.1/node_modules/drizzle-orm/gel-core/sequence.d.cts
-rw-r--r-- okg4/okg4      2663 2026-08-18 20:45 watermelon-server-0.1/node_modules/drizzle-orm/gel-core/primary-keys.cjs.map
-rw-r--r-- okg4/okg4      2796 2026-08-18 20:45 watermelon-server-0.1/node_modules/drizzle-orm/gel-core/utils.js
-rw-r--r-- okg4/okg4       625 2026-08-18 20:45 watermelon-server-0.1/node_modules/drizzle-orm/gel-core/subquery.d.ts
-rw-r--r-- okg4/okg4       661 2026-08-18 20:45 watermelon-server-0.1/node_modules/drizzle-orm/gel-core/index.js
-rw-r--r-- okg4/okg4       126 2026-08-18 20:45 watermelon-server-0.1/node_modules/drizzle-orm/gel-core/view-common.js
-rw-r--r-- okg4/okg4       629 2026-08-18 20:45 watermelon-server-0.1/node_modules/drizzle-orm/gel-core/sequence.js
-rw-r--r-- okg4/okg4      2874 2026-08-18 20:45 watermelon-server-0.1/node_modules/drizzle-orm/gel-core/unique-constraint.cjs
-rw-r--r-- okg4/okg4      4257 2026-08-18 20:45 watermelon-server-0.1/node_modules/drizzle-orm/gel-core/indexes.d.ts
-rw-r--r-- okg4/okg4       721 2026-08-18 20:45 watermelon-server-0.1/node_modules/drizzle-orm/gel-core/alias.cjs.map
-rw-r--r-- okg4/okg4      1433 2026-08-18 20:45 watermelon-server-0.1/node_modules/drizzle-orm/gel-core/sequence.js.map
-rw-r--r-- okg4/okg4       324 2026-08-18 20:45 watermelon-server-0.1/node_modules/drizzle-orm/gel-core/alias.d.ts
-rw-r--r-- okg4/okg4       950 2026-08-18 20:45 watermelon-server-0.1/node_modules/drizzle-orm/gel-core/index.js.map
-rw-r--r-- okg4/okg4     70392 2026-08-18 20:45 watermelon-server-0.1/node_modules/drizzle-orm/gel-core/dialect.cjs.map
-rw-r--r-- okg4/okg4      6863 2026-08-18 20:45 watermelon-server-0.1/node_modules/drizzle-orm/gel-core/view.d.cts
-rw-r--r-- okg4/okg4       327 2026-08-18 20:45 watermelon-server-0.1/node_modules/drizzle-orm/gel-core/alias.d.cts
-rw-r--r-- okg4/okg4       628 2026-08-18 20:45 watermelon-server-0.1/node_modules/drizzle-orm/gel-core/index.d.ts
-rw-r--r-- okg4/okg4       435 2026-08-18 20:45 watermelon-server-0.1/node_modules/drizzle-orm/gel-core/roles.d.ts
-rw-r--r-- okg4/okg4      1935 2026-08-18 20:45 watermelon-server-0.1/node_modules/drizzle-orm/gel-core/policies.js.map
-rw-r--r-- okg4/okg4       718 2026-08-18 20:45 watermelon-server-0.1/node_modules/drizzle-orm/gel-core/view-base.js.map
-rw-r--r-- okg4/okg4      1928 2026-08-18 20:45 watermelon-server-0.1/node_modules/drizzle-orm/gel-core/foreign-keys.js
-rw-r--r-- okg4/okg4      2617 2026-08-18 20:45 watermelon-server-0.1/node_modules/drizzle-orm/gel-core/primary-keys.js.map
-rw-r--r-- okg4/okg4      1808 2026-08-18 20:45 watermelon-server-0.1/node_modules/drizzle-orm/gel-core/sequence.cjs
-rw-r--r-- okg4/okg4     47742 2026-08-18 20:45 watermelon-server-0.1/node_modules/drizzle-orm/gel-core/dialect.cjs
-rw-r--r-- okg4/okg4       754 2026-08-18 20:45 watermelon-server-0.1/node_modules/drizzle-orm/gel-core/view-base.cjs.map
-rw-r--r-- okg4/okg4     43361 2026-08-18 20:45 watermelon-server-0.1/node_modules/drizzle-orm/gel-core/dialect.js
-rw-r--r-- okg4/okg4      1010 2026-08-18 20:45 watermelon-server-0.1/node_modules/drizzle-orm/gel-core/primary-keys.js
-rw-r--r-- okg4/okg4       629 2026-08-18 20:45 watermelon-server-0.1/node_modules/drizzle-orm/gel-core/policies.js
-rw-r--r-- okg4/okg4      1055 2026-08-18 20:45 watermelon-server-0.1/node_modules/drizzle-orm/gel-core/unique-constraint.d.cts
-rw-r--r-- okg4/okg4        51 2026-08-18 20:45 watermelon-server-0.1/node_modules/drizzle-orm/gel-core/view-common.d.cts
-rw-r--r-- okg4/okg4      1376 2026-08-18 20:45 watermelon-server-0.1/node_modules/drizzle-orm/gel-core/checks.cjs.map
-rw-r--r-- okg4/okg4      1052 2026-08-18 20:45 watermelon-server-0.1/node_modules/drizzle-orm/gel-core/unique-constraint.d.ts
-rw-r--r-- okg4/okg4       621 2026-08-18 20:45 watermelon-server-0.1/node_modules/drizzle-orm/gel-core/roles.js
-rw-r--r-- okg4/okg4      2696 2026-08-18 20:45 watermelon-server-0.1/node_modules/drizzle-orm/gel-core/schema.js.map
-rw-r--r-- okg4/okg4       607 2026-08-18 20:45 watermelon-server-0.1/node_modules/drizzle-orm/gel-core/checks.d.ts
-rw-r--r-- okg4/okg4      9842 2026-08-18 20:45 watermelon-server-0.1/node_modules/drizzle-orm/gel-core/table.js.map
-rw-r--r-- okg4/okg4       655 2026-08-18 20:45 watermelon-server-0.1/node_modules/drizzle-orm/gel-core/schema.d.ts
-rw-r--r-- okg4/okg4        71 2026-08-18 20:45 watermelon-server-0.1/node_modules/drizzle-orm/gel-core/subquery.js.map
-rw-r--r-- okg4/okg4      1496 2026-08-18 20:45 watermelon-server-0.1/node_modules/drizzle-orm/gel-core/expressions.cjs.map
-rw-r--r-- okg4/okg4       252 2026-08-18 20:45 watermelon-server-0.1/node_modules/drizzle-orm/gel-core/view-common.cjs.map
-rw-r--r-- okg4/okg4      3051 2026-08-18 20:45 watermelon-server-0.1/node_modules/drizzle-orm/gel-core/unique-constraint.cjs.map
-rw-r--r-- okg4/okg4      1049 2026-08-18 20:45 watermelon-server-0.1/node_modules/drizzle-orm/gel-core/policies.d.cts
-rw-r--r-- okg4/okg4      1120 2026-08-18 20:45 watermelon-server-0.1/node_modules/drizzle-orm/gel-core/primary-keys.d.ts
-rw-r--r-- okg4/okg4      3237 2026-08-18 20:45 watermelon-server-0.1/node_modules/drizzle-orm/gel-core/dialect.d.ts
-rw-r--r-- okg4/okg4      5724 2026-08-18 20:45 watermelon-server-0.1/node_modules/drizzle-orm/gel-core/utils.cjs.map
-rw-r--r-- okg4/okg4      1123 2026-08-18 20:45 watermelon-server-0.1/node_modules/drizzle-orm/gel-core/primary-keys.d.cts
-rw-r--r-- okg4/okg4     28517 2026-08-18 20:45 watermelon-server-0.1/node_modules/drizzle-orm/gel-core/db.cjs.map
-rw-r--r-- okg4/okg4      2415 2026-08-18 20:45 watermelon-server-0.1/node_modules/drizzle-orm/gel-core/table.js
-rw-r--r-- okg4/okg4      7132 2026-08-18 20:45 watermelon-server-0.1/node_modules/drizzle-orm/gel-core/view.js
-rw-r--r-- okg4/okg4      3723 2026-08-18 20:45 watermelon-server-0.1/node_modules/drizzle-orm/gel-core/table.cjs
-rw-r--r-- okg4/okg4      1441 2026-08-18 20:45 watermelon-server-0.1/node_modules/drizzle-orm/gel-core/expressions.js.map
-rw-r--r-- okg4/okg4      8554 2026-08-18 20:45 watermelon-server-0.1/node_modules/drizzle-orm/gel-core/indexes.js.map
-rw-r--r-- okg4/okg4       484 2026-08-18 20:45 watermelon-server-0.1/node_modules/drizzle-orm/gel-core/view-base.d.ts
-rw-r--r-- okg4/okg4      9184 2026-08-18 20:45 watermelon-server-0.1/node_modules/drizzle-orm/gel-core/view.cjs
-rw-r--r-- okg4/okg4      2673 2026-08-18 20:45 watermelon-server-0.1/node_modules/drizzle-orm/gel-core/schema.cjs
-rw-r--r-- okg4/okg4      1515 2026-08-18 20:45 watermelon-server-0.1/node_modules/drizzle-orm/gel-core/schema.js
-rw-r--r-- okg4/okg4       218 2026-08-18 20:45 watermelon-server-0.1/node_modules/drizzle-orm/gel-core/view-base.js
-rw-r--r-- okg4/okg4       628 2026-08-18 20:45 watermelon-server-0.1/node_modules/drizzle-orm/gel-core/subquery.d.cts
-rw-r--r-- okg4/okg4      3115 2026-08-18 20:45 watermelon-server-0.1/node_modules/drizzle-orm/gel-core/foreign-keys.cjs
-rw-r--r-- okg4/okg4     12260 2026-08-18 20:45 watermelon-server-0.1/node_modules/drizzle-orm/gel-core/db.d.cts
-rw-r--r-- okg4/okg4      4163 2026-08-18 20:45 watermelon-server-0.1/node_modules/drizzle-orm/gel-core/session.js
-rw-r--r-- okg4/okg4      1214 2026-08-18 20:45 watermelon-server-0.1/node_modules/drizzle-orm/gel-core/alias.cjs
-rw-r--r-- okg4/okg4      3496 2026-08-18 20:45 watermelon-server-0.1/node_modules/drizzle-orm/gel-core/session.d.ts
-rw-r--r-- okg4/okg4      1979 2026-08-18 20:45 watermelon-server-0.1/node_modules/drizzle-orm/gel-core/policies.cjs.map
-rw-r--r-- okg4/okg4      3506 2026-08-18 20:45 watermelon-server-0.1/node_modules/drizzle-orm/gel-core/session.d.cts
-rw-r--r-- okg4/okg4      4425 2026-08-18 20:45 watermelon-server-0.1/node_modules/drizzle-orm/gel-core/table.d.cts
-rw-r--r-- okg4/okg4      2417 2026-08-18 20:45 watermelon-server-0.1/node_modules/drizzle-orm/gel-core/utils.d.ts
-rw-r--r-- okg4/okg4      2994 2026-08-18 20:45 watermelon-server-0.1/node_modules/drizzle-orm/gel-core/unique-constraint.js.map
-rw-r--r-- okg4/okg4       683 2026-08-18 20:45 watermelon-server-0.1/node_modules/drizzle-orm/gel-core/alias.js.map
-rw-r--r-- okg4/okg4      1276 2026-08-18 20:45 watermelon-server-0.1/node_modules/drizzle-orm/gel-core/view-base.cjs
-rw-r--r-- okg4/okg4       486 2026-08-18 20:45 watermelon-server-0.1/node_modules/drizzle-orm/gel-core/view-base.d.cts
-rw-r--r-- okg4/okg4      2063 2026-08-18 20:45 watermelon-server-0.1/node_modules/drizzle-orm/gel-core/expressions.cjs
-rw-r--r-- okg4/okg4      1326 2026-08-18 20:45 watermelon-server-0.1/node_modules/drizzle-orm/gel-core/checks.js.map
-rw-r--r-- okg4/okg4      1780 2026-08-18 20:45 watermelon-server-0.1/node_modules/drizzle-orm/gel-core/foreign-keys.d.cts
-rw-r--r-- okg4/okg4      5663 2026-08-18 20:45 watermelon-server-0.1/node_modules/drizzle-orm/gel-core/utils.js.map
-rw-r--r-- okg4/okg4     70306 2026-08-18 20:45 watermelon-server-0.1/node_modules/drizzle-orm/gel-core/dialect.js.map
-rw-r--r-- okg4/okg4      1123 2026-08-18 20:45 watermelon-server-0.1/node_modules/drizzle-orm/gel-core/index.cjs.map
-rw-r--r-- okg4/okg4      8613 2026-08-18 20:45 watermelon-server-0.1/node_modules/drizzle-orm/gel-core/indexes.cjs.map
-rw-r--r-- okg4/okg4     19362 2026-08-18 20:45 watermelon-server-0.1/node_modules/drizzle-orm/gel-core/view.cjs.map
-rw-r--r-- okg4/okg4      4414 2026-08-18 20:45 watermelon-server-0.1/node_modules/drizzle-orm/gel-core/table.d.ts
-rw-r--r-- okg4/okg4     10713 2026-08-18 20:45 watermelon-server-0.1/node_modules/drizzle-orm/gel-core/session.cjs.map
-rw-r--r-- okg4/okg4      9902 2026-08-18 20:45 watermelon-server-0.1/node_modules/drizzle-orm/gel-core/table.cjs.map
-rw-r--r-- okg4/okg4      4806 2026-08-18 20:45 watermelon-server-0.1/node_modules/drizzle-orm/gel-core/foreign-keys.js.map
-rw-r--r-- okg4/okg4      6853 2026-08-18 20:45 watermelon-server-0.1/node_modules/drizzle-orm/gel-core/view.d.ts
-rw-r--r-- okg4/okg4      1485 2026-08-18 20:45 watermelon-server-0.1/node_modules/drizzle-orm/gel-core/sequence.cjs.map
-rw-r--r-- okg4/okg4      1160 2026-08-18 20:45 watermelon-server-0.1/node_modules/drizzle-orm/gel-core/view-common.cjs
-rw-r--r-- okg4/okg4       784 2026-08-18 20:45 watermelon-server-0.1/node_modules/drizzle-orm/gel-core/subquery.cjs
-rw-r--r-- okg4/okg4      2723 2026-08-18 20:45 watermelon-server-0.1/node_modules/drizzle-orm/gel-core/schema.cjs.map
-rw-r--r-- okg4/okg4       211 2026-08-18 20:45 watermelon-server-0.1/node_modules/drizzle-orm/gel-core/alias.js
-rw-r--r-- okg4/okg4     10689 2026-08-18 20:45 watermelon-server-0.1/node_modules/drizzle-orm/gel-core/session.js.map
-rw-r--r-- okg4/okg4       209 2026-08-18 20:45 watermelon-server-0.1/node_modules/drizzle-orm/gel-core/view-common.js.map
-rw-r--r-- okg4/okg4     11168 2026-08-18 20:45 watermelon-server-0.1/node_modules/drizzle-orm/gel-core/db.cjs
-rw-r--r-- okg4/okg4        36 2026-08-18 20:45 watermelon-server-0.1/node_modules/drizzle-orm/gel-core/subquery.js
-rw-r--r-- okg4/okg4       436 2026-08-18 20:45 watermelon-server-0.1/node_modules/drizzle-orm/gel-core/roles.d.cts
-rw-r--r-- okg4/okg4       765 2026-08-18 20:45 watermelon-server-0.1/node_modules/drizzle-orm/gel-core/sequence.d.ts
-rw-r--r-- okg4/okg4      3110 2026-08-18 20:45 watermelon-server-0.1/node_modules/drizzle-orm/gel-core/indexes.js
-rw-r--r-- okg4/okg4      3246 2026-08-18 20:45 watermelon-server-0.1/node_modules/drizzle-orm/gel-core/dialect.d.cts
-rw-r--r-- okg4/okg4       467 2026-08-18 20:45 watermelon-server-0.1/node_modules/drizzle-orm/gel-core/expressions.d.ts
-rw-r--r-- okg4/okg4      5906 2026-08-18 20:45 watermelon-server-0.1/node_modules/drizzle-orm/utils.js
-rw-r--r-- okg4/okg4      1056 2026-08-18 20:45 watermelon-server-0.1/node_modules/drizzle-orm/subquery.d.ts
-rw-r--r-- okg4/okg4      1967 2026-08-18 20:45 watermelon-server-0.1/node_modules/drizzle-orm/errors.cjs
-rw-r--r-- okg4/okg4       468 2026-08-18 20:45 watermelon-server-0.1/node_modules/drizzle-orm/index.js
-rw-r--r-- okg4/okg4      1967 2026-08-18 20:45 watermelon-server-0.1/node_modules/drizzle-orm/tracing.cjs
-rw-r--r-- okg4/okg4     12268 2026-08-18 20:45 watermelon-server-0.1/node_modules/drizzle-orm/relations.d.cts
-rw-r--r-- okg4/okg4       129 2026-08-18 20:45 watermelon-server-0.1/node_modules/drizzle-orm/view-common.js
drwxr-xr-x okg4/okg4         0 2026-08-18 20:45 watermelon-server-0.1/node_modules/drizzle-orm/sql/
drwxr-xr-x okg4/okg4         0 2026-08-18 20:45 watermelon-server-0.1/node_modules/drizzle-orm/sql/expressions/
-rw-r--r-- okg4/okg4       203 2026-08-18 20:45 watermelon-server-0.1/node_modules/drizzle-orm/sql/expressions/select.js
-rw-r--r-- okg4/okg4      1465 2026-08-18 20:45 watermelon-server-0.1/node_modules/drizzle-orm/sql/expressions/select.cjs.map
-rw-r--r-- okg4/okg4      1063 2026-08-18 20:45 watermelon-server-0.1/node_modules/drizzle-orm/sql/expressions/select.d.ts
-rw-r--r-- okg4/okg4      1239 2026-08-18 20:45 watermelon-server-0.1/node_modules/drizzle-orm/sql/expressions/index.cjs
-rw-r--r-- okg4/okg4        64 2026-08-18 20:45 watermelon-server-0.1/node_modules/drizzle-orm/sql/expressions/index.d.cts
-rw-r--r-- okg4/okg4     14700 2026-08-18 20:45 watermelon-server-0.1/node_modules/drizzle-orm/sql/expressions/conditions.d.cts
-rw-r--r-- okg4/okg4        95 2026-08-18 20:45 watermelon-server-0.1/node_modules/drizzle-orm/sql/expressions/index.js
-rw-r--r-- okg4/okg4       196 2026-08-18 20:45 watermelon-server-0.1/node_modules/drizzle-orm/sql/expressions/index.js.map
-rw-r--r-- okg4/okg4        62 2026-08-18 20:45 watermelon-server-0.1/node_modules/drizzle-orm/sql/expressions/index.d.ts
-rw-r--r-- okg4/okg4      4573 2026-08-18 20:45 watermelon-server-0.1/node_modules/drizzle-orm/sql/expressions/conditions.js
-rw-r--r-- okg4/okg4     23739 2026-08-18 20:45 watermelon-server-0.1/node_modules/drizzle-orm/sql/expressions/conditions.js.map
-rw-r--r-- okg4/okg4      1065 2026-08-18 20:45 watermelon-server-0.1/node_modules/drizzle-orm/sql/expressions/select.d.cts
-rw-r--r-- okg4/okg4     14698 2026-08-18 20:45 watermelon-server-0.1/node_modules/drizzle-orm/sql/expressions/conditions.d.ts
-rw-r--r-- okg4/okg4      6806 2026-08-18 20:45 watermelon-server-0.1/node_modules/drizzle-orm/sql/expressions/conditions.cjs
-rw-r--r-- okg4/okg4      1418 2026-08-18 20:45 watermelon-server-0.1/node_modules/drizzle-orm/sql/expressions/select.js.map
-rw-r--r-- okg4/okg4     23853 2026-08-18 20:45 watermelon-server-0.1/node_modules/drizzle-orm/sql/expressions/conditions.cjs.map
-rw-r--r-- okg4/okg4       235 2026-08-18 20:45 watermelon-server-0.1/node_modules/drizzle-orm/sql/expressions/index.cjs.map
-rw-r--r-- okg4/okg4      1254 2026-08-18 20:45 watermelon-server-0.1/node_modules/drizzle-orm/sql/expressions/select.cjs
-rw-r--r-- okg4/okg4      1329 2026-08-18 20:45 watermelon-server-0.1/node_modules/drizzle-orm/sql/index.cjs
-rw-r--r-- okg4/okg4       107 2026-08-18 20:45 watermelon-server-0.1/node_modules/drizzle-orm/sql/index.d.cts
-rw-r--r-- okg4/okg4     14792 2026-08-18 20:45 watermelon-server-0.1/node_modules/drizzle-orm/sql/sql.cjs
-rw-r--r-- okg4/okg4     30555 2026-08-18 20:45 watermelon-server-0.1/node_modules/drizzle-orm/sql/sql.cjs.map
-rw-r--r-- okg4/okg4       137 2026-08-18 20:45 watermelon-server-0.1/node_modules/drizzle-orm/sql/index.js
-rw-r--r-- okg4/okg4     12420 2026-08-18 20:45 watermelon-server-0.1/node_modules/drizzle-orm/sql/sql.js
-rw-r--r-- okg4/okg4       234 2026-08-18 20:45 watermelon-server-0.1/node_modules/drizzle-orm/sql/index.js.map
-rw-r--r-- okg4/okg4       104 2026-08-18 20:45 watermelon-server-0.1/node_modules/drizzle-orm/sql/index.d.ts
-rw-r--r-- okg4/okg4      9231 2026-08-18 20:45 watermelon-server-0.1/node_modules/drizzle-orm/sql/sql.d.cts
drwxr-xr-x okg4/okg4         0 2026-08-18 20:45 watermelon-server-0.1/node_modules/drizzle-orm/sql/functions/
-rw-r--r-- okg4/okg4      4758 2026-08-18 20:45 watermelon-server-0.1/node_modules/drizzle-orm/sql/functions/aggregate.cjs.map
-rw-r--r-- okg4/okg4      1229 2026-08-18 20:45 watermelon-server-0.1/node_modules/drizzle-orm/sql/functions/index.cjs
-rw-r--r-- okg4/okg4        63 2026-08-18 20:45 watermelon-server-0.1/node_modules/drizzle-orm/sql/functions/index.d.cts
-rw-r--r-- okg4/okg4      1200 2026-08-18 20:45 watermelon-server-0.1/node_modules/drizzle-orm/sql/functions/vector.js
-rw-r--r-- okg4/okg4      1028 2026-08-18 20:45 watermelon-server-0.1/node_modules/drizzle-orm/sql/functions/aggregate.js
-rw-r--r-- okg4/okg4        94 2026-08-18 20:45 watermelon-server-0.1/node_modules/drizzle-orm/sql/functions/index.js
-rw-r--r-- okg4/okg4       193 2026-08-18 20:45 watermelon-server-0.1/node_modules/drizzle-orm/sql/functions/index.js.map
-rw-r--r-- okg4/okg4      4683 2026-08-18 20:45 watermelon-server-0.1/node_modules/drizzle-orm/sql/functions/aggregate.js.map
-rw-r--r-- okg4/okg4      6579 2026-08-18 20:45 watermelon-server-0.1/node_modules/drizzle-orm/sql/functions/vector.js.map
-rw-r--r-- okg4/okg4        61 2026-08-18 20:45 watermelon-server-0.1/node_modules/drizzle-orm/sql/functions/index.d.ts
-rw-r--r-- okg4/okg4      6654 2026-08-18 20:45 watermelon-server-0.1/node_modules/drizzle-orm/sql/functions/vector.cjs.map
-rw-r--r-- okg4/okg4      4537 2026-08-18 20:45 watermelon-server-0.1/node_modules/drizzle-orm/sql/functions/vector.d.ts
-rw-r--r-- okg4/okg4      3258 2026-08-18 20:45 watermelon-server-0.1/node_modules/drizzle-orm/sql/functions/aggregate.d.ts
-rw-r--r-- okg4/okg4      2544 2026-08-18 20:45 watermelon-server-0.1/node_modules/drizzle-orm/sql/functions/vector.cjs
-rw-r--r-- okg4/okg4       232 2026-08-18 20:45 watermelon-server-0.1/node_modules/drizzle-orm/sql/functions/index.cjs.map
-rw-r--r-- okg4/okg4      4540 2026-08-18 20:45 watermelon-server-0.1/node_modules/drizzle-orm/sql/functions/vector.d.cts
-rw-r--r-- okg4/okg4      3260 2026-08-18 20:45 watermelon-server-0.1/node_modules/drizzle-orm/sql/functions/aggregate.d.cts
-rw-r--r-- okg4/okg4      2408 2026-08-18 20:45 watermelon-server-0.1/node_modules/drizzle-orm/sql/functions/aggregate.cjs
-rw-r--r-- okg4/okg4     30408 2026-08-18 20:45 watermelon-server-0.1/node_modules/drizzle-orm/sql/sql.js.map
-rw-r--r-- okg4/okg4       280 2026-08-18 20:45 watermelon-server-0.1/node_modules/drizzle-orm/sql/index.cjs.map
-rw-r--r-- okg4/okg4      9223 2026-08-18 20:45 watermelon-server-0.1/node_modules/drizzle-orm/sql/sql.d.ts
-rw-r--r-- okg4/okg4      1889 2026-08-18 20:45 watermelon-server-0.1/node_modules/drizzle-orm/entity.cjs.map
-rw-r--r-- okg4/okg4      1982 2026-08-18 20:45 watermelon-server-0.1/node_modules/drizzle-orm/logger.cjs
-rw-r--r-- okg4/okg4        92 2026-08-18 20:45 watermelon-server-0.1/node_modules/drizzle-orm/tracing-utils.d.ts
-rw-r--r-- okg4/okg4      3070 2026-08-18 20:45 watermelon-server-0.1/node_modules/drizzle-orm/casing.cjs
-rw-r--r-- okg4/okg4       562 2026-08-18 20:45 watermelon-server-0.1/node_modules/drizzle-orm/primary-key.js.map
-rw-r--r-- okg4/okg4      6058 2026-08-18 20:45 watermelon-server-0.1/node_modules/drizzle-orm/alias.cjs.map
-rw-r--r-- okg4/okg4       367 2026-08-18 20:45 watermelon-server-0.1/node_modules/drizzle-orm/primary-key.d.ts
-rw-r--r-- okg4/okg4      1571 2026-08-18 20:45 watermelon-server-0.1/node_modules/drizzle-orm/alias.d.ts
-rw-r--r-- okg4/okg4      2638 2026-08-18 20:45 watermelon-server-0.1/node_modules/drizzle-orm/migrator.cjs.map
-rw-r--r-- okg4/okg4      1223 2026-08-18 20:45 watermelon-server-0.1/node_modules/drizzle-orm/version.cjs
drwxr-xr-x okg4/okg4         0 2026-08-18 20:45 watermelon-server-0.1/node_modules/drizzle-orm/planetscale-serverless/
-rw-r--r-- okg4/okg4      6075 2026-08-18 20:45 watermelon-server-0.1/node_modules/drizzle-orm/planetscale-serverless/driver.cjs.map
-rw-r--r-- okg4/okg4      6810 2026-08-18 20:45 watermelon-server-0.1/node_modules/drizzle-orm/planetscale-serverless/session.cjs
-rw-r--r-- okg4/okg4       259 2026-08-18 20:45 watermelon-server-0.1/node_modules/drizzle-orm/planetscale-serverless/migrator.d.ts
-rw-r--r-- okg4/okg4      1277 2026-08-18 20:45 watermelon-server-0.1/node_modules/drizzle-orm/planetscale-serverless/index.cjs
-rw-r--r-- okg4/okg4        61 2026-08-18 20:45 watermelon-server-0.1/node_modules/drizzle-orm/planetscale-serverless/index.d.cts
-rw-r--r-- okg4/okg4      1371 2026-08-18 20:45 watermelon-server-0.1/node_modules/drizzle-orm/planetscale-serverless/driver.d.cts
-rw-r--r-- okg4/okg4      1366 2026-08-18 20:45 watermelon-server-0.1/node_modules/drizzle-orm/planetscale-serverless/driver.d.ts
-rw-r--r-- okg4/okg4        92 2026-08-18 20:45 watermelon-server-0.1/node_modules/drizzle-orm/planetscale-serverless/index.js
-rw-r--r-- okg4/okg4       708 2026-08-18 20:45 watermelon-server-0.1/node_modules/drizzle-orm/planetscale-serverless/migrator.cjs.map
-rw-r--r-- okg4/okg4       197 2026-08-18 20:45 watermelon-server-0.1/node_modules/drizzle-orm/planetscale-serverless/index.js.map
-rw-r--r-- okg4/okg4        59 2026-08-18 20:45 watermelon-server-0.1/node_modules/drizzle-orm/planetscale-serverless/index.d.ts
-rw-r--r-- okg4/okg4       669 2026-08-18 20:45 watermelon-server-0.1/node_modules/drizzle-orm/planetscale-serverless/migrator.js.map
-rw-r--r-- okg4/okg4      1290 2026-08-18 20:45 watermelon-server-0.1/node_modules/drizzle-orm/planetscale-serverless/migrator.cjs
-rw-r--r-- okg4/okg4       259 2026-08-18 20:45 watermelon-server-0.1/node_modules/drizzle-orm/planetscale-serverless/migrator.js
-rw-r--r-- okg4/okg4      2550 2026-08-18 20:45 watermelon-server-0.1/node_modules/drizzle-orm/planetscale-serverless/driver.js
-rw-r--r-- okg4/okg4      6076 2026-08-18 20:45 watermelon-server-0.1/node_modules/drizzle-orm/planetscale-serverless/driver.js.map
-rw-r--r-- okg4/okg4      5491 2026-08-18 20:45 watermelon-server-0.1/node_modules/drizzle-orm/planetscale-serverless/session.js
-rw-r--r-- okg4/okg4      4137 2026-08-18 20:45 watermelon-server-0.1/node_modules/drizzle-orm/planetscale-serverless/session.d.ts
-rw-r--r-- okg4/okg4      4147 2026-08-18 20:45 watermelon-server-0.1/node_modules/drizzle-orm/planetscale-serverless/session.d.cts
-rw-r--r-- okg4/okg4       236 2026-08-18 20:45 watermelon-server-0.1/node_modules/drizzle-orm/planetscale-serverless/index.cjs.map
-rw-r--r-- okg4/okg4     12443 2026-08-18 20:45 watermelon-server-0.1/node_modules/drizzle-orm/planetscale-serverless/session.cjs.map
-rw-r--r-- okg4/okg4     12453 2026-08-18 20:45 watermelon-server-0.1/node_modules/drizzle-orm/planetscale-serverless/session.js.map
-rw-r--r-- okg4/okg4      3759 2026-08-18 20:45 watermelon-server-0.1/node_modules/drizzle-orm/planetscale-serverless/driver.cjs
-rw-r--r-- okg4/okg4       261 2026-08-18 20:45 watermelon-server-0.1/node_modules/drizzle-orm/planetscale-serverless/migrator.d.cts
-rw-r--r-- okg4/okg4       679 2026-08-18 20:45 watermelon-server-0.1/node_modules/drizzle-orm/index.js.map
-rw-r--r-- okg4/okg4        11 2026-08-18 20:45 watermelon-server-0.1/node_modules/drizzle-orm/tracing.d.ts
-rw-r--r-- okg4/okg4      1918 2026-08-18 20:45 watermelon-server-0.1/node_modules/drizzle-orm/logger.cjs.map
-rw-r--r-- okg4/okg4      2196 2026-08-18 20:45 watermelon-server-0.1/node_modules/drizzle-orm/tracing.js.map
-rw-r--r-- okg4/okg4       464 2026-08-18 20:45 watermelon-server-0.1/node_modules/drizzle-orm/selection-proxy.d.cts
-rw-r--r-- okg4/okg4       109 2026-08-18 20:45 watermelon-server-0.1/node_modules/drizzle-orm/table.utils.js
-rw-r--r-- okg4/okg4      1135 2026-08-18 20:45 watermelon-server-0.1/node_modules/drizzle-orm/tracing-utils.cjs
-rw-r--r-- okg4/okg4      1578 2026-08-18 20:45 watermelon-server-0.1/node_modules/drizzle-orm/alias.d.cts
-rw-r--r-- okg4/okg4      1940 2026-08-18 20:45 watermelon-server-0.1/node_modules/drizzle-orm/entity.cjs
-rw-r--r-- okg4/okg4       253 2026-08-18 20:45 watermelon-server-0.1/node_modules/drizzle-orm/primary-key.js
-rw-r--r-- okg4/okg4      6361 2026-08-18 20:45 watermelon-server-0.1/node_modules/drizzle-orm/column.js.map
-rw-r--r-- okg4/okg4      1527 2026-08-18 20:45 watermelon-server-0.1/node_modules/drizzle-orm/query-promise.js.map
-rw-r--r-- okg4/okg4       269 2026-08-18 20:45 watermelon-server-0.1/node_modules/drizzle-orm/tracing-utils.js.map
-rw-r--r-- okg4/okg4       670 2026-08-18 20:45 watermelon-server-0.1/node_modules/drizzle-orm/query-promise.d.cts
-rw-r--r-- okg4/okg4       435 2026-08-18 20:45 watermelon-server-0.1/node_modules/drizzle-orm/index.d.ts
-rw-r--r-- okg4/okg4      3620 2026-08-18 20:45 watermelon-server-0.1/node_modules/drizzle-orm/selection-proxy.cjs
-rw-r--r-- okg4/okg4      2554 2026-08-18 20:45 watermelon-server-0.1/node_modules/drizzle-orm/migrator.js.map
-rw-r--r-- okg4/okg4     11362 2026-08-18 20:45 watermelon-server-0.1/node_modules/drizzle-orm/relations.cjs
drwxr-xr-x okg4/okg4         0 2026-08-18 20:45 watermelon-server-0.1/node_modules/drizzle-orm/vercel-postgres/
-rw-r--r-- okg4/okg4      5414 2026-08-18 20:45 watermelon-server-0.1/node_modules/drizzle-orm/vercel-postgres/driver.cjs.map
-rw-r--r-- okg4/okg4      8678 2026-08-18 20:45 watermelon-server-0.1/node_modules/drizzle-orm/vercel-postgres/session.cjs
-rw-r--r-- okg4/okg4       253 2026-08-18 20:45 watermelon-server-0.1/node_modules/drizzle-orm/vercel-postgres/migrator.d.ts
-rw-r--r-- okg4/okg4      1249 2026-08-18 20:45 watermelon-server-0.1/node_modules/drizzle-orm/vercel-postgres/index.cjs
-rw-r--r-- okg4/okg4        61 2026-08-18 20:45 watermelon-server-0.1/node_modules/drizzle-orm/vercel-postgres/index.d.cts
-rw-r--r-- okg4/okg4      1849 2026-08-18 20:45 watermelon-server-0.1/node_modules/drizzle-orm/vercel-postgres/driver.d.cts
-rw-r--r-- okg4/okg4      1841 2026-08-18 20:45 watermelon-server-0.1/node_modules/drizzle-orm/vercel-postgres/driver.d.ts
-rw-r--r-- okg4/okg4        92 2026-08-18 20:45 watermelon-server-0.1/node_modules/drizzle-orm/vercel-postgres/index.js
-rw-r--r-- okg4/okg4       693 2026-08-18 20:45 watermelon-server-0.1/node_modules/drizzle-orm/vercel-postgres/migrator.cjs.map
-rw-r--r-- okg4/okg4       190 2026-08-18 20:45 watermelon-server-0.1/node_modules/drizzle-orm/vercel-postgres/index.js.map
-rw-r--r-- okg4/okg4        59 2026-08-18 20:45 watermelon-server-0.1/node_modules/drizzle-orm/vercel-postgres/index.d.ts
-rw-r--r-- okg4/okg4       654 2026-08-18 20:45 watermelon-server-0.1/node_modules/drizzle-orm/vercel-postgres/migrator.js.map
-rw-r--r-- okg4/okg4      1290 2026-08-18 20:45 watermelon-server-0.1/node_modules/drizzle-orm/vercel-postgres/migrator.cjs
-rw-r--r-- okg4/okg4       259 2026-08-18 20:45 watermelon-server-0.1/node_modules/drizzle-orm/vercel-postgres/migrator.js
-rw-r--r-- okg4/okg4      2212 2026-08-18 20:45 watermelon-server-0.1/node_modules/drizzle-orm/vercel-postgres/driver.js
-rw-r--r-- okg4/okg4      5411 2026-08-18 20:45 watermelon-server-0.1/node_modules/drizzle-orm/vercel-postgres/driver.js.map
-rw-r--r-- okg4/okg4      7119 2026-08-18 20:45 watermelon-server-0.1/node_modules/drizzle-orm/vercel-postgres/session.js
-rw-r--r-- okg4/okg4      3780 2026-08-18 20:45 watermelon-server-0.1/node_modules/drizzle-orm/vercel-postgres/session.d.ts
-rw-r--r-- okg4/okg4      3791 2026-08-18 20:45 watermelon-server-0.1/node_modules/drizzle-orm/vercel-postgres/session.d.cts
-rw-r--r-- okg4/okg4       229 2026-08-18 20:45 watermelon-server-0.1/node_modules/drizzle-orm/vercel-postgres/index.cjs.map
-rw-r--r-- okg4/okg4     15321 2026-08-18 20:45 watermelon-server-0.1/node_modules/drizzle-orm/vercel-postgres/session.cjs.map
-rw-r--r-- okg4/okg4     15318 2026-08-18 20:45 watermelon-server-0.1/node_modules/drizzle-orm/vercel-postgres/session.js.map
-rw-r--r-- okg4/okg4      3449 2026-08-18 20:45 watermelon-server-0.1/node_modules/drizzle-orm/vercel-postgres/driver.cjs
-rw-r--r-- okg4/okg4       255 2026-08-18 20:45 watermelon-server-0.1/node_modules/drizzle-orm/vercel-postgres/migrator.d.cts
-rw-r--r-- okg4/okg4      3010 2026-08-18 20:45 watermelon-server-0.1/node_modules/drizzle-orm/migrator.cjs
drwxr-xr-x okg4/okg4         0 2026-08-18 20:45 watermelon-server-0.1/node_modules/drizzle-orm/bun-sqlite/
-rw-r--r-- okg4/okg4      6028 2026-08-18 20:45 watermelon-server-0.1/node_modules/drizzle-orm/bun-sqlite/driver.cjs.map
-rw-r--r-- okg4/okg4      5316 2026-08-18 20:45 watermelon-server-0.1/node_modules/drizzle-orm/bun-sqlite/session.cjs
-rw-r--r-- okg4/okg4       246 2026-08-18 20:45 watermelon-server-0.1/node_modules/drizzle-orm/bun-sqlite/migrator.d.ts
-rw-r--r-- okg4/okg4      1229 2026-08-18 20:45 watermelon-server-0.1/node_modules/drizzle-orm/bun-sqlite/index.cjs
-rw-r--r-- okg4/okg4        61 2026-08-18 20:45 watermelon-server-0.1/node_modules/drizzle-orm/bun-sqlite/index.d.cts
-rw-r--r-- okg4/okg4      1722 2026-08-18 20:45 watermelon-server-0.1/node_modules/drizzle-orm/bun-sqlite/driver.d.cts
-rw-r--r-- okg4/okg4      1719 2026-08-18 20:45 watermelon-server-0.1/node_modules/drizzle-orm/bun-sqlite/driver.d.ts
-rw-r--r-- okg4/okg4        92 2026-08-18 20:45 watermelon-server-0.1/node_modules/drizzle-orm/bun-sqlite/index.js
-rw-r--r-- okg4/okg4       671 2026-08-18 20:45 watermelon-server-0.1/node_modules/drizzle-orm/bun-sqlite/migrator.cjs.map
-rw-r--r-- okg4/okg4       185 2026-08-18 20:45 watermelon-server-0.1/node_modules/drizzle-orm/bun-sqlite/index.js.map
-rw-r--r-- okg4/okg4        59 2026-08-18 20:45 watermelon-server-0.1/node_modules/drizzle-orm/bun-sqlite/index.d.ts
-rw-r--r-- okg4/okg4       632 2026-08-18 20:45 watermelon-server-0.1/node_modules/drizzle-orm/bun-sqlite/migrator.js.map
-rw-r--r-- okg4/okg4      1278 2026-08-18 20:45 watermelon-server-0.1/node_modules/drizzle-orm/bun-sqlite/migrator.cjs
-rw-r--r-- okg4/okg4       247 2026-08-18 20:45 watermelon-server-0.1/node_modules/drizzle-orm/bun-sqlite/migrator.js
-rw-r--r-- okg4/okg4      2305 2026-08-18 20:45 watermelon-server-0.1/node_modules/drizzle-orm/bun-sqlite/driver.js
-rw-r--r-- okg4/okg4      6032 2026-08-18 20:45 watermelon-server-0.1/node_modules/drizzle-orm/bun-sqlite/driver.js.map
-rw-r--r-- okg4/okg4      4003 2026-08-18 20:45 watermelon-server-0.1/node_modules/drizzle-orm/bun-sqlite/session.js
-rw-r--r-- okg4/okg4      3064 2026-08-18 20:45 watermelon-server-0.1/node_modules/drizzle-orm/bun-sqlite/session.d.ts
-rw-r--r-- okg4/okg4      3073 2026-08-18 20:45 watermelon-server-0.1/node_modules/drizzle-orm/bun-sqlite/session.d.cts
-rw-r--r-- okg4/okg4       224 2026-08-18 20:45 watermelon-server-0.1/node_modules/drizzle-orm/bun-sqlite/index.cjs.map
-rw-r--r-- okg4/okg4      8760 2026-08-18 20:45 watermelon-server-0.1/node_modules/drizzle-orm/bun-sqlite/session.cjs.map
-rw-r--r-- okg4/okg4      8724 2026-08-18 20:45 watermelon-server-0.1/node_modules/drizzle-orm/bun-sqlite/session.js.map
-rw-r--r-- okg4/okg4      3510 2026-08-18 20:45 watermelon-server-0.1/node_modules/drizzle-orm/bun-sqlite/driver.cjs
-rw-r--r-- okg4/okg4       248 2026-08-18 20:45 watermelon-server-0.1/node_modules/drizzle-orm/bun-sqlite/migrator.d.cts
-rw-r--r-- okg4/okg4      1566 2026-08-18 20:45 watermelon-server-0.1/node_modules/drizzle-orm/query-promise.cjs.map
drwxr-xr-x okg4/okg4         0 2026-08-18 20:45 watermelon-server-0.1/node_modules/drizzle-orm/supabase/
-rw-r--r-- okg4/okg4      2691 2026-08-18 20:45 watermelon-server-0.1/node_modules/drizzle-orm/supabase/rls.js.map
-rw-r--r-- okg4/okg4      7254 2026-08-18 20:45 watermelon-server-0.1/node_modules/drizzle-orm/supabase/rls.d.ts
-rw-r--r-- okg4/okg4      1112 2026-08-18 20:45 watermelon-server-0.1/node_modules/drizzle-orm/supabase/index.cjs
-rw-r--r-- okg4/okg4        27 2026-08-18 20:45 watermelon-server-0.1/node_modules/drizzle-orm/supabase/index.d.cts
-rw-r--r-- okg4/okg4        59 2026-08-18 20:45 watermelon-server-0.1/node_modules/drizzle-orm/supabase/index.js
-rw-r--r-- okg4/okg4       139 2026-08-18 20:45 watermelon-server-0.1/node_modules/drizzle-orm/supabase/index.js.map
-rw-r--r-- okg4/okg4        26 2026-08-18 20:45 watermelon-server-0.1/node_modules/drizzle-orm/supabase/index.d.ts
-rw-r--r-- okg4/okg4      1546 2026-08-18 20:45 watermelon-server-0.1/node_modules/drizzle-orm/supabase/rls.js
-rw-r--r-- okg4/okg4      2761 2026-08-18 20:45 watermelon-server-0.1/node_modules/drizzle-orm/supabase/rls.cjs.map
-rw-r--r-- okg4/okg4      3202 2026-08-18 20:45 watermelon-server-0.1/node_modules/drizzle-orm/supabase/rls.cjs
-rw-r--r-- okg4/okg4      7254 2026-08-18 20:45 watermelon-server-0.1/node_modules/drizzle-orm/supabase/rls.d.cts
-rw-r--r-- okg4/okg4       171 2026-08-18 20:45 watermelon-server-0.1/node_modules/drizzle-orm/supabase/index.cjs.map
-rw-r--r-- okg4/okg4        11 2026-08-18 20:45 watermelon-server-0.1/node_modules/drizzle-orm/table.utils.d.cts
-rw-r--r-- okg4/okg4       320 2026-08-18 20:45 watermelon-server-0.1/node_modules/drizzle-orm/batch.d.ts
-rw-r--r-- okg4/okg4      1247 2026-08-18 20:45 watermelon-server-0.1/node_modules/drizzle-orm/operations.d.ts
drwxr-xr-x okg4/okg4         0 2026-08-18 20:45 watermelon-server-0.1/node_modules/drizzle-orm/libsql/
-rw-r--r-- okg4/okg4      2542 2026-08-18 20:45 watermelon-server-0.1/node_modules/drizzle-orm/libsql/driver.cjs.map
-rw-r--r-- okg4/okg4      9439 2026-08-18 20:45 watermelon-server-0.1/node_modules/drizzle-orm/libsql/session.cjs
-rw-r--r-- okg4/okg4       527 2026-08-18 20:45 watermelon-server-0.1/node_modules/drizzle-orm/libsql/driver-core.d.ts
-rw-r--r-- okg4/okg4       249 2026-08-18 20:45 watermelon-server-0.1/node_modules/drizzle-orm/libsql/migrator.d.ts
drwxr-xr-x okg4/okg4         0 2026-08-18 20:45 watermelon-server-0.1/node_modules/drizzle-orm/libsql/web/
-rw-r--r-- okg4/okg4      2068 2026-08-18 20:45 watermelon-server-0.1/node_modules/drizzle-orm/libsql/web/index.cjs
-rw-r--r-- okg4/okg4       822 2026-08-18 20:45 watermelon-server-0.1/node_modules/drizzle-orm/libsql/web/index.d.cts
-rw-r--r-- okg4/okg4       874 2026-08-18 20:45 watermelon-server-0.1/node_modules/drizzle-orm/libsql/web/index.js
-rw-r--r-- okg4/okg4      2406 2026-08-18 20:45 watermelon-server-0.1/node_modules/drizzle-orm/libsql/web/index.js.map
-rw-r--r-- okg4/okg4       820 2026-08-18 20:45 watermelon-server-0.1/node_modules/drizzle-orm/libsql/web/index.d.ts
-rw-r--r-- okg4/okg4      2441 2026-08-18 20:45 watermelon-server-0.1/node_modules/drizzle-orm/libsql/web/index.cjs.map
-rw-r--r-- okg4/okg4      1213 2026-08-18 20:45 watermelon-server-0.1/node_modules/drizzle-orm/libsql/index.cjs
-rw-r--r-- okg4/okg4        61 2026-08-18 20:45 watermelon-server-0.1/node_modules/drizzle-orm/libsql/index.d.cts
drwxr-xr-x okg4/okg4         0 2026-08-18 20:45 watermelon-server-0.1/node_modules/drizzle-orm/libsql/node/
-rw-r--r-- okg4/okg4      2076 2026-08-18 20:45 watermelon-server-0.1/node_modules/drizzle-orm/libsql/node/index.cjs
-rw-r--r-- okg4/okg4       823 2026-08-18 20:45 watermelon-server-0.1/node_modules/drizzle-orm/libsql/node/index.d.cts
-rw-r--r-- okg4/okg4       875 2026-08-18 20:45 watermelon-server-0.1/node_modules/drizzle-orm/libsql/node/index.js
-rw-r--r-- okg4/okg4      2408 2026-08-18 20:45 watermelon-server-0.1/node_modules/drizzle-orm/libsql/node/index.js.map
-rw-r--r-- okg4/okg4       821 2026-08-18 20:45 watermelon-server-0.1/node_modules/drizzle-orm/libsql/node/index.d.ts
-rw-r--r-- okg4/okg4      2443 2026-08-18 20:45 watermelon-server-0.1/node_modules/drizzle-orm/libsql/node/index.cjs.map
-rw-r--r-- okg4/okg4       866 2026-08-18 20:45 watermelon-server-0.1/node_modules/drizzle-orm/libsql/driver.d.cts
-rw-r--r-- okg4/okg4       863 2026-08-18 20:45 watermelon-server-0.1/node_modules/drizzle-orm/libsql/driver.d.ts
-rw-r--r-- okg4/okg4        92 2026-08-18 20:45 watermelon-server-0.1/node_modules/drizzle-orm/libsql/index.js
-rw-r--r-- okg4/okg4      1470 2026-08-18 20:45 watermelon-server-0.1/node_modules/drizzle-orm/libsql/driver-core.js
drwxr-xr-x okg4/okg4         0 2026-08-18 20:45 watermelon-server-0.1/node_modules/drizzle-orm/libsql/wasm/
-rw-r--r-- okg4/okg4      2104 2026-08-18 20:45 watermelon-server-0.1/node_modules/drizzle-orm/libsql/wasm/index.cjs
-rw-r--r-- okg4/okg4       823 2026-08-18 20:45 watermelon-server-0.1/node_modules/drizzle-orm/libsql/wasm/index.d.cts
-rw-r--r-- okg4/okg4       875 2026-08-18 20:45 watermelon-server-0.1/node_modules/drizzle-orm/libsql/wasm/index.js
-rw-r--r-- okg4/okg4      2408 2026-08-18 20:45 watermelon-server-0.1/node_modules/drizzle-orm/libsql/wasm/index.js.map
-rw-r--r-- okg4/okg4       821 2026-08-18 20:45 watermelon-server-0.1/node_modules/drizzle-orm/libsql/wasm/index.d.ts
-rw-r--r-- okg4/okg4      2443 2026-08-18 20:45 watermelon-server-0.1/node_modules/drizzle-orm/libsql/wasm/index.cjs.map
-rw-r--r-- okg4/okg4      2377 2026-08-18 20:45 watermelon-server-0.1/node_modules/drizzle-orm/libsql/migrator.cjs.map
-rw-r--r-- okg4/okg4       181 2026-08-18 20:45 watermelon-server-0.1/node_modules/drizzle-orm/libsql/index.js.map
-rw-r--r-- okg4/okg4        59 2026-08-18 20:45 watermelon-server-0.1/node_modules/drizzle-orm/libsql/index.d.ts
-rw-r--r-- okg4/okg4      2341 2026-08-18 20:45 watermelon-server-0.1/node_modules/drizzle-orm/libsql/migrator.js.map
-rw-r--r-- okg4/okg4      2378 2026-08-18 20:45 watermelon-server-0.1/node_modules/drizzle-orm/libsql/migrator.cjs
-rw-r--r-- okg4/okg4       530 2026-08-18 20:45 watermelon-server-0.1/node_modules/drizzle-orm/libsql/driver-core.d.cts
-rw-r--r-- okg4/okg4      2588 2026-08-18 20:45 watermelon-server-0.1/node_modules/drizzle-orm/libsql/driver-core.cjs
-rw-r--r-- okg4/okg4      1263 2026-08-18 20:45 watermelon-server-0.1/node_modules/drizzle-orm/libsql/migrator.js
-rw-r--r-- okg4/okg4       936 2026-08-18 20:45 watermelon-server-0.1/node_modules/drizzle-orm/libsql/driver.js
-rw-r--r-- okg4/okg4      3391 2026-08-18 20:45 watermelon-server-0.1/node_modules/drizzle-orm/libsql/driver-core.js.map
-rw-r--r-- okg4/okg4      2480 2026-08-18 20:45 watermelon-server-0.1/node_modules/drizzle-orm/libsql/driver.js.map
-rw-r--r-- okg4/okg4      8093 2026-08-18 20:45 watermelon-server-0.1/node_modules/drizzle-orm/libsql/session.js
-rw-r--r-- okg4/okg4      3394 2026-08-18 20:45 watermelon-server-0.1/node_modules/drizzle-orm/libsql/driver-core.cjs.map
-rw-r--r-- okg4/okg4      4270 2026-08-18 20:45 watermelon-server-0.1/node_modules/drizzle-orm/libsql/session.d.ts
-rw-r--r-- okg4/okg4      4282 2026-08-18 20:45 watermelon-server-0.1/node_modules/drizzle-orm/libsql/session.d.cts
-rw-r--r-- okg4/okg4       220 2026-08-18 20:45 watermelon-server-0.1/node_modules/drizzle-orm/libsql/index.cjs.map
-rw-r--r-- okg4/okg4     17721 2026-08-18 20:45 watermelon-server-0.1/node_modules/drizzle-orm/libsql/session.cjs.map
-rw-r--r-- okg4/okg4     17709 2026-08-18 20:45 watermelon-server-0.1/node_modules/drizzle-orm/libsql/session.js.map
drwxr-xr-x okg4/okg4         0 2026-08-18 20:45 watermelon-server-0.1/node_modules/drizzle-orm/libsql/ws/
-rw-r--r-- okg4/okg4      2060 2026-08-18 20:45 watermelon-server-0.1/node_modules/drizzle-orm/libsql/ws/index.cjs
-rw-r--r-- okg4/okg4       821 2026-08-18 20:45 watermelon-server-0.1/node_modules/drizzle-orm/libsql/ws/index.d.cts
-rw-r--r-- okg4/okg4       873 2026-08-18 20:45 watermelon-server-0.1/node_modules/drizzle-orm/libsql/ws/index.js
-rw-r--r-- okg4/okg4      2404 2026-08-18 20:45 watermelon-server-0.1/node_modules/drizzle-orm/libsql/ws/index.js.map
-rw-r--r-- okg4/okg4       819 2026-08-18 20:45 watermelon-server-0.1/node_modules/drizzle-orm/libsql/ws/index.d.ts
-rw-r--r-- okg4/okg4      2439 2026-08-18 20:45 watermelon-server-0.1/node_modules/drizzle-orm/libsql/ws/index.cjs.map
drwxr-xr-x okg4/okg4         0 2026-08-18 20:45 watermelon-server-0.1/node_modules/drizzle-orm/libsql/http/
-rw-r--r-- okg4/okg4      2076 2026-08-18 20:45 watermelon-server-0.1/node_modules/drizzle-orm/libsql/http/index.cjs
-rw-r--r-- okg4/okg4       823 2026-08-18 20:45 watermelon-server-0.1/node_modules/drizzle-orm/libsql/http/index.d.cts
-rw-r--r-- okg4/okg4       875 2026-08-18 20:45 watermelon-server-0.1/node_modules/drizzle-orm/libsql/http/index.js
-rw-r--r-- okg4/okg4      2408 2026-08-18 20:45 watermelon-server-0.1/node_modules/drizzle-orm/libsql/http/index.js.map
-rw-r--r-- okg4/okg4       821 2026-08-18 20:45 watermelon-server-0.1/node_modules/drizzle-orm/libsql/http/index.d.ts
-rw-r--r-- okg4/okg4      2443 2026-08-18 20:45 watermelon-server-0.1/node_modules/drizzle-orm/libsql/http/index.cjs.map
-rw-r--r-- okg4/okg4      2216 2026-08-18 20:45 watermelon-server-0.1/node_modules/drizzle-orm/libsql/driver.cjs
drwxr-xr-x okg4/okg4         0 2026-08-18 20:45 watermelon-server-0.1/node_modules/drizzle-orm/libsql/sqlite3/
-rw-r--r-- okg4/okg4      2100 2026-08-18 20:45 watermelon-server-0.1/node_modules/drizzle-orm/libsql/sqlite3/index.cjs
-rw-r--r-- okg4/okg4       826 2026-08-18 20:45 watermelon-server-0.1/node_modules/drizzle-orm/libsql/sqlite3/index.d.cts
-rw-r--r-- okg4/okg4       878 2026-08-18 20:45 watermelon-server-0.1/node_modules/drizzle-orm/libsql/sqlite3/index.js
-rw-r--r-- okg4/okg4      2414 2026-08-18 20:45 watermelon-server-0.1/node_modules/drizzle-orm/libsql/sqlite3/index.js.map
-rw-r--r-- okg4/okg4       824 2026-08-18 20:45 watermelon-server-0.1/node_modules/drizzle-orm/libsql/sqlite3/index.d.ts
-rw-r--r-- okg4/okg4      2449 2026-08-18 20:45 watermelon-server-0.1/node_modules/drizzle-orm/libsql/sqlite3/index.cjs.map
-rw-r--r-- okg4/okg4       251 2026-08-18 20:45 watermelon-server-0.1/node_modules/drizzle-orm/libsql/migrator.d.cts
drwxr-xr-x okg4/okg4         0 2026-08-18 20:45 watermelon-server-0.1/node_modules/drizzle-orm/pg-core/
-rw-r--r-- okg4/okg4      4835 2026-08-18 20:45 watermelon-server-0.1/node_modules/drizzle-orm/pg-core/foreign-keys.cjs.map
-rw-r--r-- okg4/okg4        50 2026-08-18 20:45 watermelon-server-0.1/node_modules/drizzle-orm/pg-core/view-common.d.ts
-rw-r--r-- okg4/okg4     18933 2026-08-18 20:45 watermelon-server-0.1/node_modules/drizzle-orm/pg-core/view.js.map
-rw-r--r-- okg4/okg4      6304 2026-08-18 20:45 watermelon-server-0.1/node_modules/drizzle-orm/pg-core/session.cjs
-rw-r--r-- okg4/okg4      1658 2026-08-18 20:45 watermelon-server-0.1/node_modules/drizzle-orm/pg-core/roles.cjs
-rw-r--r-- okg4/okg4      1439 2026-08-18 20:45 watermelon-server-0.1/node_modules/drizzle-orm/pg-core/roles.cjs.map
-rw-r--r-- okg4/okg4      2413 2026-08-18 20:45 watermelon-server-0.1/node_modules/drizzle-orm/pg-core/utils.d.cts
-rw-r--r-- okg4/okg4      4427 2026-08-18 20:45 watermelon-server-0.1/node_modules/drizzle-orm/pg-core/indexes.cjs
-rw-r--r-- okg4/okg4      1558 2026-08-18 20:45 watermelon-server-0.1/node_modules/drizzle-orm/pg-core/unique-constraint.js
-rw-r--r-- okg4/okg4       612 2026-08-18 20:45 watermelon-server-0.1/node_modules/drizzle-orm/pg-core/checks.js
-rw-r--r-- okg4/okg4     29442 2026-08-18 20:45 watermelon-server-0.1/node_modules/drizzle-orm/pg-core/db.js.map
-rw-r--r-- okg4/okg4       606 2026-08-18 20:45 watermelon-server-0.1/node_modules/drizzle-orm/pg-core/checks.d.cts
drwxr-xr-x okg4/okg4         0 2026-08-18 20:45 watermelon-server-0.1/node_modules/drizzle-orm/pg-core/query-builders/
-rw-r--r-- okg4/okg4     27716 2026-08-18 20:45 watermelon-server-0.1/node_modules/drizzle-orm/pg-core/query-builders/select.js
-rw-r--r-- okg4/okg4     55587 2026-08-18 20:45 watermelon-server-0.1/node_modules/drizzle-orm/pg-core/query-builders/select.cjs.map
-rw-r--r-- okg4/okg4      3191 2026-08-18 20:45 watermelon-server-0.1/node_modules/drizzle-orm/pg-core/query-builders/query.js
-rw-r--r-- okg4/okg4     20680 2026-08-18 20:45 watermelon-server-0.1/node_modules/drizzle-orm/pg-core/query-builders/insert.cjs.map
-rw-r--r-- okg4/okg4      4427 2026-08-18 20:45 watermelon-server-0.1/node_modules/drizzle-orm/pg-core/query-builders/refresh-materialized-view.cjs.map
-rw-r--r-- okg4/okg4     32695 2026-08-18 20:45 watermelon-server-0.1/node_modules/drizzle-orm/pg-core/query-builders/select.d.ts
-rw-r--r-- okg4/okg4      2582 2026-08-18 20:45 watermelon-server-0.1/node_modules/drizzle-orm/pg-core/query-builders/query.d.ts
-rw-r--r-- okg4/okg4      1842 2026-08-18 20:45 watermelon-server-0.1/node_modules/drizzle-orm/pg-core/query-builders/index.cjs
-rw-r--r-- okg4/okg4       242 2026-08-18 20:45 watermelon-server-0.1/node_modules/drizzle-orm/pg-core/query-builders/index.d.cts
-rw-r--r-- okg4/okg4      4389 2026-08-18 20:45 watermelon-server-0.1/node_modules/drizzle-orm/pg-core/query-builders/query.cjs
-rw-r--r-- okg4/okg4      1881 2026-08-18 20:45 watermelon-server-0.1/node_modules/drizzle-orm/pg-core/query-builders/query-builder.d.ts
-rw-r--r-- okg4/okg4      7088 2026-08-18 20:45 watermelon-server-0.1/node_modules/drizzle-orm/pg-core/query-builders/query.js.map
-rw-r--r-- okg4/okg4     13240 2026-08-18 20:45 watermelon-server-0.1/node_modules/drizzle-orm/pg-core/query-builders/update.d.cts
-rw-r--r-- okg4/okg4     13223 2026-08-18 20:45 watermelon-server-0.1/node_modules/drizzle-orm/pg-core/query-builders/update.d.ts
-rw-r--r-- okg4/okg4     13353 2026-08-18 20:45 watermelon-server-0.1/node_modules/drizzle-orm/pg-core/query-builders/select.types.d.cts
-rw-r--r-- okg4/okg4       268 2026-08-18 20:45 watermelon-server-0.1/node_modules/drizzle-orm/pg-core/query-builders/index.js
-rw-r--r-- okg4/okg4     20663 2026-08-18 20:45 watermelon-server-0.1/node_modules/drizzle-orm/pg-core/query-builders/insert.js.map
-rw-r--r-- okg4/okg4      1790 2026-08-18 20:45 watermelon-server-0.1/node_modules/drizzle-orm/pg-core/query-builders/raw.cjs.map
-rw-r--r-- okg4/okg4       431 2026-08-18 20:45 watermelon-server-0.1/node_modules/drizzle-orm/pg-core/query-builders/index.js.map
-rw-r--r-- okg4/okg4      1347 2026-08-18 20:45 watermelon-server-0.1/node_modules/drizzle-orm/pg-core/query-builders/count.d.ts
-rw-r--r-- okg4/okg4      1681 2026-08-18 20:45 watermelon-server-0.1/node_modules/drizzle-orm/pg-core/query-builders/refresh-materialized-view.js
-rw-r--r-- okg4/okg4      7111 2026-08-18 20:45 watermelon-server-0.1/node_modules/drizzle-orm/pg-core/query-builders/query-builder.js.map
-rw-r--r-- okg4/okg4      2591 2026-08-18 20:45 watermelon-server-0.1/node_modules/drizzle-orm/pg-core/query-builders/query.d.cts
-rw-r--r-- okg4/okg4        40 2026-08-18 20:45 watermelon-server-0.1/node_modules/drizzle-orm/pg-core/query-builders/select.types.js
-rw-r--r-- okg4/okg4      7199 2026-08-18 20:45 watermelon-server-0.1/node_modules/drizzle-orm/pg-core/query-builders/update.js
-rw-r--r-- okg4/okg4       235 2026-08-18 20:45 watermelon-server-0.1/node_modules/drizzle-orm/pg-core/query-builders/index.d.ts
-rw-r--r-- okg4/okg4      3145 2026-08-18 20:45 watermelon-server-0.1/node_modules/drizzle-orm/pg-core/query-builders/delete.js
-rw-r--r-- okg4/okg4      3528 2026-08-18 20:45 watermelon-server-0.1/node_modules/drizzle-orm/pg-core/query-builders/count.js.map
-rw-r--r-- okg4/okg4      2486 2026-08-18 20:45 watermelon-server-0.1/node_modules/drizzle-orm/pg-core/query-builders/count.cjs
-rw-r--r-- okg4/okg4      7132 2026-08-18 20:45 watermelon-server-0.1/node_modules/drizzle-orm/pg-core/query-builders/query-builder.cjs.map
-rw-r--r-- okg4/okg4      8731 2026-08-18 20:45 watermelon-server-0.1/node_modules/drizzle-orm/pg-core/query-builders/insert.cjs
-rw-r--r-- okg4/okg4     10321 2026-08-18 20:45 watermelon-server-0.1/node_modules/drizzle-orm/pg-core/query-builders/insert.d.ts
-rw-r--r-- okg4/okg4      3785 2026-08-18 20:45 watermelon-server-0.1/node_modules/drizzle-orm/pg-core/query-builders/query-builder.cjs
-rw-r--r-- okg4/okg4      7284 2026-08-18 20:45 watermelon-server-0.1/node_modules/drizzle-orm/pg-core/query-builders/insert.js
-rw-r--r-- okg4/okg4      1004 2026-08-18 20:45 watermelon-server-0.1/node_modules/drizzle-orm/pg-core/query-builders/raw.d.cts
-rw-r--r-- okg4/okg4     14663 2026-08-18 20:45 watermelon-server-0.1/node_modules/drizzle-orm/pg-core/query-builders/select.types.cjs.map
-rw-r--r-- okg4/okg4       712 2026-08-18 20:45 watermelon-server-0.1/node_modules/drizzle-orm/pg-core/query-builders/raw.js
-rw-r--r-- okg4/okg4      1352 2026-08-18 20:45 watermelon-server-0.1/node_modules/drizzle-orm/pg-core/query-builders/count.d.cts
-rw-r--r-- okg4/okg4     24892 2026-08-18 20:45 watermelon-server-0.1/node_modules/drizzle-orm/pg-core/query-builders/update.js.map
-rw-r--r-- okg4/okg4     24921 2026-08-18 20:45 watermelon-server-0.1/node_modules/drizzle-orm/pg-core/query-builders/update.cjs.map
-rw-r--r-- okg4/okg4      8735 2026-08-18 20:45 watermelon-server-0.1/node_modules/drizzle-orm/pg-core/query-builders/update.cjs
-rw-r--r-- okg4/okg4      3558 2026-08-18 20:45 watermelon-server-0.1/node_modules/drizzle-orm/pg-core/query-builders/count.cjs.map
-rw-r--r-- okg4/okg4      1394 2026-08-18 20:45 watermelon-server-0.1/node_modules/drizzle-orm/pg-core/query-builders/count.js
-rw-r--r-- okg4/okg4      4393 2026-08-18 20:45 watermelon-server-0.1/node_modules/drizzle-orm/pg-core/query-builders/refresh-materialized-view.js.map
-rw-r--r-- okg4/okg4     32712 2026-08-18 20:45 watermelon-server-0.1/node_modules/drizzle-orm/pg-core/query-builders/select.d.cts
-rw-r--r-- okg4/okg4      7033 2026-08-18 20:45 watermelon-server-0.1/node_modules/drizzle-orm/pg-core/query-builders/delete.d.cts
-rw-r--r-- okg4/okg4      2865 2026-08-18 20:45 watermelon-server-0.1/node_modules/drizzle-orm/pg-core/query-builders/refresh-materialized-view.cjs
-rw-r--r-- okg4/okg4      1489 2026-08-18 20:45 watermelon-server-0.1/node_modules/drizzle-orm/pg-core/query-builders/refresh-materialized-view.d.ts
-rw-r--r-- okg4/okg4     55552 2026-08-18 20:45 watermelon-server-0.1/node_modules/drizzle-orm/pg-core/query-builders/select.js.map
-rw-r--r-- okg4/okg4        71 2026-08-18 20:45 watermelon-server-0.1/node_modules/drizzle-orm/pg-core/query-builders/select.types.js.map
-rw-r--r-- okg4/okg4      7114 2026-08-18 20:45 watermelon-server-0.1/node_modules/drizzle-orm/pg-core/query-builders/query.cjs.map
-rw-r--r-- okg4/okg4       796 2026-08-18 20:45 watermelon-server-0.1/node_modules/drizzle-orm/pg-core/query-builders/select.types.cjs
-rw-r--r-- okg4/okg4     10339 2026-08-18 20:45 watermelon-server-0.1/node_modules/drizzle-orm/pg-core/query-builders/insert.d.cts
-rw-r--r-- okg4/okg4      1496 2026-08-18 20:45 watermelon-server-0.1/node_modules/drizzle-orm/pg-core/query-builders/refresh-materialized-view.d.cts
-rw-r--r-- okg4/okg4      4321 2026-08-18 20:45 watermelon-server-0.1/node_modules/drizzle-orm/pg-core/query-builders/delete.cjs
-rw-r--r-- okg4/okg4     11518 2026-08-18 20:45 watermelon-server-0.1/node_modules/drizzle-orm/pg-core/query-builders/delete.cjs.map
-rw-r--r-- okg4/okg4       505 2026-08-18 20:45 watermelon-server-0.1/node_modules/drizzle-orm/pg-core/query-builders/index.cjs.map
-rw-r--r-- okg4/okg4      1890 2026-08-18 20:45 watermelon-server-0.1/node_modules/drizzle-orm/pg-core/query-builders/query-builder.d.cts
-rw-r--r-- okg4/okg4      2521 2026-08-18 20:45 watermelon-server-0.1/node_modules/drizzle-orm/pg-core/query-builders/query-builder.js
-rw-r--r-- okg4/okg4      1752 2026-08-18 20:45 watermelon-server-0.1/node_modules/drizzle-orm/pg-core/query-builders/raw.cjs
-rw-r--r-- okg4/okg4     13340 2026-08-18 20:45 watermelon-server-0.1/node_modules/drizzle-orm/pg-core/query-builders/select.types.d.ts
-rw-r--r-- okg4/okg4     29727 2026-08-18 20:45 watermelon-server-0.1/node_modules/drizzle-orm/pg-core/query-builders/select.cjs
-rw-r--r-- okg4/okg4      1755 2026-08-18 20:45 watermelon-server-0.1/node_modules/drizzle-orm/pg-core/query-builders/raw.js.map
-rw-r--r-- okg4/okg4       999 2026-08-18 20:45 watermelon-server-0.1/node_modules/drizzle-orm/pg-core/query-builders/raw.d.ts
-rw-r--r-- okg4/okg4     11485 2026-08-18 20:45 watermelon-server-0.1/node_modules/drizzle-orm/pg-core/query-builders/delete.js.map
-rw-r--r-- okg4/okg4      7021 2026-08-18 20:45 watermelon-server-0.1/node_modules/drizzle-orm/pg-core/query-builders/delete.d.ts
-rw-r--r-- okg4/okg4      2164 2026-08-18 20:45 watermelon-server-0.1/node_modules/drizzle-orm/pg-core/primary-keys.cjs
-rw-r--r-- okg4/okg4      1142 2026-08-18 20:45 watermelon-server-0.1/node_modules/drizzle-orm/pg-core/schema.d.cts
-rw-r--r-- okg4/okg4       467 2026-08-18 20:45 watermelon-server-0.1/node_modules/drizzle-orm/pg-core/expressions.d.cts
-rw-r--r-- okg4/okg4      4227 2026-08-18 20:45 watermelon-server-0.1/node_modules/drizzle-orm/pg-core/indexes.d.cts
-rw-r--r-- okg4/okg4      3221 2026-08-18 20:45 watermelon-server-0.1/node_modules/drizzle-orm/pg-core/index.cjs
-rw-r--r-- okg4/okg4      4604 2026-08-18 20:45 watermelon-server-0.1/node_modules/drizzle-orm/pg-core/utils.cjs
-rw-r--r-- okg4/okg4      1763 2026-08-18 20:45 watermelon-server-0.1/node_modules/drizzle-orm/pg-core/foreign-keys.d.ts
-rw-r--r-- okg4/okg4       683 2026-08-18 20:45 watermelon-server-0.1/node_modules/drizzle-orm/pg-core/index.d.cts
-rw-r--r-- okg4/okg4      1026 2026-08-18 20:45 watermelon-server-0.1/node_modules/drizzle-orm/pg-core/policies.d.ts
-rw-r--r-- okg4/okg4       624 2026-08-18 20:45 watermelon-server-0.1/node_modules/drizzle-orm/pg-core/expressions.js
-rw-r--r-- okg4/okg4      1683 2026-08-18 20:45 watermelon-server-0.1/node_modules/drizzle-orm/pg-core/policies.cjs
-rw-r--r-- okg4/okg4     12255 2026-08-18 20:45 watermelon-server-0.1/node_modules/drizzle-orm/pg-core/db.d.ts
-rw-r--r-- okg4/okg4      1630 2026-08-18 20:45 watermelon-server-0.1/node_modules/drizzle-orm/pg-core/subquery.cjs.map
-rw-r--r-- okg4/okg4     10073 2026-08-18 20:45 watermelon-server-0.1/node_modules/drizzle-orm/pg-core/db.js
-rw-r--r-- okg4/okg4      1395 2026-08-18 20:45 watermelon-server-0.1/node_modules/drizzle-orm/pg-core/roles.js.map
-rw-r--r-- okg4/okg4      1704 2026-08-18 20:45 watermelon-server-0.1/node_modules/drizzle-orm/pg-core/checks.cjs
drwxr-xr-x okg4/okg4         0 2026-08-18 20:45 watermelon-server-0.1/node_modules/drizzle-orm/pg-core/columns/
-rw-r--r-- okg4/okg4      2064 2026-08-18 20:45 watermelon-server-0.1/node_modules/drizzle-orm/pg-core/columns/macaddr.js.map
-rw-r--r-- okg4/okg4      4317 2026-08-18 20:45 watermelon-server-0.1/node_modules/drizzle-orm/pg-core/columns/numeric.d.ts
-rw-r--r-- okg4/okg4       588 2026-08-18 20:45 watermelon-server-0.1/node_modules/drizzle-orm/pg-core/columns/inet.js
-rw-r--r-- okg4/okg4      5698 2026-08-18 20:45 watermelon-server-0.1/node_modules/drizzle-orm/pg-core/columns/custom.d.ts
-rw-r--r-- okg4/okg4       777 2026-08-18 20:45 watermelon-server-0.1/node_modules/drizzle-orm/pg-core/columns/uuid.js
-rw-r--r-- okg4/okg4      5125 2026-08-18 20:45 watermelon-server-0.1/node_modules/drizzle-orm/pg-core/columns/numeric.cjs
-rw-r--r-- okg4/okg4       869 2026-08-18 20:45 watermelon-server-0.1/node_modules/drizzle-orm/pg-core/columns/date.common.cjs.map
-rw-r--r-- okg4/okg4      1129 2026-08-18 20:45 watermelon-server-0.1/node_modules/drizzle-orm/pg-core/columns/smallint.d.cts
-rw-r--r-- okg4/okg4      1646 2026-08-18 20:45 watermelon-server-0.1/node_modules/drizzle-orm/pg-core/columns/interval.d.ts
-rw-r--r-- okg4/okg4      2866 2026-08-18 20:45 watermelon-server-0.1/node_modules/drizzle-orm/pg-core/columns/all.cjs.map
-rw-r--r-- okg4/okg4      2001 2026-08-18 20:45 watermelon-server-0.1/node_modules/drizzle-orm/pg-core/columns/inet.js.map
-rw-r--r-- okg4/okg4      1692 2026-08-18 20:45 watermelon-server-0.1/node_modules/drizzle-orm/pg-core/columns/inet.cjs
-rw-r--r-- okg4/okg4       493 2026-08-18 20:45 watermelon-server-0.1/node_modules/drizzle-orm/pg-core/columns/date.common.d.ts
-rw-r--r-- okg4/okg4      1000 2026-08-18 20:45 watermelon-server-0.1/node_modules/drizzle-orm/pg-core/columns/macaddr.d.cts
-rw-r--r-- okg4/okg4       963 2026-08-18 20:45 watermelon-server-0.1/node_modules/drizzle-orm/pg-core/columns/cidr.d.ts
-rw-r--r-- okg4/okg4      1007 2026-08-18 20:45 watermelon-server-0.1/node_modules/drizzle-orm/pg-core/columns/macaddr8.d.ts
-rw-r--r-- okg4/okg4      2558 2026-08-18 20:45 watermelon-server-0.1/node_modules/drizzle-orm/pg-core/columns/point.d.cts
-rw-r--r-- okg4/okg4      1780 2026-08-18 20:45 watermelon-server-0.1/node_modules/drizzle-orm/pg-core/columns/macaddr8.cjs
-rw-r--r-- okg4/okg4      1739 2026-08-18 20:45 watermelon-server-0.1/node_modules/drizzle-orm/pg-core/columns/line.js
-rw-r--r-- okg4/okg4      2156 2026-08-18 20:45 watermelon-server-0.1/node_modules/drizzle-orm/pg-core/columns/varchar.d.cts
-rw-r--r-- okg4/okg4       937 2026-08-18 20:45 watermelon-server-0.1/node_modules/drizzle-orm/pg-core/columns/char.js
-rw-r--r-- okg4/okg4      4292 2026-08-18 20:45 watermelon-server-0.1/node_modules/drizzle-orm/pg-core/columns/timestamp.cjs
-rw-r--r-- okg4/okg4      4717 2026-08-18 20:45 watermelon-server-0.1/node_modules/drizzle-orm/pg-core/columns/index.cjs
-rw-r--r-- okg4/okg4      1151 2026-08-18 20:45 watermelon-server-0.1/node_modules/drizzle-orm/pg-core/columns/index.d.cts
-rw-r--r-- okg4/okg4      2939 2026-08-18 20:45 watermelon-server-0.1/node_modules/drizzle-orm/pg-core/columns/all.js.map
-rw-r--r-- okg4/okg4      1031 2026-08-18 20:45 watermelon-server-0.1/node_modules/drizzle-orm/pg-core/columns/serial.d.cts
-rw-r--r-- okg4/okg4      2151 2026-08-18 20:45 watermelon-server-0.1/node_modules/drizzle-orm/pg-core/columns/varchar.d.ts
-rw-r--r-- okg4/okg4      1249 2026-08-18 20:45 watermelon-server-0.1/node_modules/drizzle-orm/pg-core/columns/real.d.cts
-rw-r--r-- okg4/okg4      1954 2026-08-18 20:45 watermelon-server-0.1/node_modules/drizzle-orm/pg-core/columns/integer.cjs
-rw-r--r-- okg4/okg4      3652 2026-08-18 20:45 watermelon-server-0.1/node_modules/drizzle-orm/pg-core/columns/numeric.js
-rw-r--r-- okg4/okg4      2777 2026-08-18 20:45 watermelon-server-0.1/node_modules/drizzle-orm/pg-core/columns/jsonb.js.map
-rw-r--r-- okg4/okg4      1687 2026-08-18 20:45 watermelon-server-0.1/node_modules/drizzle-orm/pg-core/columns/time.d.ts
-rw-r--r-- okg4/okg4      3547 2026-08-18 20:45 watermelon-server-0.1/node_modules/drizzle-orm/pg-core/columns/interval.js.map
-rw-r--r-- okg4/okg4      3583 2026-08-18 20:45 watermelon-server-0.1/node_modules/drizzle-orm/pg-core/columns/interval.cjs.map
-rw-r--r-- okg4/okg4      3638 2026-08-18 20:45 watermelon-server-0.1/node_modules/drizzle-orm/pg-core/columns/enum.d.cts
-rw-r--r-- okg4/okg4      3900 2026-08-18 20:45 watermelon-server-0.1/node_modules/drizzle-orm/pg-core/columns/varchar.js.map
-rw-r--r-- okg4/okg4      2276 2026-08-18 20:45 watermelon-server-0.1/node_modules/drizzle-orm/pg-core/columns/date.d.cts
-rw-r--r-- okg4/okg4      2441 2026-08-18 20:45 watermelon-server-0.1/node_modules/drizzle-orm/pg-core/columns/smallserial.cjs.map
-rw-r--r-- okg4/okg4      6009 2026-08-18 20:45 watermelon-server-0.1/node_modules/drizzle-orm/pg-core/columns/common.js
-rw-r--r-- okg4/okg4      2265 2026-08-18 20:45 watermelon-server-0.1/node_modules/drizzle-orm/pg-core/columns/serial.js.map
-rw-r--r-- okg4/okg4       681 2026-08-18 20:45 watermelon-server-0.1/node_modules/drizzle-orm/pg-core/columns/serial.js
-rw-r--r-- okg4/okg4       818 2026-08-18 20:45 watermelon-server-0.1/node_modules/drizzle-orm/pg-core/columns/smallint.js
-rw-r--r-- okg4/okg4      1027 2026-08-18 20:45 watermelon-server-0.1/node_modules/drizzle-orm/pg-core/columns/serial.d.ts
-rw-r--r-- okg4/okg4      2130 2026-08-18 20:45 watermelon-server-0.1/node_modules/drizzle-orm/pg-core/columns/bigint.d.ts
-rw-r--r-- okg4/okg4      8249 2026-08-18 20:45 watermelon-server-0.1/node_modules/drizzle-orm/pg-core/columns/enum.js.map
-rw-r--r-- okg4/okg4      2563 2026-08-18 20:45 watermelon-server-0.1/node_modules/drizzle-orm/pg-core/columns/double-precision.js.map
-rw-r--r-- okg4/okg4      4922 2026-08-18 20:45 watermelon-server-0.1/node_modules/drizzle-orm/pg-core/columns/date.js.map
-rw-r--r-- okg4/okg4      3632 2026-08-18 20:45 watermelon-server-0.1/node_modules/drizzle-orm/pg-core/columns/enum.d.ts
-rw-r--r-- okg4/okg4      2004 2026-08-18 20:45 watermelon-server-0.1/node_modules/drizzle-orm/pg-core/columns/json.cjs
-rw-r--r-- okg4/okg4      2387 2026-08-18 20:45 watermelon-server-0.1/node_modules/drizzle-orm/pg-core/columns/uuid.cjs.map
-rw-r--r-- okg4/okg4      1758 2026-08-18 20:45 watermelon-server-0.1/node_modules/drizzle-orm/pg-core/columns/macaddr.cjs
-rw-r--r-- okg4/okg4      8314 2026-08-18 20:45 watermelon-server-0.1/node_modules/drizzle-orm/pg-core/columns/custom.js.map
-rw-r--r-- okg4/okg4      2049 2026-08-18 20:45 watermelon-server-0.1/node_modules/drizzle-orm/pg-core/columns/char.cjs
-rw-r--r-- okg4/okg4      2991 2026-08-18 20:45 watermelon-server-0.1/node_modules/drizzle-orm/pg-core/columns/line.cjs
-rw-r--r-- okg4/okg4      2994 2026-08-18 20:45 watermelon-server-0.1/node_modules/drizzle-orm/pg-core/columns/bigserial.cjs
-rw-r--r-- okg4/okg4      1149 2026-08-18 20:45 watermelon-server-0.1/node_modules/drizzle-orm/pg-core/columns/index.js
-rw-r--r-- okg4/okg4      2042 2026-08-18 20:45 watermelon-server-0.1/node_modules/drizzle-orm/pg-core/columns/inet.cjs.map
-rw-r--r-- okg4/okg4      7966 2026-08-18 20:45 watermelon-server-0.1/node_modules/drizzle-orm/pg-core/columns/timestamp.cjs.map
-rw-r--r-- okg4/okg4      2105 2026-08-18 20:45 watermelon-server-0.1/node_modules/drizzle-orm/pg-core/columns/macaddr.cjs.map
-rw-r--r-- okg4/okg4      3799 2026-08-18 20:45 watermelon-server-0.1/node_modules/drizzle-orm/pg-core/columns/char.js.map
-rw-r--r-- okg4/okg4      2189 2026-08-18 20:45 watermelon-server-0.1/node_modules/drizzle-orm/pg-core/columns/bigserial.d.ts
-rw-r--r-- okg4/okg4      2193 2026-08-18 20:45 watermelon-server-0.1/node_modules/drizzle-orm/pg-core/columns/bigserial.d.cts
-rw-r--r-- okg4/okg4       967 2026-08-18 20:45 watermelon-server-0.1/node_modules/drizzle-orm/pg-core/columns/inet.d.cts
-rw-r--r-- okg4/okg4      4777 2026-08-18 20:45 watermelon-server-0.1/node_modules/drizzle-orm/pg-core/columns/bigint.cjs.map
-rw-r--r-- okg4/okg4       628 2026-08-18 20:45 watermelon-server-0.1/node_modules/drizzle-orm/pg-core/columns/boolean.js
-rw-r--r-- okg4/okg4      2026 2026-08-18 20:45 watermelon-server-0.1/node_modules/drizzle-orm/pg-core/columns/jsonb.cjs
-rw-r--r-- okg4/okg4      2001 2026-08-18 20:45 watermelon-server-0.1/node_modules/drizzle-orm/pg-core/columns/cidr.js.map
-rw-r--r-- okg4/okg4      2457 2026-08-18 20:45 watermelon-server-0.1/node_modules/drizzle-orm/pg-core/columns/int.common.js.map
-rw-r--r-- okg4/okg4      1613 2026-08-18 20:45 watermelon-server-0.1/node_modules/drizzle-orm/pg-core/columns/index.js.map
-rw-r--r-- okg4/okg4       979 2026-08-18 20:45 watermelon-server-0.1/node_modules/drizzle-orm/pg-core/columns/varchar.js
-rw-r--r-- okg4/okg4      1244 2026-08-18 20:45 watermelon-server-0.1/node_modules/drizzle-orm/pg-core/columns/jsonb.d.cts
-rw-r--r-- okg4/okg4      1232 2026-08-18 20:45 watermelon-server-0.1/node_modules/drizzle-orm/pg-core/columns/json.d.cts
-rw-r--r-- okg4/okg4       767 2026-08-18 20:45 watermelon-server-0.1/node_modules/drizzle-orm/pg-core/columns/int.common.d.cts
-rw-r--r-- okg4/okg4      5822 2026-08-18 20:45 watermelon-server-0.1/node_modules/drizzle-orm/pg-core/columns/point.js.map
-rw-r--r-- okg4/okg4      1239 2026-08-18 20:45 watermelon-server-0.1/node_modules/drizzle-orm/pg-core/columns/jsonb.d.ts
-rw-r--r-- okg4/okg4      1116 2026-08-18 20:45 watermelon-server-0.1/node_modules/drizzle-orm/pg-core/columns/index.d.ts
-rw-r--r-- okg4/okg4      1572 2026-08-18 20:45 watermelon-server-0.1/node_modules/drizzle-orm/pg-core/columns/date.js
-rw-r--r-- okg4/okg4       588 2026-08-18 20:45 watermelon-server-0.1/node_modules/drizzle-orm/pg-core/columns/cidr.js
-rw-r--r-- okg4/okg4      1086 2026-08-18 20:45 watermelon-server-0.1/node_modules/drizzle-orm/pg-core/columns/smallserial.d.cts
-rw-r--r-- okg4/okg4      1651 2026-08-18 20:45 watermelon-server-0.1/node_modules/drizzle-orm/pg-core/columns/text.d.cts
-rw-r--r-- okg4/okg4      3592 2026-08-18 20:45 watermelon-server-0.1/node_modules/drizzle-orm/pg-core/columns/time.cjs.map
-rw-r--r-- okg4/okg4      1683 2026-08-18 20:45 watermelon-server-0.1/node_modules/drizzle-orm/pg-core/columns/bigserial.js
-rw-r--r-- okg4/okg4      2349 2026-08-18 20:45 watermelon-server-0.1/node_modules/drizzle-orm/pg-core/columns/uuid.js.map
-rw-r--r-- okg4/okg4       640 2026-08-18 20:45 watermelon-server-0.1/node_modules/drizzle-orm/pg-core/columns/macaddr8.js
-rw-r--r-- okg4/okg4       377 2026-08-18 20:45 watermelon-server-0.1/node_modules/drizzle-orm/pg-core/columns/date.common.js
-rw-r--r-- okg4/okg4      3920 2026-08-18 20:45 watermelon-server-0.1/node_modules/drizzle-orm/pg-core/columns/enum.cjs
-rw-r--r-- okg4/okg4      7846 2026-08-18 20:45 watermelon-server-0.1/node_modules/drizzle-orm/pg-core/columns/common.d.cts
-rw-r--r-- okg4/okg4      1244 2026-08-18 20:45 watermelon-server-0.1/node_modules/drizzle-orm/pg-core/columns/real.d.ts
-rw-r--r-- okg4/okg4       627 2026-08-18 20:45 watermelon-server-0.1/node_modules/drizzle-orm/pg-core/columns/macaddr.js
-rw-r--r-- okg4/okg4       967 2026-08-18 20:45 watermelon-server-0.1/node_modules/drizzle-orm/pg-core/columns/cidr.d.cts
-rw-r--r-- okg4/okg4      2416 2026-08-18 20:45 watermelon-server-0.1/node_modules/drizzle-orm/pg-core/columns/integer.js.map
-rw-r--r-- okg4/okg4      5175 2026-08-18 20:45 watermelon-server-0.1/node_modules/drizzle-orm/pg-core/columns/bigserial.cjs.map
-rw-r--r-- okg4/okg4      2105 2026-08-18 20:45 watermelon-server-0.1/node_modules/drizzle-orm/pg-core/columns/char.d.cts
-rw-r--r-- okg4/okg4      1069 2026-08-18 20:45 watermelon-server-0.1/node_modules/drizzle-orm/pg-core/columns/interval.js
-rw-r--r-- okg4/okg4      1153 2026-08-18 20:45 watermelon-server-0.1/node_modules/drizzle-orm/pg-core/columns/double-precision.d.cts
-rw-r--r-- okg4/okg4      2469 2026-08-18 20:45 watermelon-server-0.1/node_modules/drizzle-orm/pg-core/columns/line.d.ts
-rw-r--r-- okg4/okg4      1288 2026-08-18 20:45 watermelon-server-0.1/node_modules/drizzle-orm/pg-core/columns/time.js
-rw-r--r-- okg4/okg4       837 2026-08-18 20:45 watermelon-server-0.1/node_modules/drizzle-orm/pg-core/columns/date.common.js.map
-rw-r--r-- okg4/okg4      1846 2026-08-18 20:45 watermelon-server-0.1/node_modules/drizzle-orm/pg-core/columns/all.js
-rw-r--r-- okg4/okg4     10262 2026-08-18 20:45 watermelon-server-0.1/node_modules/drizzle-orm/pg-core/columns/numeric.cjs.map
-rw-r--r-- okg4/okg4      4323 2026-08-18 20:45 watermelon-server-0.1/node_modules/drizzle-orm/pg-core/columns/numeric.d.cts
-rw-r--r-- okg4/okg4      2306 2026-08-18 20:45 watermelon-server-0.1/node_modules/drizzle-orm/pg-core/columns/serial.cjs.map
drwxr-xr-x okg4/okg4         0 2026-08-18 20:45 watermelon-server-0.1/node_modules/drizzle-orm/pg-core/columns/vector_extension/
-rw-r--r-- okg4/okg4      1044 2026-08-18 20:45 watermelon-server-0.1/node_modules/drizzle-orm/pg-core/columns/vector_extension/vector.js
-rw-r--r-- okg4/okg4      1578 2026-08-18 20:45 watermelon-server-0.1/node_modules/drizzle-orm/pg-core/columns/vector_extension/bit.d.cts
-rw-r--r-- okg4/okg4      3702 2026-08-18 20:45 watermelon-server-0.1/node_modules/drizzle-orm/pg-core/columns/vector_extension/halfvec.cjs.map
-rw-r--r-- okg4/okg4       912 2026-08-18 20:45 watermelon-server-0.1/node_modules/drizzle-orm/pg-core/columns/vector_extension/bit.js
-rw-r--r-- okg4/okg4      2051 2026-08-18 20:45 watermelon-server-0.1/node_modules/drizzle-orm/pg-core/columns/vector_extension/bit.cjs
-rw-r--r-- okg4/okg4      3232 2026-08-18 20:45 watermelon-server-0.1/node_modules/drizzle-orm/pg-core/columns/vector_extension/bit.cjs.map
-rw-r--r-- okg4/okg4      3588 2026-08-18 20:45 watermelon-server-0.1/node_modules/drizzle-orm/pg-core/columns/vector_extension/vector.js.map
-rw-r--r-- okg4/okg4       936 2026-08-18 20:45 watermelon-server-0.1/node_modules/drizzle-orm/pg-core/columns/vector_extension/sparsevec.js
-rw-r--r-- okg4/okg4      2235 2026-08-18 20:45 watermelon-server-0.1/node_modules/drizzle-orm/pg-core/columns/vector_extension/halfvec.cjs
-rw-r--r-- okg4/okg4      3624 2026-08-18 20:45 watermelon-server-0.1/node_modules/drizzle-orm/pg-core/columns/vector_extension/vector.cjs.map
-rw-r--r-- okg4/okg4      3196 2026-08-18 20:45 watermelon-server-0.1/node_modules/drizzle-orm/pg-core/columns/vector_extension/bit.js.map
-rw-r--r-- okg4/okg4      2921 2026-08-18 20:45 watermelon-server-0.1/node_modules/drizzle-orm/pg-core/columns/vector_extension/sparsevec.js.map
-rw-r--r-- okg4/okg4      1337 2026-08-18 20:45 watermelon-server-0.1/node_modules/drizzle-orm/pg-core/columns/vector_extension/sparsevec.d.cts
-rw-r--r-- okg4/okg4      3666 2026-08-18 20:45 watermelon-server-0.1/node_modules/drizzle-orm/pg-core/columns/vector_extension/halfvec.js.map
-rw-r--r-- okg4/okg4      1333 2026-08-18 20:45 watermelon-server-0.1/node_modules/drizzle-orm/pg-core/columns/vector_extension/sparsevec.d.ts
-rw-r--r-- okg4/okg4      1685 2026-08-18 20:45 watermelon-server-0.1/node_modules/drizzle-orm/pg-core/columns/vector_extension/halfvec.d.ts
-rw-r--r-- okg4/okg4      1646 2026-08-18 20:45 watermelon-server-0.1/node_modules/drizzle-orm/pg-core/columns/vector_extension/vector.d.ts
-rw-r--r-- okg4/okg4      1084 2026-08-18 20:45 watermelon-server-0.1/node_modules/drizzle-orm/pg-core/columns/vector_extension/halfvec.js
-rw-r--r-- okg4/okg4      2174 2026-08-18 20:45 watermelon-server-0.1/node_modules/drizzle-orm/pg-core/columns/vector_extension/vector.cjs
-rw-r--r-- okg4/okg4      1689 2026-08-18 20:45 watermelon-server-0.1/node_modules/drizzle-orm/pg-core/columns/vector_extension/halfvec.d.cts
-rw-r--r-- okg4/okg4      2105 2026-08-18 20:45 watermelon-server-0.1/node_modules/drizzle-orm/pg-core/columns/vector_extension/sparsevec.cjs
-rw-r--r-- okg4/okg4      2957 2026-08-18 20:45 watermelon-server-0.1/node_modules/drizzle-orm/pg-core/columns/vector_extension/sparsevec.cjs.map
-rw-r--r-- okg4/okg4      1650 2026-08-18 20:45 watermelon-server-0.1/node_modules/drizzle-orm/pg-core/columns/vector_extension/vector.d.cts
-rw-r--r-- okg4/okg4      1574 2026-08-18 20:45 watermelon-server-0.1/node_modules/drizzle-orm/pg-core/columns/vector_extension/bit.d.ts
-rw-r--r-- okg4/okg4      1646 2026-08-18 20:45 watermelon-server-0.1/node_modules/drizzle-orm/pg-core/columns/text.d.ts
-rw-r--r-- okg4/okg4      2270 2026-08-18 20:45 watermelon-server-0.1/node_modules/drizzle-orm/pg-core/columns/date.d.ts
-rw-r--r-- okg4/okg4      8349 2026-08-18 20:45 watermelon-server-0.1/node_modules/drizzle-orm/pg-core/columns/custom.cjs.map
-rw-r--r-- okg4/okg4      3173 2026-08-18 20:45 watermelon-server-0.1/node_modules/drizzle-orm/pg-core/columns/point.cjs
-rw-r--r-- okg4/okg4      2135 2026-08-18 20:45 watermelon-server-0.1/node_modules/drizzle-orm/pg-core/columns/bigint.d.cts
-rw-r--r-- okg4/okg4      2351 2026-08-18 20:45 watermelon-server-0.1/node_modules/drizzle-orm/pg-core/columns/all.d.ts
-rw-r--r-- okg4/okg4      2441 2026-08-18 20:45 watermelon-server-0.1/node_modules/drizzle-orm/pg-core/columns/smallint.js.map
-rw-r--r-- okg4/okg4      2951 2026-08-18 20:45 watermelon-server-0.1/node_modules/drizzle-orm/pg-core/columns/timestamp.js
-rw-r--r-- okg4/okg4      2661 2026-08-18 20:45 watermelon-server-0.1/node_modules/drizzle-orm/pg-core/columns/real.cjs.map
-rw-r--r-- okg4/okg4      2457 2026-08-18 20:45 watermelon-server-0.1/node_modules/drizzle-orm/pg-core/columns/integer.cjs.map
-rw-r--r-- okg4/okg4      2474 2026-08-18 20:45 watermelon-server-0.1/node_modules/drizzle-orm/pg-core/columns/line.d.cts
-rw-r--r-- okg4/okg4      3822 2026-08-18 20:45 watermelon-server-0.1/node_modules/drizzle-orm/pg-core/columns/all.cjs
-rw-r--r-- okg4/okg4      1149 2026-08-18 20:45 watermelon-server-0.1/node_modules/drizzle-orm/pg-core/columns/double-precision.d.ts
-rw-r--r-- okg4/okg4       900 2026-08-18 20:45 watermelon-server-0.1/node_modules/drizzle-orm/pg-core/columns/json.js
-rw-r--r-- okg4/okg4      5658 2026-08-18 20:45 watermelon-server-0.1/node_modules/drizzle-orm/pg-core/columns/line.cjs.map
-rw-r--r-- okg4/okg4      2494 2026-08-18 20:45 watermelon-server-0.1/node_modules/drizzle-orm/pg-core/columns/enum.js
-rw-r--r-- okg4/okg4      1109 2026-08-18 20:45 watermelon-server-0.1/node_modules/drizzle-orm/pg-core/columns/integer.d.ts
-rw-r--r-- okg4/okg4      5610 2026-08-18 20:45 watermelon-server-0.1/node_modules/drizzle-orm/pg-core/columns/line.js.map
-rw-r--r-- okg4/okg4     15547 2026-08-18 20:45 watermelon-server-0.1/node_modules/drizzle-orm/pg-core/columns/common.js.map
-rw-r--r-- okg4/okg4      7836 2026-08-18 20:45 watermelon-server-0.1/node_modules/drizzle-orm/pg-core/columns/common.d.ts
-rw-r--r-- okg4/okg4      5705 2026-08-18 20:45 watermelon-server-0.1/node_modules/drizzle-orm/pg-core/columns/custom.d.cts
-rw-r--r-- okg4/okg4      4970 2026-08-18 20:45 watermelon-server-0.1/node_modules/drizzle-orm/pg-core/columns/date.cjs.map
-rw-r--r-- okg4/okg4      2482 2026-08-18 20:45 watermelon-server-0.1/node_modules/drizzle-orm/pg-core/columns/smallint.cjs.map
-rw-r--r-- okg4/okg4      2383 2026-08-18 20:45 watermelon-server-0.1/node_modules/drizzle-orm/pg-core/columns/all.d.cts
-rw-r--r-- okg4/okg4      3102 2026-08-18 20:45 watermelon-server-0.1/node_modules/drizzle-orm/pg-core/columns/text.cjs.map
-rw-r--r-- okg4/okg4      1974 2026-08-18 20:45 watermelon-server-0.1/node_modules/drizzle-orm/pg-core/columns/smallint.cjs
drwxr-xr-x okg4/okg4         0 2026-08-18 20:45 watermelon-server-0.1/node_modules/drizzle-orm/pg-core/columns/postgis_extension/
-rw-r--r-- okg4/okg4        66 2026-08-18 20:45 watermelon-server-0.1/node_modules/drizzle-orm/pg-core/columns/postgis_extension/utils.d.cts
-rw-r--r-- okg4/okg4      2074 2026-08-18 20:45 watermelon-server-0.1/node_modules/drizzle-orm/pg-core/columns/postgis_extension/utils.cjs
-rw-r--r-- okg4/okg4      3073 2026-08-18 20:45 watermelon-server-0.1/node_modules/drizzle-orm/pg-core/columns/postgis_extension/geometry.cjs
-rw-r--r-- okg4/okg4      1066 2026-08-18 20:45 watermelon-server-0.1/node_modules/drizzle-orm/pg-core/columns/postgis_extension/utils.js
-rw-r--r-- okg4/okg4      2553 2026-08-18 20:45 watermelon-server-0.1/node_modules/drizzle-orm/pg-core/columns/postgis_extension/geometry.d.ts
-rw-r--r-- okg4/okg4      5507 2026-08-18 20:45 watermelon-server-0.1/node_modules/drizzle-orm/pg-core/columns/postgis_extension/geometry.cjs.map
-rw-r--r-- okg4/okg4      2280 2026-08-18 20:45 watermelon-server-0.1/node_modules/drizzle-orm/pg-core/columns/postgis_extension/utils.cjs.map
-rw-r--r-- okg4/okg4      2558 2026-08-18 20:45 watermelon-server-0.1/node_modules/drizzle-orm/pg-core/columns/postgis_extension/geometry.d.cts
-rw-r--r-- okg4/okg4      5442 2026-08-18 20:45 watermelon-server-0.1/node_modules/drizzle-orm/pg-core/columns/postgis_extension/geometry.js.map
-rw-r--r-- okg4/okg4      1725 2026-08-18 20:45 watermelon-server-0.1/node_modules/drizzle-orm/pg-core/columns/postgis_extension/geometry.js
-rw-r--r-- okg4/okg4        66 2026-08-18 20:45 watermelon-server-0.1/node_modules/drizzle-orm/pg-core/columns/postgis_extension/utils.d.ts
-rw-r--r-- okg4/okg4      2237 2026-08-18 20:45 watermelon-server-0.1/node_modules/drizzle-orm/pg-core/columns/postgis_extension/utils.js.map
-rw-r--r-- okg4/okg4      1488 2026-08-18 20:45 watermelon-server-0.1/node_modules/drizzle-orm/pg-core/columns/custom.js
-rw-r--r-- okg4/okg4     15591 2026-08-18 20:45 watermelon-server-0.1/node_modules/drizzle-orm/pg-core/columns/common.cjs.map
-rw-r--r-- okg4/okg4      2760 2026-08-18 20:45 watermelon-server-0.1/node_modules/drizzle-orm/pg-core/columns/json.js.map
-rw-r--r-- okg4/okg4      2818 2026-08-18 20:45 watermelon-server-0.1/node_modules/drizzle-orm/pg-core/columns/jsonb.cjs.map
-rw-r--r-- okg4/okg4      4728 2026-08-18 20:45 watermelon-server-0.1/node_modules/drizzle-orm/pg-core/columns/bigint.js.map
-rw-r--r-- okg4/okg4      1886 2026-08-18 20:45 watermelon-server-0.1/node_modules/drizzle-orm/pg-core/columns/point.js
-rw-r--r-- okg4/okg4     10196 2026-08-18 20:45 watermelon-server-0.1/node_modules/drizzle-orm/pg-core/columns/numeric.js.map
-rw-r--r-- okg4/okg4      2125 2026-08-18 20:45 watermelon-server-0.1/node_modules/drizzle-orm/pg-core/columns/macaddr8.cjs.map
-rw-r--r-- okg4/okg4      2417 2026-08-18 20:45 watermelon-server-0.1/node_modules/drizzle-orm/pg-core/columns/time.cjs
-rw-r--r-- okg4/okg4      1124 2026-08-18 20:45 watermelon-server-0.1/node_modules/drizzle-orm/pg-core/columns/smallint.d.ts
-rw-r--r-- okg4/okg4      1803 2026-08-18 20:45 watermelon-server-0.1/node_modules/drizzle-orm/pg-core/columns/serial.cjs
-rw-r--r-- okg4/okg4      2100 2026-08-18 20:45 watermelon-server-0.1/node_modules/drizzle-orm/pg-core/columns/char.d.ts
-rw-r--r-- okg4/okg4      3216 2026-08-18 20:45 watermelon-server-0.1/node_modules/drizzle-orm/pg-core/columns/timestamp.d.cts
-rw-r--r-- okg4/okg4      3556 2026-08-18 20:45 watermelon-server-0.1/node_modules/drizzle-orm/pg-core/columns/time.js.map
-rw-r--r-- okg4/okg4       798 2026-08-18 20:45 watermelon-server-0.1/node_modules/drizzle-orm/pg-core/columns/text.js
-rw-r--r-- okg4/okg4      3066 2026-08-18 20:45 watermelon-server-0.1/node_modules/drizzle-orm/pg-core/columns/text.js.map
-rw-r--r-- okg4/okg4      1651 2026-08-18 20:45 watermelon-server-0.1/node_modules/drizzle-orm/pg-core/columns/interval.d.cts
-rw-r--r-- okg4/okg4      2604 2026-08-18 20:45 watermelon-server-0.1/node_modules/drizzle-orm/pg-core/columns/double-precision.cjs.map
-rw-r--r-- okg4/okg4      3209 2026-08-18 20:45 watermelon-server-0.1/node_modules/drizzle-orm/pg-core/columns/timestamp.d.ts
-rw-r--r-- okg4/okg4      2848 2026-08-18 20:45 watermelon-server-0.1/node_modules/drizzle-orm/pg-core/columns/date.cjs
-rw-r--r-- okg4/okg4      2118 2026-08-18 20:45 watermelon-server-0.1/node_modules/drizzle-orm/pg-core/columns/varchar.cjs
-rw-r--r-- okg4/okg4      2620 2026-08-18 20:45 watermelon-server-0.1/node_modules/drizzle-orm/pg-core/columns/real.js.map
-rw-r--r-- okg4/okg4      1910 2026-08-18 20:45 watermelon-server-0.1/node_modules/drizzle-orm/pg-core/columns/text.cjs
-rw-r--r-- okg4/okg4       763 2026-08-18 20:45 watermelon-server-0.1/node_modules/drizzle-orm/pg-core/columns/int.common.d.ts
-rw-r--r-- okg4/okg4      2650 2026-08-18 20:45 watermelon-server-0.1/node_modules/drizzle-orm/pg-core/columns/custom.cjs
-rw-r--r-- okg4/okg4       996 2026-08-18 20:45 watermelon-server-0.1/node_modules/drizzle-orm/pg-core/columns/macaddr.d.ts
-rw-r--r-- okg4/okg4      2042 2026-08-18 20:45 watermelon-server-0.1/node_modules/drizzle-orm/pg-core/columns/cidr.cjs.map
-rw-r--r-- okg4/okg4      2491 2026-08-18 20:45 watermelon-server-0.1/node_modules/drizzle-orm/pg-core/columns/int.common.cjs.map
-rw-r--r-- okg4/okg4      1549 2026-08-18 20:45 watermelon-server-0.1/node_modules/drizzle-orm/pg-core/columns/bigint.js
-rw-r--r-- okg4/okg4      1120 2026-08-18 20:45 watermelon-server-0.1/node_modules/drizzle-orm/pg-core/columns/int.common.js
-rw-r--r-- okg4/okg4       913 2026-08-18 20:45 watermelon-server-0.1/node_modules/drizzle-orm/pg-core/columns/jsonb.js
-rw-r--r-- okg4/okg4      5870 2026-08-18 20:45 watermelon-server-0.1/node_modules/drizzle-orm/pg-core/columns/point.cjs.map
-rw-r--r-- okg4/okg4       963 2026-08-18 20:45 watermelon-server-0.1/node_modules/drizzle-orm/pg-core/columns/inet.d.ts
-rw-r--r-- okg4/okg4      2400 2026-08-18 20:45 watermelon-server-0.1/node_modules/drizzle-orm/pg-core/columns/smallserial.js.map
-rw-r--r-- okg4/okg4      1694 2026-08-18 20:45 watermelon-server-0.1/node_modules/drizzle-orm/pg-core/columns/time.d.cts
-rw-r--r-- okg4/okg4      2077 2026-08-18 20:45 watermelon-server-0.1/node_modules/drizzle-orm/pg-core/columns/boolean.js.map
-rw-r--r-- okg4/okg4      2217 2026-08-18 20:45 watermelon-server-0.1/node_modules/drizzle-orm/pg-core/columns/interval.cjs
-rw-r--r-- okg4/okg4      2118 2026-08-18 20:45 watermelon-server-0.1/node_modules/drizzle-orm/pg-core/columns/boolean.cjs.map
-rw-r--r-- okg4/okg4      1005 2026-08-18 20:45 watermelon-server-0.1/node_modules/drizzle-orm/pg-core/columns/boolean.d.cts
-rw-r--r-- okg4/okg4      1921 2026-08-18 20:45 watermelon-server-0.1/node_modules/drizzle-orm/pg-core/columns/index.cjs.map
-rw-r--r-- okg4/okg4      3936 2026-08-18 20:45 watermelon-server-0.1/node_modules/drizzle-orm/pg-core/columns/varchar.cjs.map
-rw-r--r-- okg4/okg4      1095 2026-08-18 20:45 watermelon-server-0.1/node_modules/drizzle-orm/pg-core/columns/uuid.d.ts
-rw-r--r-- okg4/okg4      7918 2026-08-18 20:45 watermelon-server-0.1/node_modules/drizzle-orm/pg-core/columns/timestamp.js.map
-rw-r--r-- okg4/okg4      1899 2026-08-18 20:45 watermelon-server-0.1/node_modules/drizzle-orm/pg-core/columns/uuid.cjs
-rw-r--r-- okg4/okg4      1001 2026-08-18 20:45 watermelon-server-0.1/node_modules/drizzle-orm/pg-core/columns/boolean.d.ts
-rw-r--r-- okg4/okg4      1099 2026-08-18 20:45 watermelon-server-0.1/node_modules/drizzle-orm/pg-core/columns/uuid.d.cts
-rw-r--r-- okg4/okg4      8318 2026-08-18 20:45 watermelon-server-0.1/node_modules/drizzle-orm/pg-core/columns/enum.cjs.map
-rw-r--r-- okg4/okg4      2091 2026-08-18 20:45 watermelon-server-0.1/node_modules/drizzle-orm/pg-core/columns/double-precision.cjs
-rw-r--r-- okg4/okg4      2841 2026-08-18 20:45 watermelon-server-0.1/node_modules/drizzle-orm/pg-core/columns/bigint.cjs
-rw-r--r-- okg4/okg4      1759 2026-08-18 20:45 watermelon-server-0.1/node_modules/drizzle-orm/pg-core/columns/boolean.cjs
-rw-r--r-- okg4/okg4       885 2026-08-18 20:45 watermelon-server-0.1/node_modules/drizzle-orm/pg-core/columns/double-precision.js
-rw-r--r-- okg4/okg4      1227 2026-08-18 20:45 watermelon-server-0.1/node_modules/drizzle-orm/pg-core/columns/json.d.ts
-rw-r--r-- okg4/okg4      1478 2026-08-18 20:45 watermelon-server-0.1/node_modules/drizzle-orm/pg-core/columns/date.common.cjs
-rw-r--r-- okg4/okg4       764 2026-08-18 20:45 watermelon-server-0.1/node_modules/drizzle-orm/pg-core/columns/smallserial.js
-rw-r--r-- okg4/okg4      1114 2026-08-18 20:45 watermelon-server-0.1/node_modules/drizzle-orm/pg-core/columns/integer.d.cts
-rw-r--r-- okg4/okg4      2084 2026-08-18 20:45 watermelon-server-0.1/node_modules/drizzle-orm/pg-core/columns/macaddr8.js.map
-rw-r--r-- okg4/okg4      2198 2026-08-18 20:45 watermelon-server-0.1/node_modules/drizzle-orm/pg-core/columns/int.common.cjs
-rw-r--r-- okg4/okg4      2553 2026-08-18 20:45 watermelon-server-0.1/node_modules/drizzle-orm/pg-core/columns/point.d.ts
-rw-r--r-- okg4/okg4      1931 2026-08-18 20:45 watermelon-server-0.1/node_modules/drizzle-orm/pg-core/columns/smallserial.cjs
-rw-r--r-- okg4/okg4      2801 2026-08-18 20:45 watermelon-server-0.1/node_modules/drizzle-orm/pg-core/columns/json.cjs.map
-rw-r--r-- okg4/okg4      5126 2026-08-18 20:45 watermelon-server-0.1/node_modules/drizzle-orm/pg-core/columns/bigserial.js.map
-rw-r--r-- okg4/okg4      3835 2026-08-18 20:45 watermelon-server-0.1/node_modules/drizzle-orm/pg-core/columns/char.cjs.map
-rw-r--r-- okg4/okg4       807 2026-08-18 20:45 watermelon-server-0.1/node_modules/drizzle-orm/pg-core/columns/integer.js
-rw-r--r-- okg4/okg4      1935 2026-08-18 20:45 watermelon-server-0.1/node_modules/drizzle-orm/pg-core/columns/real.cjs
-rw-r--r-- okg4/okg4      7491 2026-08-18 20:45 watermelon-server-0.1/node_modules/drizzle-orm/pg-core/columns/common.cjs
-rw-r--r-- okg4/okg4       831 2026-08-18 20:45 watermelon-server-0.1/node_modules/drizzle-orm/pg-core/columns/real.js
-rw-r--r-- okg4/okg4      1011 2026-08-18 20:45 watermelon-server-0.1/node_modules/drizzle-orm/pg-core/columns/macaddr8.d.cts
-rw-r--r-- okg4/okg4      1692 2026-08-18 20:45 watermelon-server-0.1/node_modules/drizzle-orm/pg-core/columns/cidr.cjs
-rw-r--r-- okg4/okg4      1082 2026-08-18 20:45 watermelon-server-0.1/node_modules/drizzle-orm/pg-core/columns/smallserial.d.ts
-rw-r--r-- okg4/okg4       496 2026-08-18 20:45 watermelon-server-0.1/node_modules/drizzle-orm/pg-core/columns/date.common.d.cts
-rw-r--r-- okg4/okg4       757 2026-08-18 20:45 watermelon-server-0.1/node_modules/drizzle-orm/pg-core/sequence.d.cts
-rw-r--r-- okg4/okg4      2647 2026-08-18 20:45 watermelon-server-0.1/node_modules/drizzle-orm/pg-core/primary-keys.cjs.map
-rw-r--r-- okg4/okg4      2857 2026-08-18 20:45 watermelon-server-0.1/node_modules/drizzle-orm/pg-core/utils.js
-rw-r--r-- okg4/okg4      1460 2026-08-18 20:45 watermelon-server-0.1/node_modules/drizzle-orm/pg-core/subquery.d.ts
-rw-r--r-- okg4/okg4       695 2026-08-18 20:45 watermelon-server-0.1/node_modules/drizzle-orm/pg-core/index.js
-rw-r--r-- okg4/okg4       123 2026-08-18 20:45 watermelon-server-0.1/node_modules/drizzle-orm/pg-core/view-common.js
-rw-r--r-- okg4/okg4       617 2026-08-18 20:45 watermelon-server-0.1/node_modules/drizzle-orm/pg-core/sequence.js
-rw-r--r-- okg4/okg4      2871 2026-08-18 20:45 watermelon-server-0.1/node_modules/drizzle-orm/pg-core/unique-constraint.cjs
-rw-r--r-- okg4/okg4      4222 2026-08-18 20:45 watermelon-server-0.1/node_modules/drizzle-orm/pg-core/indexes.d.ts
-rw-r--r-- okg4/okg4       716 2026-08-18 20:45 watermelon-server-0.1/node_modules/drizzle-orm/pg-core/alias.cjs.map
-rw-r--r-- okg4/okg4      1417 2026-08-18 20:45 watermelon-server-0.1/node_modules/drizzle-orm/pg-core/sequence.js.map
-rw-r--r-- okg4/okg4       320 2026-08-18 20:45 watermelon-server-0.1/node_modules/drizzle-orm/pg-core/alias.d.ts
-rw-r--r-- okg4/okg4       994 2026-08-18 20:45 watermelon-server-0.1/node_modules/drizzle-orm/pg-core/index.js.map
-rw-r--r-- okg4/okg4     71006 2026-08-18 20:45 watermelon-server-0.1/node_modules/drizzle-orm/pg-core/dialect.cjs.map
-rw-r--r-- okg4/okg4      7548 2026-08-18 20:45 watermelon-server-0.1/node_modules/drizzle-orm/pg-core/view.d.cts
-rw-r--r-- okg4/okg4       323 2026-08-18 20:45 watermelon-server-0.1/node_modules/drizzle-orm/pg-core/alias.d.cts
-rw-r--r-- okg4/okg4       662 2026-08-18 20:45 watermelon-server-0.1/node_modules/drizzle-orm/pg-core/index.d.ts
-rw-r--r-- okg4/okg4       428 2026-08-18 20:45 watermelon-server-0.1/node_modules/drizzle-orm/pg-core/roles.d.ts
-rw-r--r-- okg4/okg4      1913 2026-08-18 20:45 watermelon-server-0.1/node_modules/drizzle-orm/pg-core/policies.js.map
-rw-r--r-- okg4/okg4       714 2026-08-18 20:45 watermelon-server-0.1/node_modules/drizzle-orm/pg-core/view-base.js.map
-rw-r--r-- okg4/okg4      1926 2026-08-18 20:45 watermelon-server-0.1/node_modules/drizzle-orm/pg-core/foreign-keys.js
-rw-r--r-- okg4/okg4      2599 2026-08-18 20:45 watermelon-server-0.1/node_modules/drizzle-orm/pg-core/primary-keys.js.map
-rw-r--r-- okg4/okg4      1788 2026-08-18 20:45 watermelon-server-0.1/node_modules/drizzle-orm/pg-core/sequence.cjs
-rw-r--r-- okg4/okg4     48299 2026-08-18 20:45 watermelon-server-0.1/node_modules/drizzle-orm/pg-core/dialect.cjs
-rw-r--r-- okg4/okg4       750 2026-08-18 20:45 watermelon-server-0.1/node_modules/drizzle-orm/pg-core/view-base.cjs.map
-rw-r--r-- okg4/okg4     43641 2026-08-18 20:45 watermelon-server-0.1/node_modules/drizzle-orm/pg-core/dialect.js
-rw-r--r-- okg4/okg4      1006 2026-08-18 20:45 watermelon-server-0.1/node_modules/drizzle-orm/pg-core/primary-keys.js
-rw-r--r-- okg4/okg4       623 2026-08-18 20:45 watermelon-server-0.1/node_modules/drizzle-orm/pg-core/policies.js
-rw-r--r-- okg4/okg4      1045 2026-08-18 20:45 watermelon-server-0.1/node_modules/drizzle-orm/pg-core/unique-constraint.d.cts
-rw-r--r-- okg4/okg4        50 2026-08-18 20:45 watermelon-server-0.1/node_modules/drizzle-orm/pg-core/view-common.d.cts
-rw-r--r-- okg4/okg4      1369 2026-08-18 20:45 watermelon-server-0.1/node_modules/drizzle-orm/pg-core/checks.cjs.map
-rw-r--r-- okg4/okg4      1042 2026-08-18 20:45 watermelon-server-0.1/node_modules/drizzle-orm/pg-core/unique-constraint.d.ts
-rw-r--r-- okg4/okg4       615 2026-08-18 20:45 watermelon-server-0.1/node_modules/drizzle-orm/pg-core/roles.js
-rw-r--r-- okg4/okg4      3515 2026-08-18 20:45 watermelon-server-0.1/node_modules/drizzle-orm/pg-core/schema.js.map
-rw-r--r-- okg4/okg4       603 2026-08-18 20:45 watermelon-server-0.1/node_modules/drizzle-orm/pg-core/checks.d.ts
-rw-r--r-- okg4/okg4      9727 2026-08-18 20:45 watermelon-server-0.1/node_modules/drizzle-orm/pg-core/table.js.map
drwxr-xr-x okg4/okg4         0 2026-08-18 20:45 watermelon-server-0.1/node_modules/drizzle-orm/pg-core/utils/
-rw-r--r-- okg4/okg4      2068 2026-08-18 20:45 watermelon-server-0.1/node_modules/drizzle-orm/pg-core/utils/array.js
-rw-r--r-- okg4/okg4      1107 2026-08-18 20:45 watermelon-server-0.1/node_modules/drizzle-orm/pg-core/utils/index.cjs
-rw-r--r-- okg4/okg4        29 2026-08-18 20:45 watermelon-server-0.1/node_modules/drizzle-orm/pg-core/utils/index.d.cts
-rw-r--r-- okg4/okg4      4007 2026-08-18 20:45 watermelon-server-0.1/node_modules/drizzle-orm/pg-core/utils/array.cjs.map
-rw-r--r-- okg4/okg4        61 2026-08-18 20:45 watermelon-server-0.1/node_modules/drizzle-orm/pg-core/utils/index.js
-rw-r--r-- okg4/okg4       149 2026-08-18 20:45 watermelon-server-0.1/node_modules/drizzle-orm/pg-core/utils/index.js.map
-rw-r--r-- okg4/okg4        28 2026-08-18 20:45 watermelon-server-0.1/node_modules/drizzle-orm/pg-core/utils/index.d.ts
-rw-r--r-- okg4/okg4       227 2026-08-18 20:45 watermelon-server-0.1/node_modules/drizzle-orm/pg-core/utils/array.d.cts
-rw-r--r-- okg4/okg4      3164 2026-08-18 20:45 watermelon-server-0.1/node_modules/drizzle-orm/pg-core/utils/array.cjs
-rw-r--r-- okg4/okg4       227 2026-08-18 20:45 watermelon-server-0.1/node_modules/drizzle-orm/pg-core/utils/array.d.ts
-rw-r--r-- okg4/okg4       181 2026-08-18 20:45 watermelon-server-0.1/node_modules/drizzle-orm/pg-core/utils/index.cjs.map
-rw-r--r-- okg4/okg4      3954 2026-08-18 20:45 watermelon-server-0.1/node_modules/drizzle-orm/pg-core/utils/array.js.map
-rw-r--r-- okg4/okg4      1135 2026-08-18 20:45 watermelon-server-0.1/node_modules/drizzle-orm/pg-core/schema.d.ts
-rw-r--r-- okg4/okg4        71 2026-08-18 20:45 watermelon-server-0.1/node_modules/drizzle-orm/pg-core/subquery.js.map
-rw-r--r-- okg4/okg4      1491 2026-08-18 20:45 watermelon-server-0.1/node_modules/drizzle-orm/pg-core/expressions.cjs.map
-rw-r--r-- okg4/okg4       247 2026-08-18 20:45 watermelon-server-0.1/node_modules/drizzle-orm/pg-core/view-common.cjs.map
-rw-r--r-- okg4/okg4      3036 2026-08-18 20:45 watermelon-server-0.1/node_modules/drizzle-orm/pg-core/unique-constraint.cjs.map
-rw-r--r-- okg4/okg4      1030 2026-08-18 20:45 watermelon-server-0.1/node_modules/drizzle-orm/pg-core/policies.d.cts
-rw-r--r-- okg4/okg4      1109 2026-08-18 20:45 watermelon-server-0.1/node_modules/drizzle-orm/pg-core/primary-keys.d.ts
-rw-r--r-- okg4/okg4      3360 2026-08-18 20:45 watermelon-server-0.1/node_modules/drizzle-orm/pg-core/dialect.d.ts
-rw-r--r-- okg4/okg4      5843 2026-08-18 20:45 watermelon-server-0.1/node_modules/drizzle-orm/pg-core/utils.cjs.map
-rw-r--r-- okg4/okg4      1112 2026-08-18 20:45 watermelon-server-0.1/node_modules/drizzle-orm/pg-core/primary-keys.d.cts
-rw-r--r-- okg4/okg4     29403 2026-08-18 20:45 watermelon-server-0.1/node_modules/drizzle-orm/pg-core/db.cjs.map
-rw-r--r-- okg4/okg4      2398 2026-08-18 20:45 watermelon-server-0.1/node_modules/drizzle-orm/pg-core/table.js
-rw-r--r-- okg4/okg4      7142 2026-08-18 20:45 watermelon-server-0.1/node_modules/drizzle-orm/pg-core/view.js
-rw-r--r-- okg4/okg4      3699 2026-08-18 20:45 watermelon-server-0.1/node_modules/drizzle-orm/pg-core/table.cjs
-rw-r--r-- okg4/okg4      1436 2026-08-18 20:45 watermelon-server-0.1/node_modules/drizzle-orm/pg-core/expressions.js.map
-rw-r--r-- okg4/okg4      8498 2026-08-18 20:45 watermelon-server-0.1/node_modules/drizzle-orm/pg-core/indexes.js.map
-rw-r--r-- okg4/okg4       482 2026-08-18 20:45 watermelon-server-0.1/node_modules/drizzle-orm/pg-core/view-base.d.ts
-rw-r--r-- okg4/okg4      9339 2026-08-18 20:45 watermelon-server-0.1/node_modules/drizzle-orm/pg-core/view.cjs
-rw-r--r-- okg4/okg4      2826 2026-08-18 20:45 watermelon-server-0.1/node_modules/drizzle-orm/pg-core/schema.cjs
-rw-r--r-- okg4/okg4      1668 2026-08-18 20:45 watermelon-server-0.1/node_modules/drizzle-orm/pg-core/schema.js
-rw-r--r-- okg4/okg4       215 2026-08-18 20:45 watermelon-server-0.1/node_modules/drizzle-orm/pg-core/view-base.js
-rw-r--r-- okg4/okg4      1465 2026-08-18 20:45 watermelon-server-0.1/node_modules/drizzle-orm/pg-core/subquery.d.cts
-rw-r--r-- okg4/okg4      3113 2026-08-18 20:45 watermelon-server-0.1/node_modules/drizzle-orm/pg-core/foreign-keys.cjs
-rw-r--r-- okg4/okg4     12274 2026-08-18 20:45 watermelon-server-0.1/node_modules/drizzle-orm/pg-core/db.d.cts
-rw-r--r-- okg4/okg4      4965 2026-08-18 20:45 watermelon-server-0.1/node_modules/drizzle-orm/pg-core/session.js
-rw-r--r-- okg4/okg4      1214 2026-08-18 20:45 watermelon-server-0.1/node_modules/drizzle-orm/pg-core/alias.cjs
-rw-r--r-- okg4/okg4      3854 2026-08-18 20:45 watermelon-server-0.1/node_modules/drizzle-orm/pg-core/session.d.ts
-rw-r--r-- okg4/okg4      1957 2026-08-18 20:45 watermelon-server-0.1/node_modules/drizzle-orm/pg-core/policies.cjs.map
-rw-r--r-- okg4/okg4      3864 2026-08-18 20:45 watermelon-server-0.1/node_modules/drizzle-orm/pg-core/session.d.cts
-rw-r--r-- okg4/okg4      4373 2026-08-18 20:45 watermelon-server-0.1/node_modules/drizzle-orm/pg-core/table.d.cts
-rw-r--r-- okg4/okg4      2401 2026-08-18 20:45 watermelon-server-0.1/node_modules/drizzle-orm/pg-core/utils.d.ts
-rw-r--r-- okg4/okg4      2979 2026-08-18 20:45 watermelon-server-0.1/node_modules/drizzle-orm/pg-core/unique-constraint.js.map
-rw-r--r-- okg4/okg4       678 2026-08-18 20:45 watermelon-server-0.1/node_modules/drizzle-orm/pg-core/alias.js.map
-rw-r--r-- okg4/okg4      1271 2026-08-18 20:45 watermelon-server-0.1/node_modules/drizzle-orm/pg-core/view-base.cjs
-rw-r--r-- okg4/okg4       484 2026-08-18 20:45 watermelon-server-0.1/node_modules/drizzle-orm/pg-core/view-base.d.cts
-rw-r--r-- okg4/okg4      2063 2026-08-18 20:45 watermelon-server-0.1/node_modules/drizzle-orm/pg-core/expressions.cjs
-rw-r--r-- okg4/okg4      1319 2026-08-18 20:45 watermelon-server-0.1/node_modules/drizzle-orm/pg-core/checks.js.map
-rw-r--r-- okg4/okg4      1766 2026-08-18 20:45 watermelon-server-0.1/node_modules/drizzle-orm/pg-core/foreign-keys.d.cts
-rw-r--r-- okg4/okg4      5782 2026-08-18 20:45 watermelon-server-0.1/node_modules/drizzle-orm/pg-core/utils.js.map
-rw-r--r-- okg4/okg4     70979 2026-08-18 20:45 watermelon-server-0.1/node_modules/drizzle-orm/pg-core/dialect.js.map
-rw-r--r-- okg4/okg4      1176 2026-08-18 20:45 watermelon-server-0.1/node_modules/drizzle-orm/pg-core/index.cjs.map
-rw-r--r-- okg4/okg4      8557 2026-08-18 20:45 watermelon-server-0.1/node_modules/drizzle-orm/pg-core/indexes.cjs.map
-rw-r--r-- okg4/okg4     19028 2026-08-18 20:45 watermelon-server-0.1/node_modules/drizzle-orm/pg-core/view.cjs.map
-rw-r--r-- okg4/okg4      4362 2026-08-18 20:45 watermelon-server-0.1/node_modules/drizzle-orm/pg-core/table.d.ts
-rw-r--r-- okg4/okg4     12954 2026-08-18 20:45 watermelon-server-0.1/node_modules/drizzle-orm/pg-core/session.cjs.map
-rw-r--r-- okg4/okg4      9788 2026-08-18 20:45 watermelon-server-0.1/node_modules/drizzle-orm/pg-core/table.cjs.map
-rw-r--r-- okg4/okg4      4788 2026-08-18 20:45 watermelon-server-0.1/node_modules/drizzle-orm/pg-core/foreign-keys.js.map
-rw-r--r-- okg4/okg4      7538 2026-08-18 20:45 watermelon-server-0.1/node_modules/drizzle-orm/pg-core/view.d.ts
-rw-r--r-- okg4/okg4      1469 2026-08-18 20:45 watermelon-server-0.1/node_modules/drizzle-orm/pg-core/sequence.cjs.map
-rw-r--r-- okg4/okg4      1155 2026-08-18 20:45 watermelon-server-0.1/node_modules/drizzle-orm/pg-core/view-common.cjs
-rw-r--r-- okg4/okg4       784 2026-08-18 20:45 watermelon-server-0.1/node_modules/drizzle-orm/pg-core/subquery.cjs
-rw-r--r-- okg4/okg4      3515 2026-08-18 20:45 watermelon-server-0.1/node_modules/drizzle-orm/pg-core/schema.cjs.map
-rw-r--r-- okg4/okg4       211 2026-08-18 20:45 watermelon-server-0.1/node_modules/drizzle-orm/pg-core/alias.js
-rw-r--r-- okg4/okg4     12934 2026-08-18 20:45 watermelon-server-0.1/node_modules/drizzle-orm/pg-core/session.js.map
-rw-r--r-- okg4/okg4       204 2026-08-18 20:45 watermelon-server-0.1/node_modules/drizzle-orm/pg-core/view-common.js.map
-rw-r--r-- okg4/okg4     11478 2026-08-18 20:45 watermelon-server-0.1/node_modules/drizzle-orm/pg-core/db.cjs
-rw-r--r-- okg4/okg4        36 2026-08-18 20:45 watermelon-server-0.1/node_modules/drizzle-orm/pg-core/subquery.js
-rw-r--r-- okg4/okg4       429 2026-08-18 20:45 watermelon-server-0.1/node_modules/drizzle-orm/pg-core/roles.d.cts
-rw-r--r-- okg4/okg4       756 2026-08-18 20:45 watermelon-server-0.1/node_modules/drizzle-orm/pg-core/sequence.d.ts
-rw-r--r-- okg4/okg4      3105 2026-08-18 20:45 watermelon-server-0.1/node_modules/drizzle-orm/pg-core/indexes.js
-rw-r--r-- okg4/okg4      3371 2026-08-18 20:45 watermelon-server-0.1/node_modules/drizzle-orm/pg-core/dialect.d.cts
-rw-r--r-- okg4/okg4       464 2026-08-18 20:45 watermelon-server-0.1/node_modules/drizzle-orm/pg-core/expressions.d.ts
-rw-r--r-- okg4/okg4       322 2026-08-18 20:45 watermelon-server-0.1/node_modules/drizzle-orm/batch.d.cts
drwxr-xr-x okg4/okg4         0 2026-08-18 20:45 watermelon-server-0.1/node_modules/drizzle-orm/pg-proxy/
-rw-r--r-- okg4/okg4      2967 2026-08-18 20:45 watermelon-server-0.1/node_modules/drizzle-orm/pg-proxy/driver.cjs.map
-rw-r--r-- okg4/okg4      5076 2026-08-18 20:45 watermelon-server-0.1/node_modules/drizzle-orm/pg-proxy/session.cjs
-rw-r--r-- okg4/okg4       353 2026-08-18 20:45 watermelon-server-0.1/node_modules/drizzle-orm/pg-proxy/migrator.d.ts
-rw-r--r-- okg4/okg4      1221 2026-08-18 20:45 watermelon-server-0.1/node_modules/drizzle-orm/pg-proxy/index.cjs
-rw-r--r-- okg4/okg4        61 2026-08-18 20:45 watermelon-server-0.1/node_modules/drizzle-orm/pg-proxy/index.d.cts
-rw-r--r-- okg4/okg4       805 2026-08-18 20:45 watermelon-server-0.1/node_modules/drizzle-orm/pg-proxy/driver.d.cts
-rw-r--r-- okg4/okg4       800 2026-08-18 20:45 watermelon-server-0.1/node_modules/drizzle-orm/pg-proxy/driver.d.ts
-rw-r--r-- okg4/okg4        92 2026-08-18 20:45 watermelon-server-0.1/node_modules/drizzle-orm/pg-proxy/index.js
-rw-r--r-- okg4/okg4      2207 2026-08-18 20:45 watermelon-server-0.1/node_modules/drizzle-orm/pg-proxy/migrator.cjs.map
-rw-r--r-- okg4/okg4       183 2026-08-18 20:45 watermelon-server-0.1/node_modules/drizzle-orm/pg-proxy/index.js.map
-rw-r--r-- okg4/okg4        59 2026-08-18 20:45 watermelon-server-0.1/node_modules/drizzle-orm/pg-proxy/index.d.ts
-rw-r--r-- okg4/okg4      2171 2026-08-18 20:45 watermelon-server-0.1/node_modules/drizzle-orm/pg-proxy/migrator.js.map
-rw-r--r-- okg4/okg4      2204 2026-08-18 20:45 watermelon-server-0.1/node_modules/drizzle-orm/pg-proxy/migrator.cjs
-rw-r--r-- okg4/okg4      1133 2026-08-18 20:45 watermelon-server-0.1/node_modules/drizzle-orm/pg-proxy/migrator.js
-rw-r--r-- okg4/okg4      1359 2026-08-18 20:45 watermelon-server-0.1/node_modules/drizzle-orm/pg-proxy/driver.js
-rw-r--r-- okg4/okg4      2964 2026-08-18 20:45 watermelon-server-0.1/node_modules/drizzle-orm/pg-proxy/driver.js.map
-rw-r--r-- okg4/okg4      3779 2026-08-18 20:45 watermelon-server-0.1/node_modules/drizzle-orm/pg-proxy/session.js
-rw-r--r-- okg4/okg4      3294 2026-08-18 20:45 watermelon-server-0.1/node_modules/drizzle-orm/pg-proxy/session.d.ts
-rw-r--r-- okg4/okg4      3307 2026-08-18 20:45 watermelon-server-0.1/node_modules/drizzle-orm/pg-proxy/session.d.cts
-rw-r--r-- okg4/okg4       222 2026-08-18 20:45 watermelon-server-0.1/node_modules/drizzle-orm/pg-proxy/index.cjs.map
-rw-r--r-- okg4/okg4      8114 2026-08-18 20:45 watermelon-server-0.1/node_modules/drizzle-orm/pg-proxy/session.cjs.map
-rw-r--r-- okg4/okg4      8077 2026-08-18 20:45 watermelon-server-0.1/node_modules/drizzle-orm/pg-proxy/session.js.map
-rw-r--r-- okg4/okg4      2477 2026-08-18 20:45 watermelon-server-0.1/node_modules/drizzle-orm/pg-proxy/driver.cjs
-rw-r--r-- okg4/okg4       355 2026-08-18 20:45 watermelon-server-0.1/node_modules/drizzle-orm/pg-proxy/migrator.d.cts
drwxr-xr-x okg4/okg4         0 2026-08-18 20:45 watermelon-server-0.1/node_modules/drizzle-orm/gel/
-rw-r--r-- okg4/okg4      6092 2026-08-18 20:45 watermelon-server-0.1/node_modules/drizzle-orm/gel/driver.cjs.map
-rw-r--r-- okg4/okg4      6138 2026-08-18 20:45 watermelon-server-0.1/node_modules/drizzle-orm/gel/session.cjs
-rw-r--r-- okg4/okg4        82 2026-08-18 20:45 watermelon-server-0.1/node_modules/drizzle-orm/gel/migrator.d.ts
-rw-r--r-- okg4/okg4      1201 2026-08-18 20:45 watermelon-server-0.1/node_modules/drizzle-orm/gel/index.cjs
-rw-r--r-- okg4/okg4        61 2026-08-18 20:45 watermelon-server-0.1/node_modules/drizzle-orm/gel/index.d.cts
-rw-r--r-- okg4/okg4      1928 2026-08-18 20:45 watermelon-server-0.1/node_modules/drizzle-orm/gel/driver.d.cts
-rw-r--r-- okg4/okg4      1918 2026-08-18 20:45 watermelon-server-0.1/node_modules/drizzle-orm/gel/driver.d.ts
-rw-r--r-- okg4/okg4        92 2026-08-18 20:45 watermelon-server-0.1/node_modules/drizzle-orm/gel/index.js
-rw-r--r-- okg4/okg4       657 2026-08-18 20:45 watermelon-server-0.1/node_modules/drizzle-orm/gel/migrator.cjs.map
-rw-r--r-- okg4/okg4       178 2026-08-18 20:45 watermelon-server-0.1/node_modules/drizzle-orm/gel/index.js.map
-rw-r--r-- okg4/okg4        59 2026-08-18 20:45 watermelon-server-0.1/node_modules/drizzle-orm/gel/index.d.ts
-rw-r--r-- okg4/okg4       656 2026-08-18 20:45 watermelon-server-0.1/node_modules/drizzle-orm/gel/migrator.js.map
-rw-r--r-- okg4/okg4        93 2026-08-18 20:45 watermelon-server-0.1/node_modules/drizzle-orm/gel/migrator.cjs
-rw-r--r-- okg4/okg4        78 2026-08-18 20:45 watermelon-server-0.1/node_modules/drizzle-orm/gel/migrator.js
-rw-r--r-- okg4/okg4      2405 2026-08-18 20:45 watermelon-server-0.1/node_modules/drizzle-orm/gel/driver.js
-rw-r--r-- okg4/okg4      6090 2026-08-18 20:45 watermelon-server-0.1/node_modules/drizzle-orm/gel/driver.js.map
-rw-r--r-- okg4/okg4      4793 2026-08-18 20:45 watermelon-server-0.1/node_modules/drizzle-orm/gel/session.js
-rw-r--r-- okg4/okg4      3285 2026-08-18 20:45 watermelon-server-0.1/node_modules/drizzle-orm/gel/session.d.ts
-rw-r--r-- okg4/okg4      3294 2026-08-18 20:45 watermelon-server-0.1/node_modules/drizzle-orm/gel/session.d.cts
-rw-r--r-- okg4/okg4       217 2026-08-18 20:45 watermelon-server-0.1/node_modules/drizzle-orm/gel/index.cjs.map
-rw-r--r-- okg4/okg4      9986 2026-08-18 20:45 watermelon-server-0.1/node_modules/drizzle-orm/gel/session.cjs.map
-rw-r--r-- okg4/okg4      9966 2026-08-18 20:45 watermelon-server-0.1/node_modules/drizzle-orm/gel/session.js.map
-rw-r--r-- okg4/okg4      3613 2026-08-18 20:45 watermelon-server-0.1/node_modules/drizzle-orm/gel/driver.cjs
-rw-r--r-- okg4/okg4        82 2026-08-18 20:45 watermelon-server-0.1/node_modules/drizzle-orm/gel/migrator.d.cts
drwxr-xr-x okg4/okg4         0 2026-08-18 20:45 watermelon-server-0.1/node_modules/drizzle-orm/cache/
drwxr-xr-x okg4/okg4         0 2026-08-18 20:45 watermelon-server-0.1/node_modules/drizzle-orm/cache/core/
-rw-r--r-- okg4/okg4      1907 2026-08-18 20:45 watermelon-server-0.1/node_modules/drizzle-orm/cache/core/cache.cjs
-rw-r--r-- okg4/okg4      1104 2026-08-18 20:45 watermelon-server-0.1/node_modules/drizzle-orm/cache/core/index.cjs
-rw-r--r-- okg4/okg4      1412 2026-08-18 20:45 watermelon-server-0.1/node_modules/drizzle-orm/cache/core/cache.d.cts
-rw-r--r-- okg4/okg4        29 2026-08-18 20:45 watermelon-server-0.1/node_modules/drizzle-orm/cache/core/index.d.cts
-rw-r--r-- okg4/okg4      2791 2026-08-18 20:45 watermelon-server-0.1/node_modules/drizzle-orm/cache/core/cache.cjs.map
-rw-r--r-- okg4/okg4        61 2026-08-18 20:45 watermelon-server-0.1/node_modules/drizzle-orm/cache/core/index.js
-rw-r--r-- okg4/okg4       146 2026-08-18 20:45 watermelon-server-0.1/node_modules/drizzle-orm/cache/core/index.js.map
-rw-r--r-- okg4/okg4       775 2026-08-18 20:45 watermelon-server-0.1/node_modules/drizzle-orm/cache/core/types.cjs
-rw-r--r-- okg4/okg4        28 2026-08-18 20:45 watermelon-server-0.1/node_modules/drizzle-orm/cache/core/index.d.ts
-rw-r--r-- okg4/okg4       970 2026-08-18 20:45 watermelon-server-0.1/node_modules/drizzle-orm/cache/core/types.cjs.map
-rw-r--r-- okg4/okg4       876 2026-08-18 20:45 watermelon-server-0.1/node_modules/drizzle-orm/cache/core/types.d.cts
-rw-r--r-- okg4/okg4       876 2026-08-18 20:45 watermelon-server-0.1/node_modules/drizzle-orm/cache/core/types.d.ts
-rw-r--r-- okg4/okg4        33 2026-08-18 20:45 watermelon-server-0.1/node_modules/drizzle-orm/cache/core/types.js
-rw-r--r-- okg4/okg4       816 2026-08-18 20:45 watermelon-server-0.1/node_modules/drizzle-orm/cache/core/cache.js
-rw-r--r-- okg4/okg4      2741 2026-08-18 20:45 watermelon-server-0.1/node_modules/drizzle-orm/cache/core/cache.js.map
-rw-r--r-- okg4/okg4      1409 2026-08-18 20:45 watermelon-server-0.1/node_modules/drizzle-orm/cache/core/cache.d.ts
-rw-r--r-- okg4/okg4       178 2026-08-18 20:45 watermelon-server-0.1/node_modules/drizzle-orm/cache/core/index.cjs.map
-rw-r--r-- okg4/okg4        71 2026-08-18 20:45 watermelon-server-0.1/node_modules/drizzle-orm/cache/core/types.js.map
drwxr-xr-x okg4/okg4         0 2026-08-18 20:45 watermelon-server-0.1/node_modules/drizzle-orm/cache/upstash/
-rw-r--r-- okg4/okg4      7348 2026-08-18 20:45 watermelon-server-0.1/node_modules/drizzle-orm/cache/upstash/cache.cjs
-rw-r--r-- okg4/okg4      1113 2026-08-18 20:45 watermelon-server-0.1/node_modules/drizzle-orm/cache/upstash/index.cjs
-rw-r--r-- okg4/okg4      2435 2026-08-18 20:45 watermelon-server-0.1/node_modules/drizzle-orm/cache/upstash/cache.d.cts
-rw-r--r-- okg4/okg4        29 2026-08-18 20:45 watermelon-server-0.1/node_modules/drizzle-orm/cache/upstash/index.d.cts
-rw-r--r-- okg4/okg4     10739 2026-08-18 20:45 watermelon-server-0.1/node_modules/drizzle-orm/cache/upstash/cache.cjs.map
-rw-r--r-- okg4/okg4        61 2026-08-18 20:45 watermelon-server-0.1/node_modules/drizzle-orm/cache/upstash/index.js
-rw-r--r-- okg4/okg4       149 2026-08-18 20:45 watermelon-server-0.1/node_modules/drizzle-orm/cache/upstash/index.js.map
-rw-r--r-- okg4/okg4        28 2026-08-18 20:45 watermelon-server-0.1/node_modules/drizzle-orm/cache/upstash/index.d.ts
-rw-r--r-- okg4/okg4      6222 2026-08-18 20:45 watermelon-server-0.1/node_modules/drizzle-orm/cache/upstash/cache.js
-rw-r--r-- okg4/okg4     10709 2026-08-18 20:45 watermelon-server-0.1/node_modules/drizzle-orm/cache/upstash/cache.js.map
-rw-r--r-- okg4/okg4      2431 2026-08-18 20:45 watermelon-server-0.1/node_modules/drizzle-orm/cache/upstash/cache.d.ts
-rw-r--r-- okg4/okg4       181 2026-08-18 20:45 watermelon-server-0.1/node_modules/drizzle-orm/cache/upstash/index.cjs.map
-rw-r--r-- okg4/okg4        52 2026-08-18 20:45 watermelon-server-0.1/node_modules/drizzle-orm/view-common.d.cts
-rw-r--r-- okg4/okg4     14827 2026-08-18 20:45 watermelon-server-0.1/node_modules/drizzle-orm/column-builder.cjs.map
-rw-r--r-- okg4/okg4      1510 2026-08-18 20:45 watermelon-server-0.1/node_modules/drizzle-orm/errors.cjs.map
-rw-r--r-- okg4/okg4      3728 2026-08-18 20:45 watermelon-server-0.1/node_modules/drizzle-orm/casing.js.map
drwxr-xr-x okg4/okg4         0 2026-08-18 20:45 watermelon-server-0.1/node_modules/drizzle-orm/d1/
-rw-r--r-- okg4/okg4      3696 2026-08-18 20:45 watermelon-server-0.1/node_modules/drizzle-orm/d1/driver.cjs.map
-rw-r--r-- okg4/okg4      8076 2026-08-18 20:45 watermelon-server-0.1/node_modules/drizzle-orm/d1/session.cjs
-rw-r--r-- okg4/okg4       255 2026-08-18 20:45 watermelon-server-0.1/node_modules/drizzle-orm/d1/migrator.d.ts
-rw-r--r-- okg4/okg4      1197 2026-08-18 20:45 watermelon-server-0.1/node_modules/drizzle-orm/d1/index.cjs
-rw-r--r-- okg4/okg4        61 2026-08-18 20:45 watermelon-server-0.1/node_modules/drizzle-orm/d1/index.d.cts
-rw-r--r-- okg4/okg4      1025 2026-08-18 20:45 watermelon-server-0.1/node_modules/drizzle-orm/d1/driver.d.cts
-rw-r--r-- okg4/okg4      1021 2026-08-18 20:45 watermelon-server-0.1/node_modules/drizzle-orm/d1/driver.d.ts
-rw-r--r-- okg4/okg4        92 2026-08-18 20:45 watermelon-server-0.1/node_modules/drizzle-orm/d1/index.js
-rw-r--r-- okg4/okg4      2541 2026-08-18 20:45 watermelon-server-0.1/node_modules/drizzle-orm/d1/migrator.cjs.map
-rw-r--r-- okg4/okg4       177 2026-08-18 20:45 watermelon-server-0.1/node_modules/drizzle-orm/d1/index.js.map
-rw-r--r-- okg4/okg4        59 2026-08-18 20:45 watermelon-server-0.1/node_modules/drizzle-orm/d1/index.d.ts
-rw-r--r-- okg4/okg4      2505 2026-08-18 20:45 watermelon-server-0.1/node_modules/drizzle-orm/d1/migrator.js.map
-rw-r--r-- okg4/okg4      2471 2026-08-18 20:45 watermelon-server-0.1/node_modules/drizzle-orm/d1/migrator.cjs
-rw-r--r-- okg4/okg4      1334 2026-08-18 20:45 watermelon-server-0.1/node_modules/drizzle-orm/d1/migrator.js
-rw-r--r-- okg4/okg4      1462 2026-08-18 20:45 watermelon-server-0.1/node_modules/drizzle-orm/d1/driver.js
-rw-r--r-- okg4/okg4      3694 2026-08-18 20:45 watermelon-server-0.1/node_modules/drizzle-orm/d1/driver.js.map
-rw-r--r-- okg4/okg4      6691 2026-08-18 20:45 watermelon-server-0.1/node_modules/drizzle-orm/d1/session.js
-rw-r--r-- okg4/okg4      3839 2026-08-18 20:45 watermelon-server-0.1/node_modules/drizzle-orm/d1/session.d.ts
-rw-r--r-- okg4/okg4      3851 2026-08-18 20:45 watermelon-server-0.1/node_modules/drizzle-orm/d1/session.d.cts
-rw-r--r-- okg4/okg4       216 2026-08-18 20:45 watermelon-server-0.1/node_modules/drizzle-orm/d1/index.cjs.map
-rw-r--r-- okg4/okg4     14969 2026-08-18 20:45 watermelon-server-0.1/node_modules/drizzle-orm/d1/session.cjs.map
-rw-r--r-- okg4/okg4     14953 2026-08-18 20:45 watermelon-server-0.1/node_modules/drizzle-orm/d1/session.js.map
-rw-r--r-- okg4/okg4      2565 2026-08-18 20:45 watermelon-server-0.1/node_modules/drizzle-orm/d1/driver.cjs
-rw-r--r-- okg4/okg4       257 2026-08-18 20:45 watermelon-server-0.1/node_modules/drizzle-orm/d1/migrator.d.cts
-rw-r--r-- okg4/okg4      7792 2026-08-18 20:45 watermelon-server-0.1/node_modules/drizzle-orm/table.js.map
-rw-r--r-- okg4/okg4      1963 2026-08-18 20:45 watermelon-server-0.1/node_modules/drizzle-orm/subquery.js.map
-rw-r--r-- okg4/okg4      2333 2026-08-18 20:45 watermelon-server-0.1/node_modules/drizzle-orm/column.cjs
-rw-r--r-- okg4/okg4        38 2026-08-18 20:45 watermelon-server-0.1/node_modules/drizzle-orm/operations.js
-rw-r--r-- okg4/okg4        92 2026-08-18 20:45 watermelon-server-0.1/node_modules/drizzle-orm/tracing-utils.d.cts
drwxr-xr-x okg4/okg4         0 2026-08-18 20:45 watermelon-server-0.1/node_modules/drizzle-orm/sqlite-core/
-rw-r--r-- okg4/okg4      5530 2026-08-18 20:45 watermelon-server-0.1/node_modules/drizzle-orm/sqlite-core/foreign-keys.cjs.map
-rw-r--r-- okg4/okg4        54 2026-08-18 20:45 watermelon-server-0.1/node_modules/drizzle-orm/sqlite-core/view-common.d.ts
-rw-r--r-- okg4/okg4      7347 2026-08-18 20:45 watermelon-server-0.1/node_modules/drizzle-orm/sqlite-core/view.js.map
-rw-r--r-- okg4/okg4      7607 2026-08-18 20:45 watermelon-server-0.1/node_modules/drizzle-orm/sqlite-core/session.cjs
-rw-r--r-- okg4/okg4      1383 2026-08-18 20:45 watermelon-server-0.1/node_modules/drizzle-orm/sqlite-core/utils.d.cts
-rw-r--r-- okg4/okg4      2292 2026-08-18 20:45 watermelon-server-0.1/node_modules/drizzle-orm/sqlite-core/indexes.cjs
-rw-r--r-- okg4/okg4      1312 2026-08-18 20:45 watermelon-server-0.1/node_modules/drizzle-orm/sqlite-core/unique-constraint.js
-rw-r--r-- okg4/okg4       601 2026-08-18 20:45 watermelon-server-0.1/node_modules/drizzle-orm/sqlite-core/checks.js
-rw-r--r-- okg4/okg4     28593 2026-08-18 20:45 watermelon-server-0.1/node_modules/drizzle-orm/sqlite-core/db.js.map
-rw-r--r-- okg4/okg4       704 2026-08-18 20:45 watermelon-server-0.1/node_modules/drizzle-orm/sqlite-core/checks.d.cts
drwxr-xr-x okg4/okg4         0 2026-08-18 20:45 watermelon-server-0.1/node_modules/drizzle-orm/sqlite-core/query-builders/
-rw-r--r-- okg4/okg4     21916 2026-08-18 20:45 watermelon-server-0.1/node_modules/drizzle-orm/sqlite-core/query-builders/select.js
-rw-r--r-- okg4/okg4     46224 2026-08-18 20:45 watermelon-server-0.1/node_modules/drizzle-orm/sqlite-core/query-builders/select.cjs.map
-rw-r--r-- okg4/okg4      4118 2026-08-18 20:45 watermelon-server-0.1/node_modules/drizzle-orm/sqlite-core/query-builders/query.js
-rw-r--r-- okg4/okg4     19125 2026-08-18 20:45 watermelon-server-0.1/node_modules/drizzle-orm/sqlite-core/query-builders/insert.cjs.map
-rw-r--r-- okg4/okg4     24468 2026-08-18 20:45 watermelon-server-0.1/node_modules/drizzle-orm/sqlite-core/query-builders/select.d.ts
-rw-r--r-- okg4/okg4      3487 2026-08-18 20:45 watermelon-server-0.1/node_modules/drizzle-orm/sqlite-core/query-builders/query.d.ts
-rw-r--r-- okg4/okg4      1697 2026-08-18 20:45 watermelon-server-0.1/node_modules/drizzle-orm/sqlite-core/query-builders/index.cjs
-rw-r--r-- okg4/okg4       193 2026-08-18 20:45 watermelon-server-0.1/node_modules/drizzle-orm/sqlite-core/query-builders/index.d.cts
-rw-r--r-- okg4/okg4      5362 2026-08-18 20:45 watermelon-server-0.1/node_modules/drizzle-orm/sqlite-core/query-builders/query.cjs
-rw-r--r-- okg4/okg4      1481 2026-08-18 20:45 watermelon-server-0.1/node_modules/drizzle-orm/sqlite-core/query-builders/query-builder.d.ts
-rw-r--r-- okg4/okg4      9804 2026-08-18 20:45 watermelon-server-0.1/node_modules/drizzle-orm/sqlite-core/query-builders/query.js.map
-rw-r--r-- okg4/okg4     10317 2026-08-18 20:45 watermelon-server-0.1/node_modules/drizzle-orm/sqlite-core/query-builders/update.d.cts
-rw-r--r-- okg4/okg4     10303 2026-08-18 20:45 watermelon-server-0.1/node_modules/drizzle-orm/sqlite-core/query-builders/update.d.ts
-rw-r--r-- okg4/okg4     13783 2026-08-18 20:45 watermelon-server-0.1/node_modules/drizzle-orm/sqlite-core/query-builders/select.types.d.cts
-rw-r--r-- okg4/okg4       220 2026-08-18 20:45 watermelon-server-0.1/node_modules/drizzle-orm/sqlite-core/query-builders/index.js
-rw-r--r-- okg4/okg4     19080 2026-08-18 20:45 watermelon-server-0.1/node_modules/drizzle-orm/sqlite-core/query-builders/insert.js.map
-rw-r--r-- okg4/okg4      2224 2026-08-18 20:45 watermelon-server-0.1/node_modules/drizzle-orm/sqlite-core/query-builders/raw.cjs.map
-rw-r--r-- okg4/okg4       376 2026-08-18 20:45 watermelon-server-0.1/node_modules/drizzle-orm/sqlite-core/query-builders/index.js.map
-rw-r--r-- okg4/okg4      1344 2026-08-18 20:45 watermelon-server-0.1/node_modules/drizzle-orm/sqlite-core/query-builders/count.d.ts
-rw-r--r-- okg4/okg4      5884 2026-08-18 20:45 watermelon-server-0.1/node_modules/drizzle-orm/sqlite-core/query-builders/query-builder.js.map
-rw-r--r-- okg4/okg4      3496 2026-08-18 20:45 watermelon-server-0.1/node_modules/drizzle-orm/sqlite-core/query-builders/query.d.cts
-rw-r--r-- okg4/okg4        40 2026-08-18 20:45 watermelon-server-0.1/node_modules/drizzle-orm/sqlite-core/query-builders/select.types.js
-rw-r--r-- okg4/okg4      5583 2026-08-18 20:45 watermelon-server-0.1/node_modules/drizzle-orm/sqlite-core/query-builders/update.js
-rw-r--r-- okg4/okg4       187 2026-08-18 20:45 watermelon-server-0.1/node_modules/drizzle-orm/sqlite-core/query-builders/index.d.ts
-rw-r--r-- okg4/okg4      3589 2026-08-18 20:45 watermelon-server-0.1/node_modules/drizzle-orm/sqlite-core/query-builders/delete.js
-rw-r--r-- okg4/okg4      3346 2026-08-18 20:45 watermelon-server-0.1/node_modules/drizzle-orm/sqlite-core/query-builders/count.js.map
-rw-r--r-- okg4/okg4      2388 2026-08-18 20:45 watermelon-server-0.1/node_modules/drizzle-orm/sqlite-core/query-builders/count.cjs
-rw-r--r-- okg4/okg4      5899 2026-08-18 20:45 watermelon-server-0.1/node_modules/drizzle-orm/sqlite-core/query-builders/query-builder.cjs.map
-rw-r--r-- okg4/okg4      7938 2026-08-18 20:45 watermelon-server-0.1/node_modules/drizzle-orm/sqlite-core/query-builders/insert.cjs
-rw-r--r-- okg4/okg4      9766 2026-08-18 20:45 watermelon-server-0.1/node_modules/drizzle-orm/sqlite-core/query-builders/insert.d.ts
-rw-r--r-- okg4/okg4      3375 2026-08-18 20:45 watermelon-server-0.1/node_modules/drizzle-orm/sqlite-core/query-builders/query-builder.cjs
-rw-r--r-- okg4/okg4      6504 2026-08-18 20:45 watermelon-server-0.1/node_modules/drizzle-orm/sqlite-core/query-builders/insert.js
-rw-r--r-- okg4/okg4      1418 2026-08-18 20:45 watermelon-server-0.1/node_modules/drizzle-orm/sqlite-core/query-builders/raw.d.cts
-rw-r--r-- okg4/okg4     15193 2026-08-18 20:45 watermelon-server-0.1/node_modules/drizzle-orm/sqlite-core/query-builders/select.types.cjs.map
-rw-r--r-- okg4/okg4       812 2026-08-18 20:45 watermelon-server-0.1/node_modules/drizzle-orm/sqlite-core/query-builders/raw.js
-rw-r--r-- okg4/okg4      1349 2026-08-18 20:45 watermelon-server-0.1/node_modules/drizzle-orm/sqlite-core/query-builders/count.d.cts
-rw-r--r-- okg4/okg4     18845 2026-08-18 20:45 watermelon-server-0.1/node_modules/drizzle-orm/sqlite-core/query-builders/update.js.map
-rw-r--r-- okg4/okg4     18871 2026-08-18 20:45 watermelon-server-0.1/node_modules/drizzle-orm/sqlite-core/query-builders/update.cjs.map
-rw-r--r-- okg4/okg4      7008 2026-08-18 20:45 watermelon-server-0.1/node_modules/drizzle-orm/sqlite-core/query-builders/update.cjs
-rw-r--r-- okg4/okg4      3376 2026-08-18 20:45 watermelon-server-0.1/node_modules/drizzle-orm/sqlite-core/query-builders/count.cjs.map
-rw-r--r-- okg4/okg4      1288 2026-08-18 20:45 watermelon-server-0.1/node_modules/drizzle-orm/sqlite-core/query-builders/count.js
-rw-r--r-- okg4/okg4     24485 2026-08-18 20:45 watermelon-server-0.1/node_modules/drizzle-orm/sqlite-core/query-builders/select.d.cts
-rw-r--r-- okg4/okg4      7567 2026-08-18 20:45 watermelon-server-0.1/node_modules/drizzle-orm/sqlite-core/query-builders/delete.d.cts
-rw-r--r-- okg4/okg4     46209 2026-08-18 20:45 watermelon-server-0.1/node_modules/drizzle-orm/sqlite-core/query-builders/select.js.map
-rw-r--r-- okg4/okg4        71 2026-08-18 20:45 watermelon-server-0.1/node_modules/drizzle-orm/sqlite-core/query-builders/select.types.js.map
-rw-r--r-- okg4/okg4      9837 2026-08-18 20:45 watermelon-server-0.1/node_modules/drizzle-orm/sqlite-core/query-builders/query.cjs.map
-rw-r--r-- okg4/okg4       796 2026-08-18 20:45 watermelon-server-0.1/node_modules/drizzle-orm/sqlite-core/query-builders/select.types.cjs
-rw-r--r-- okg4/okg4      9783 2026-08-18 20:45 watermelon-server-0.1/node_modules/drizzle-orm/sqlite-core/query-builders/insert.d.cts
-rw-r--r-- okg4/okg4      4747 2026-08-18 20:45 watermelon-server-0.1/node_modules/drizzle-orm/sqlite-core/query-builders/delete.cjs
-rw-r--r-- okg4/okg4     12761 2026-08-18 20:45 watermelon-server-0.1/node_modules/drizzle-orm/sqlite-core/query-builders/delete.cjs.map
-rw-r--r-- okg4/okg4       443 2026-08-18 20:45 watermelon-server-0.1/node_modules/drizzle-orm/sqlite-core/query-builders/index.cjs.map
-rw-r--r-- okg4/okg4      1488 2026-08-18 20:45 watermelon-server-0.1/node_modules/drizzle-orm/sqlite-core/query-builders/query-builder.d.cts
-rw-r--r-- okg4/okg4      2166 2026-08-18 20:45 watermelon-server-0.1/node_modules/drizzle-orm/sqlite-core/query-builders/query-builder.js
-rw-r--r-- okg4/okg4      1860 2026-08-18 20:45 watermelon-server-0.1/node_modules/drizzle-orm/sqlite-core/query-builders/raw.cjs
-rw-r--r-- okg4/okg4     13770 2026-08-18 20:45 watermelon-server-0.1/node_modules/drizzle-orm/sqlite-core/query-builders/select.types.d.ts
-rw-r--r-- okg4/okg4     23825 2026-08-18 20:45 watermelon-server-0.1/node_modules/drizzle-orm/sqlite-core/query-builders/select.cjs
-rw-r--r-- okg4/okg4      2189 2026-08-18 20:45 watermelon-server-0.1/node_modules/drizzle-orm/sqlite-core/query-builders/raw.js.map
-rw-r--r-- okg4/okg4      1412 2026-08-18 20:45 watermelon-server-0.1/node_modules/drizzle-orm/sqlite-core/query-builders/raw.d.ts
-rw-r--r-- okg4/okg4     12706 2026-08-18 20:45 watermelon-server-0.1/node_modules/drizzle-orm/sqlite-core/query-builders/delete.js.map
-rw-r--r-- okg4/okg4      7555 2026-08-18 20:45 watermelon-server-0.1/node_modules/drizzle-orm/sqlite-core/query-builders/delete.d.ts
-rw-r--r-- okg4/okg4      2176 2026-08-18 20:45 watermelon-server-0.1/node_modules/drizzle-orm/sqlite-core/primary-keys.cjs
-rw-r--r-- okg4/okg4       470 2026-08-18 20:45 watermelon-server-0.1/node_modules/drizzle-orm/sqlite-core/expressions.d.cts
-rw-r--r-- okg4/okg4      1268 2026-08-18 20:45 watermelon-server-0.1/node_modules/drizzle-orm/sqlite-core/indexes.d.cts
-rw-r--r-- okg4/okg4      2663 2026-08-18 20:45 watermelon-server-0.1/node_modules/drizzle-orm/sqlite-core/index.cjs
-rw-r--r-- okg4/okg4      3820 2026-08-18 20:45 watermelon-server-0.1/node_modules/drizzle-orm/sqlite-core/utils.cjs
-rw-r--r-- okg4/okg4      2373 2026-08-18 20:45 watermelon-server-0.1/node_modules/drizzle-orm/sqlite-core/foreign-keys.d.ts
-rw-r--r-- okg4/okg4       490 2026-08-18 20:45 watermelon-server-0.1/node_modules/drizzle-orm/sqlite-core/index.d.cts
-rw-r--r-- okg4/okg4       675 2026-08-18 20:45 watermelon-server-0.1/node_modules/drizzle-orm/sqlite-core/expressions.js
-rw-r--r-- okg4/okg4     11335 2026-08-18 20:45 watermelon-server-0.1/node_modules/drizzle-orm/sqlite-core/db.d.ts
-rw-r--r-- okg4/okg4      1650 2026-08-18 20:45 watermelon-server-0.1/node_modules/drizzle-orm/sqlite-core/subquery.cjs.map
-rw-r--r-- okg4/okg4     10567 2026-08-18 20:45 watermelon-server-0.1/node_modules/drizzle-orm/sqlite-core/db.js
-rw-r--r-- okg4/okg4      1693 2026-08-18 20:45 watermelon-server-0.1/node_modules/drizzle-orm/sqlite-core/checks.cjs
drwxr-xr-x okg4/okg4         0 2026-08-18 20:45 watermelon-server-0.1/node_modules/drizzle-orm/sqlite-core/columns/
-rw-r--r-- okg4/okg4      3273 2026-08-18 20:45 watermelon-server-0.1/node_modules/drizzle-orm/sqlite-core/columns/numeric.d.ts
-rw-r--r-- okg4/okg4      5782 2026-08-18 20:45 watermelon-server-0.1/node_modules/drizzle-orm/sqlite-core/columns/custom.d.ts
-rw-r--r-- okg4/okg4      3752 2026-08-18 20:45 watermelon-server-0.1/node_modules/drizzle-orm/sqlite-core/columns/numeric.cjs
-rw-r--r-- okg4/okg4       795 2026-08-18 20:45 watermelon-server-0.1/node_modules/drizzle-orm/sqlite-core/columns/all.cjs.map
-rw-r--r-- okg4/okg4      1707 2026-08-18 20:45 watermelon-server-0.1/node_modules/drizzle-orm/sqlite-core/columns/index.cjs
-rw-r--r-- okg4/okg4       206 2026-08-18 20:45 watermelon-server-0.1/node_modules/drizzle-orm/sqlite-core/columns/index.d.cts
-rw-r--r-- okg4/okg4       772 2026-08-18 20:45 watermelon-server-0.1/node_modules/drizzle-orm/sqlite-core/columns/all.js.map
-rw-r--r-- okg4/okg4      1019 2026-08-18 20:45 watermelon-server-0.1/node_modules/drizzle-orm/sqlite-core/columns/real.d.cts
-rw-r--r-- okg4/okg4      4987 2026-08-18 20:45 watermelon-server-0.1/node_modules/drizzle-orm/sqlite-core/columns/integer.cjs
-rw-r--r-- okg4/okg4      2265 2026-08-18 20:45 watermelon-server-0.1/node_modules/drizzle-orm/sqlite-core/columns/numeric.js
-rw-r--r-- okg4/okg4      1688 2026-08-18 20:45 watermelon-server-0.1/node_modules/drizzle-orm/sqlite-core/columns/common.js
-rw-r--r-- okg4/okg4      8482 2026-08-18 20:45 watermelon-server-0.1/node_modules/drizzle-orm/sqlite-core/columns/custom.js.map
-rw-r--r-- okg4/okg4      4370 2026-08-18 20:45 watermelon-server-0.1/node_modules/drizzle-orm/sqlite-core/columns/blob.cjs
-rw-r--r-- okg4/okg4       232 2026-08-18 20:45 watermelon-server-0.1/node_modules/drizzle-orm/sqlite-core/columns/index.js
-rw-r--r-- okg4/okg4       392 2026-08-18 20:45 watermelon-server-0.1/node_modules/drizzle-orm/sqlite-core/columns/index.js.map
-rw-r--r-- okg4/okg4       199 2026-08-18 20:45 watermelon-server-0.1/node_modules/drizzle-orm/sqlite-core/columns/index.d.ts
-rw-r--r-- okg4/okg4      3695 2026-08-18 20:45 watermelon-server-0.1/node_modules/drizzle-orm/sqlite-core/columns/blob.d.ts
-rw-r--r-- okg4/okg4      3539 2026-08-18 20:45 watermelon-server-0.1/node_modules/drizzle-orm/sqlite-core/columns/text.d.cts
-rw-r--r-- okg4/okg4      2534 2026-08-18 20:45 watermelon-server-0.1/node_modules/drizzle-orm/sqlite-core/columns/common.d.cts
-rw-r--r-- okg4/okg4      1015 2026-08-18 20:45 watermelon-server-0.1/node_modules/drizzle-orm/sqlite-core/columns/real.d.ts
-rw-r--r-- okg4/okg4     10137 2026-08-18 20:45 watermelon-server-0.1/node_modules/drizzle-orm/sqlite-core/columns/integer.js.map
-rw-r--r-- okg4/okg4       419 2026-08-18 20:45 watermelon-server-0.1/node_modules/drizzle-orm/sqlite-core/columns/all.js
-rw-r--r-- okg4/okg4      6962 2026-08-18 20:45 watermelon-server-0.1/node_modules/drizzle-orm/sqlite-core/columns/numeric.cjs.map
-rw-r--r-- okg4/okg4      3278 2026-08-18 20:45 watermelon-server-0.1/node_modules/drizzle-orm/sqlite-core/columns/numeric.d.cts
-rw-r--r-- okg4/okg4      3533 2026-08-18 20:45 watermelon-server-0.1/node_modules/drizzle-orm/sqlite-core/columns/text.d.ts
-rw-r--r-- okg4/okg4      8517 2026-08-18 20:45 watermelon-server-0.1/node_modules/drizzle-orm/sqlite-core/columns/custom.cjs.map
-rw-r--r-- okg4/okg4      8974 2026-08-18 20:45 watermelon-server-0.1/node_modules/drizzle-orm/sqlite-core/columns/blob.cjs.map
-rw-r--r-- okg4/okg4       521 2026-08-18 20:45 watermelon-server-0.1/node_modules/drizzle-orm/sqlite-core/columns/all.d.ts
-rw-r--r-- okg4/okg4      2135 2026-08-18 20:45 watermelon-server-0.1/node_modules/drizzle-orm/sqlite-core/columns/real.cjs.map
-rw-r--r-- okg4/okg4     10210 2026-08-18 20:45 watermelon-server-0.1/node_modules/drizzle-orm/sqlite-core/columns/integer.cjs.map
-rw-r--r-- okg4/okg4      1615 2026-08-18 20:45 watermelon-server-0.1/node_modules/drizzle-orm/sqlite-core/columns/all.cjs
-rw-r--r-- okg4/okg4      5375 2026-08-18 20:45 watermelon-server-0.1/node_modules/drizzle-orm/sqlite-core/columns/integer.d.ts
-rw-r--r-- okg4/okg4      5491 2026-08-18 20:45 watermelon-server-0.1/node_modules/drizzle-orm/sqlite-core/columns/common.js.map
-rw-r--r-- okg4/okg4      2525 2026-08-18 20:45 watermelon-server-0.1/node_modules/drizzle-orm/sqlite-core/columns/common.d.ts
-rw-r--r-- okg4/okg4      5789 2026-08-18 20:45 watermelon-server-0.1/node_modules/drizzle-orm/sqlite-core/columns/custom.d.cts
-rw-r--r-- okg4/okg4       527 2026-08-18 20:45 watermelon-server-0.1/node_modules/drizzle-orm/sqlite-core/columns/all.d.cts
-rw-r--r-- okg4/okg4      6562 2026-08-18 20:45 watermelon-server-0.1/node_modules/drizzle-orm/sqlite-core/columns/text.cjs.map
-rw-r--r-- okg4/okg4      1564 2026-08-18 20:45 watermelon-server-0.1/node_modules/drizzle-orm/sqlite-core/columns/custom.js
-rw-r--r-- okg4/okg4      5522 2026-08-18 20:45 watermelon-server-0.1/node_modules/drizzle-orm/sqlite-core/columns/common.cjs.map
-rw-r--r-- okg4/okg4      3700 2026-08-18 20:45 watermelon-server-0.1/node_modules/drizzle-orm/sqlite-core/columns/blob.d.cts
-rw-r--r-- okg4/okg4      6901 2026-08-18 20:45 watermelon-server-0.1/node_modules/drizzle-orm/sqlite-core/columns/numeric.js.map
-rw-r--r-- okg4/okg4      2921 2026-08-18 20:45 watermelon-server-0.1/node_modules/drizzle-orm/sqlite-core/columns/blob.js
-rw-r--r-- okg4/okg4      1722 2026-08-18 20:45 watermelon-server-0.1/node_modules/drizzle-orm/sqlite-core/columns/text.js
-rw-r--r-- okg4/okg4      6514 2026-08-18 20:45 watermelon-server-0.1/node_modules/drizzle-orm/sqlite-core/columns/text.js.map
-rw-r--r-- okg4/okg4      2094 2026-08-18 20:45 watermelon-server-0.1/node_modules/drizzle-orm/sqlite-core/columns/real.js.map
-rw-r--r-- okg4/okg4      8918 2026-08-18 20:45 watermelon-server-0.1/node_modules/drizzle-orm/sqlite-core/columns/blob.js.map
-rw-r--r-- okg4/okg4      2992 2026-08-18 20:45 watermelon-server-0.1/node_modules/drizzle-orm/sqlite-core/columns/text.cjs
-rw-r--r-- okg4/okg4      2734 2026-08-18 20:45 watermelon-server-0.1/node_modules/drizzle-orm/sqlite-core/columns/custom.cjs
-rw-r--r-- okg4/okg4       466 2026-08-18 20:45 watermelon-server-0.1/node_modules/drizzle-orm/sqlite-core/columns/index.cjs.map
-rw-r--r-- okg4/okg4      5382 2026-08-18 20:45 watermelon-server-0.1/node_modules/drizzle-orm/sqlite-core/columns/integer.d.cts
-rw-r--r-- okg4/okg4      3426 2026-08-18 20:45 watermelon-server-0.1/node_modules/drizzle-orm/sqlite-core/columns/integer.js
-rw-r--r-- okg4/okg4      1752 2026-08-18 20:45 watermelon-server-0.1/node_modules/drizzle-orm/sqlite-core/columns/real.cjs
-rw-r--r-- okg4/okg4      2900 2026-08-18 20:45 watermelon-server-0.1/node_modules/drizzle-orm/sqlite-core/columns/common.cjs
-rw-r--r-- okg4/okg4       640 2026-08-18 20:45 watermelon-server-0.1/node_modules/drizzle-orm/sqlite-core/columns/real.js
-rw-r--r-- okg4/okg4      2765 2026-08-18 20:45 watermelon-server-0.1/node_modules/drizzle-orm/sqlite-core/primary-keys.cjs.map
-rw-r--r-- okg4/okg4      2286 2026-08-18 20:45 watermelon-server-0.1/node_modules/drizzle-orm/sqlite-core/utils.js
-rw-r--r-- okg4/okg4      1476 2026-08-18 20:45 watermelon-server-0.1/node_modules/drizzle-orm/sqlite-core/subquery.d.ts
-rw-r--r-- okg4/okg4       508 2026-08-18 20:45 watermelon-server-0.1/node_modules/drizzle-orm/sqlite-core/index.js
-rw-r--r-- okg4/okg4       135 2026-08-18 20:45 watermelon-server-0.1/node_modules/drizzle-orm/sqlite-core/view-common.js
-rw-r--r-- okg4/okg4      2625 2026-08-18 20:45 watermelon-server-0.1/node_modules/drizzle-orm/sqlite-core/unique-constraint.cjs
-rw-r--r-- okg4/okg4      1264 2026-08-18 20:45 watermelon-server-0.1/node_modules/drizzle-orm/sqlite-core/indexes.d.ts
-rw-r--r-- okg4/okg4       736 2026-08-18 20:45 watermelon-server-0.1/node_modules/drizzle-orm/sqlite-core/alias.cjs.map
-rw-r--r-- okg4/okg4       336 2026-08-18 20:45 watermelon-server-0.1/node_modules/drizzle-orm/sqlite-core/alias.d.ts
-rw-r--r-- okg4/okg4       745 2026-08-18 20:45 watermelon-server-0.1/node_modules/drizzle-orm/sqlite-core/index.js.map
-rw-r--r-- okg4/okg4     50169 2026-08-18 20:45 watermelon-server-0.1/node_modules/drizzle-orm/sqlite-core/dialect.cjs.map
-rw-r--r-- okg4/okg4      2980 2026-08-18 20:45 watermelon-server-0.1/node_modules/drizzle-orm/sqlite-core/view.d.cts
-rw-r--r-- okg4/okg4       339 2026-08-18 20:45 watermelon-server-0.1/node_modules/drizzle-orm/sqlite-core/alias.d.cts
-rw-r--r-- okg4/okg4       475 2026-08-18 20:45 watermelon-server-0.1/node_modules/drizzle-orm/sqlite-core/index.d.ts
-rw-r--r-- okg4/okg4       723 2026-08-18 20:45 watermelon-server-0.1/node_modules/drizzle-orm/sqlite-core/view-base.js.map
-rw-r--r-- okg4/okg4      1917 2026-08-18 20:45 watermelon-server-0.1/node_modules/drizzle-orm/sqlite-core/foreign-keys.js
-rw-r--r-- okg4/okg4      2719 2026-08-18 20:45 watermelon-server-0.1/node_modules/drizzle-orm/sqlite-core/primary-keys.js.map
-rw-r--r-- okg4/okg4     29965 2026-08-18 20:45 watermelon-server-0.1/node_modules/drizzle-orm/sqlite-core/dialect.cjs
-rw-r--r-- okg4/okg4       760 2026-08-18 20:45 watermelon-server-0.1/node_modules/drizzle-orm/sqlite-core/view-base.cjs.map
-rw-r--r-- okg4/okg4     25717 2026-08-18 20:45 watermelon-server-0.1/node_modules/drizzle-orm/sqlite-core/dialect.js
-rw-r--r-- okg4/okg4      1022 2026-08-18 20:45 watermelon-server-0.1/node_modules/drizzle-orm/sqlite-core/primary-keys.js
-rw-r--r-- okg4/okg4       989 2026-08-18 20:45 watermelon-server-0.1/node_modules/drizzle-orm/sqlite-core/unique-constraint.d.cts
-rw-r--r-- okg4/okg4        54 2026-08-18 20:45 watermelon-server-0.1/node_modules/drizzle-orm/sqlite-core/view-common.d.cts
-rw-r--r-- okg4/okg4      1421 2026-08-18 20:45 watermelon-server-0.1/node_modules/drizzle-orm/sqlite-core/checks.cjs.map
-rw-r--r-- okg4/okg4       986 2026-08-18 20:45 watermelon-server-0.1/node_modules/drizzle-orm/sqlite-core/unique-constraint.d.ts
-rw-r--r-- okg4/okg4       701 2026-08-18 20:45 watermelon-server-0.1/node_modules/drizzle-orm/sqlite-core/checks.d.ts
-rw-r--r-- okg4/okg4      8560 2026-08-18 20:45 watermelon-server-0.1/node_modules/drizzle-orm/sqlite-core/table.js.map
-rw-r--r-- okg4/okg4        71 2026-08-18 20:45 watermelon-server-0.1/node_modules/drizzle-orm/sqlite-core/subquery.js.map
-rw-r--r-- okg4/okg4      1568 2026-08-18 20:45 watermelon-server-0.1/node_modules/drizzle-orm/sqlite-core/expressions.cjs.map
-rw-r--r-- okg4/okg4       261 2026-08-18 20:45 watermelon-server-0.1/node_modules/drizzle-orm/sqlite-core/view-common.cjs.map
-rw-r--r-- okg4/okg4      2668 2026-08-18 20:45 watermelon-server-0.1/node_modules/drizzle-orm/sqlite-core/unique-constraint.cjs.map
-rw-r--r-- okg4/okg4      1197 2026-08-18 20:45 watermelon-server-0.1/node_modules/drizzle-orm/sqlite-core/primary-keys.d.ts
-rw-r--r-- okg4/okg4      3532 2026-08-18 20:45 watermelon-server-0.1/node_modules/drizzle-orm/sqlite-core/dialect.d.ts
-rw-r--r-- okg4/okg4      4616 2026-08-18 20:45 watermelon-server-0.1/node_modules/drizzle-orm/sqlite-core/utils.cjs.map
-rw-r--r-- okg4/okg4      1200 2026-08-18 20:45 watermelon-server-0.1/node_modules/drizzle-orm/sqlite-core/primary-keys.d.cts
-rw-r--r-- okg4/okg4     28554 2026-08-18 20:45 watermelon-server-0.1/node_modules/drizzle-orm/sqlite-core/db.cjs.map
-rw-r--r-- okg4/okg4      1836 2026-08-18 20:45 watermelon-server-0.1/node_modules/drizzle-orm/sqlite-core/table.js
-rw-r--r-- okg4/okg4      2640 2026-08-18 20:45 watermelon-server-0.1/node_modules/drizzle-orm/sqlite-core/view.js
-rw-r--r-- okg4/okg4      3081 2026-08-18 20:45 watermelon-server-0.1/node_modules/drizzle-orm/sqlite-core/table.cjs
-rw-r--r-- okg4/okg4      1508 2026-08-18 20:45 watermelon-server-0.1/node_modules/drizzle-orm/sqlite-core/expressions.js.map
-rw-r--r-- okg4/okg4      2693 2026-08-18 20:45 watermelon-server-0.1/node_modules/drizzle-orm/sqlite-core/indexes.js.map
-rw-r--r-- okg4/okg4       485 2026-08-18 20:45 watermelon-server-0.1/node_modules/drizzle-orm/sqlite-core/view-base.d.ts
-rw-r--r-- okg4/okg4      4032 2026-08-18 20:45 watermelon-server-0.1/node_modules/drizzle-orm/sqlite-core/view.cjs
-rw-r--r-- okg4/okg4       227 2026-08-18 20:45 watermelon-server-0.1/node_modules/drizzle-orm/sqlite-core/view-base.js
-rw-r--r-- okg4/okg4      1481 2026-08-18 20:45 watermelon-server-0.1/node_modules/drizzle-orm/sqlite-core/subquery.d.cts
-rw-r--r-- okg4/okg4      3104 2026-08-18 20:45 watermelon-server-0.1/node_modules/drizzle-orm/sqlite-core/foreign-keys.cjs
-rw-r--r-- okg4/okg4     11350 2026-08-18 20:45 watermelon-server-0.1/node_modules/drizzle-orm/sqlite-core/db.d.cts
-rw-r--r-- okg4/okg4      6230 2026-08-18 20:45 watermelon-server-0.1/node_modules/drizzle-orm/sqlite-core/session.js
-rw-r--r-- okg4/okg4      1214 2026-08-18 20:45 watermelon-server-0.1/node_modules/drizzle-orm/sqlite-core/alias.cjs
-rw-r--r-- okg4/okg4      5603 2026-08-18 20:45 watermelon-server-0.1/node_modules/drizzle-orm/sqlite-core/session.d.ts
-rw-r--r-- okg4/okg4      5614 2026-08-18 20:45 watermelon-server-0.1/node_modules/drizzle-orm/sqlite-core/session.d.cts
-rw-r--r-- okg4/okg4      4354 2026-08-18 20:45 watermelon-server-0.1/node_modules/drizzle-orm/sqlite-core/table.d.cts
-rw-r--r-- okg4/okg4      1373 2026-08-18 20:45 watermelon-server-0.1/node_modules/drizzle-orm/sqlite-core/utils.d.ts
-rw-r--r-- okg4/okg4      2611 2026-08-18 20:45 watermelon-server-0.1/node_modules/drizzle-orm/sqlite-core/unique-constraint.js.map
-rw-r--r-- okg4/okg4       698 2026-08-18 20:45 watermelon-server-0.1/node_modules/drizzle-orm/sqlite-core/alias.js.map
-rw-r--r-- okg4/okg4      1291 2026-08-18 20:45 watermelon-server-0.1/node_modules/drizzle-orm/sqlite-core/view-base.cjs
-rw-r--r-- okg4/okg4       488 2026-08-18 20:45 watermelon-server-0.1/node_modules/drizzle-orm/sqlite-core/view-base.d.cts
-rw-r--r-- okg4/okg4      2147 2026-08-18 20:45 watermelon-server-0.1/node_modules/drizzle-orm/sqlite-core/expressions.cjs
-rw-r--r-- okg4/okg4      1371 2026-08-18 20:45 watermelon-server-0.1/node_modules/drizzle-orm/sqlite-core/checks.js.map
-rw-r--r-- okg4/okg4      2376 2026-08-18 20:45 watermelon-server-0.1/node_modules/drizzle-orm/sqlite-core/foreign-keys.d.cts
-rw-r--r-- okg4/okg4      4574 2026-08-18 20:45 watermelon-server-0.1/node_modules/drizzle-orm/sqlite-core/utils.js.map
-rw-r--r-- okg4/okg4     50046 2026-08-18 20:45 watermelon-server-0.1/node_modules/drizzle-orm/sqlite-core/dialect.js.map
-rw-r--r-- okg4/okg4       875 2026-08-18 20:45 watermelon-server-0.1/node_modules/drizzle-orm/sqlite-core/index.cjs.map
-rw-r--r-- okg4/okg4      2754 2026-08-18 20:45 watermelon-server-0.1/node_modules/drizzle-orm/sqlite-core/indexes.cjs.map
-rw-r--r-- okg4/okg4      7392 2026-08-18 20:45 watermelon-server-0.1/node_modules/drizzle-orm/sqlite-core/view.cjs.map
-rw-r--r-- okg4/okg4      4344 2026-08-18 20:45 watermelon-server-0.1/node_modules/drizzle-orm/sqlite-core/table.d.ts
-rw-r--r-- okg4/okg4     15670 2026-08-18 20:45 watermelon-server-0.1/node_modules/drizzle-orm/sqlite-core/session.cjs.map
-rw-r--r-- okg4/okg4      8611 2026-08-18 20:45 watermelon-server-0.1/node_modules/drizzle-orm/sqlite-core/table.cjs.map
-rw-r--r-- okg4/okg4      5483 2026-08-18 20:45 watermelon-server-0.1/node_modules/drizzle-orm/sqlite-core/foreign-keys.js.map
-rw-r--r-- okg4/okg4      2972 2026-08-18 20:45 watermelon-server-0.1/node_modules/drizzle-orm/sqlite-core/view.d.ts
-rw-r--r-- okg4/okg4      1175 2026-08-18 20:45 watermelon-server-0.1/node_modules/drizzle-orm/sqlite-core/view-common.cjs
-rw-r--r-- okg4/okg4       784 2026-08-18 20:45 watermelon-server-0.1/node_modules/drizzle-orm/sqlite-core/subquery.cjs
-rw-r--r-- okg4/okg4       211 2026-08-18 20:45 watermelon-server-0.1/node_modules/drizzle-orm/sqlite-core/alias.js
-rw-r--r-- okg4/okg4     15648 2026-08-18 20:45 watermelon-server-0.1/node_modules/drizzle-orm/sqlite-core/session.js.map
-rw-r--r-- okg4/okg4       218 2026-08-18 20:45 watermelon-server-0.1/node_modules/drizzle-orm/sqlite-core/view-common.js.map
-rw-r--r-- okg4/okg4     11946 2026-08-18 20:45 watermelon-server-0.1/node_modules/drizzle-orm/sqlite-core/db.cjs
-rw-r--r-- okg4/okg4        36 2026-08-18 20:45 watermelon-server-0.1/node_modules/drizzle-orm/sqlite-core/subquery.js
-rw-r--r-- okg4/okg4      1109 2026-08-18 20:45 watermelon-server-0.1/node_modules/drizzle-orm/sqlite-core/indexes.js
-rw-r--r-- okg4/okg4      3542 2026-08-18 20:45 watermelon-server-0.1/node_modules/drizzle-orm/sqlite-core/dialect.d.cts
-rw-r--r-- okg4/okg4       467 2026-08-18 20:45 watermelon-server-0.1/node_modules/drizzle-orm/sqlite-core/expressions.d.ts
-rw-r--r-- okg4/okg4       242 2026-08-18 20:45 watermelon-server-0.1/node_modules/drizzle-orm/view-common.cjs.map
-rw-r--r-- okg4/okg4      1244 2026-08-18 20:45 watermelon-server-0.1/node_modules/drizzle-orm/migrator.js
-rw-r--r-- okg4/okg4        71 2026-08-18 20:45 watermelon-server-0.1/node_modules/drizzle-orm/runnable-query.js.map
drwxr-xr-x okg4/okg4         0 2026-08-18 20:45 watermelon-server-0.1/node_modules/drizzle-orm/knex/
-rw-r--r-- okg4/okg4        48 2026-08-18 20:45 watermelon-server-0.1/node_modules/drizzle-orm/knex/index.cjs
-rw-r--r-- okg4/okg4       355 2026-08-18 20:45 watermelon-server-0.1/node_modules/drizzle-orm/knex/index.d.cts
-rw-r--r-- okg4/okg4        33 2026-08-18 20:45 watermelon-server-0.1/node_modules/drizzle-orm/knex/index.js
-rw-r--r-- okg4/okg4        71 2026-08-18 20:45 watermelon-server-0.1/node_modules/drizzle-orm/knex/index.js.map
-rw-r--r-- okg4/okg4       354 2026-08-18 20:45 watermelon-server-0.1/node_modules/drizzle-orm/knex/index.d.ts
-rw-r--r-- okg4/okg4        71 2026-08-18 20:45 watermelon-server-0.1/node_modules/drizzle-orm/knex/index.cjs.map
-rw-r--r-- okg4/okg4       565 2026-08-18 20:45 watermelon-server-0.1/node_modules/drizzle-orm/errors.d.ts
-rw-r--r-- okg4/okg4       376 2026-08-18 20:45 watermelon-server-0.1/node_modules/drizzle-orm/version.cjs.map
-rw-r--r-- okg4/okg4       842 2026-08-18 20:45 watermelon-server-0.1/node_modules/drizzle-orm/logger.js
-rw-r--r-- okg4/okg4        71 2026-08-18 20:45 watermelon-server-0.1/node_modules/drizzle-orm/batch.js.map
-rw-r--r-- okg4/okg4      3937 2026-08-18 20:45 watermelon-server-0.1/node_modules/drizzle-orm/column.d.cts
-rw-r--r-- okg4/okg4      3932 2026-08-18 20:45 watermelon-server-0.1/node_modules/drizzle-orm/column.d.ts
-rw-r--r-- okg4/okg4     15583 2026-08-18 20:45 watermelon-server-0.1/node_modules/drizzle-orm/utils.cjs.map
drwxr-xr-x okg4/okg4         0 2026-08-18 20:45 watermelon-server-0.1/node_modules/drizzle-orm/neon/
-rw-r--r-- okg4/okg4      4707 2026-08-18 20:45 watermelon-server-0.1/node_modules/drizzle-orm/neon/rls.js.map
-rw-r--r-- okg4/okg4      1507 2026-08-18 20:45 watermelon-server-0.1/node_modules/drizzle-orm/neon/rls.d.ts
-rw-r--r-- okg4/okg4      1254 2026-08-18 20:45 watermelon-server-0.1/node_modules/drizzle-orm/neon/neon-auth.js.map
-rw-r--r-- okg4/okg4      1203 2026-08-18 20:45 watermelon-server-0.1/node_modules/drizzle-orm/neon/index.cjs
-rw-r--r-- okg4/okg4        60 2026-08-18 20:45 watermelon-server-0.1/node_modules/drizzle-orm/neon/index.d.cts
-rw-r--r-- okg4/okg4       581 2026-08-18 20:45 watermelon-server-0.1/node_modules/drizzle-orm/neon/neon-auth.js
-rw-r--r-- okg4/okg4        91 2026-08-18 20:45 watermelon-server-0.1/node_modules/drizzle-orm/neon/index.js
-rw-r--r-- okg4/okg4      4432 2026-08-18 20:45 watermelon-server-0.1/node_modules/drizzle-orm/neon/neon-auth.d.cts
-rw-r--r-- okg4/okg4       178 2026-08-18 20:45 watermelon-server-0.1/node_modules/drizzle-orm/neon/index.js.map
-rw-r--r-- okg4/okg4        58 2026-08-18 20:45 watermelon-server-0.1/node_modules/drizzle-orm/neon/index.d.ts
-rw-r--r-- okg4/okg4      1743 2026-08-18 20:45 watermelon-server-0.1/node_modules/drizzle-orm/neon/neon-auth.cjs
-rw-r--r-- okg4/okg4      1956 2026-08-18 20:45 watermelon-server-0.1/node_modules/drizzle-orm/neon/rls.js
-rw-r--r-- okg4/okg4      4755 2026-08-18 20:45 watermelon-server-0.1/node_modules/drizzle-orm/neon/rls.cjs.map
-rw-r--r-- okg4/okg4      3327 2026-08-18 20:45 watermelon-server-0.1/node_modules/drizzle-orm/neon/rls.cjs
-rw-r--r-- okg4/okg4      4432 2026-08-18 20:45 watermelon-server-0.1/node_modules/drizzle-orm/neon/neon-auth.d.ts
-rw-r--r-- okg4/okg4      1285 2026-08-18 20:45 watermelon-server-0.1/node_modules/drizzle-orm/neon/neon-auth.cjs.map
-rw-r--r-- okg4/okg4      1510 2026-08-18 20:45 watermelon-server-0.1/node_modules/drizzle-orm/neon/rls.d.cts
-rw-r--r-- okg4/okg4       217 2026-08-18 20:45 watermelon-server-0.1/node_modules/drizzle-orm/neon/index.cjs.map
-rw-r--r-- okg4/okg4       123 2026-08-18 20:45 watermelon-server-0.1/node_modules/drizzle-orm/version.d.cts
-rw-r--r-- okg4/okg4      6400 2026-08-18 20:45 watermelon-server-0.1/node_modules/drizzle-orm/column.cjs.map
-rw-r--r-- okg4/okg4       802 2026-08-18 20:45 watermelon-server-0.1/node_modules/drizzle-orm/runnable-query.cjs
drwxr-xr-x okg4/okg4         0 2026-08-18 20:45 watermelon-server-0.1/node_modules/drizzle-orm/xata-http/
-rw-r--r-- okg4/okg4      4281 2026-08-18 20:45 watermelon-server-0.1/node_modules/drizzle-orm/xata-http/driver.cjs.map
-rw-r--r-- okg4/okg4      5350 2026-08-18 20:45 watermelon-server-0.1/node_modules/drizzle-orm/xata-http/session.cjs
-rw-r--r-- okg4/okg4       734 2026-08-18 20:45 watermelon-server-0.1/node_modules/drizzle-orm/xata-http/migrator.d.ts
-rw-r--r-- okg4/okg4      1225 2026-08-18 20:45 watermelon-server-0.1/node_modules/drizzle-orm/xata-http/index.cjs
-rw-r--r-- okg4/okg4        61 2026-08-18 20:45 watermelon-server-0.1/node_modules/drizzle-orm/xata-http/index.d.cts
-rw-r--r-- okg4/okg4      1417 2026-08-18 20:45 watermelon-server-0.1/node_modules/drizzle-orm/xata-http/driver.d.cts
-rw-r--r-- okg4/okg4      1408 2026-08-18 20:45 watermelon-server-0.1/node_modules/drizzle-orm/xata-http/driver.d.ts
-rw-r--r-- okg4/okg4        92 2026-08-18 20:45 watermelon-server-0.1/node_modules/drizzle-orm/xata-http/index.js
-rw-r--r-- okg4/okg4      2720 2026-08-18 20:45 watermelon-server-0.1/node_modules/drizzle-orm/xata-http/migrator.cjs.map
-rw-r--r-- okg4/okg4       184 2026-08-18 20:45 watermelon-server-0.1/node_modules/drizzle-orm/xata-http/index.js.map
-rw-r--r-- okg4/okg4        59 2026-08-18 20:45 watermelon-server-0.1/node_modules/drizzle-orm/xata-http/index.d.ts
-rw-r--r-- okg4/okg4      2684 2026-08-18 20:45 watermelon-server-0.1/node_modules/drizzle-orm/xata-http/migrator.js.map
-rw-r--r-- okg4/okg4      2283 2026-08-18 20:45 watermelon-server-0.1/node_modules/drizzle-orm/xata-http/migrator.cjs
-rw-r--r-- okg4/okg4      1168 2026-08-18 20:45 watermelon-server-0.1/node_modules/drizzle-orm/xata-http/migrator.js
-rw-r--r-- okg4/okg4      1814 2026-08-18 20:45 watermelon-server-0.1/node_modules/drizzle-orm/xata-http/driver.js
-rw-r--r-- okg4/okg4      4259 2026-08-18 20:45 watermelon-server-0.1/node_modules/drizzle-orm/xata-http/driver.js.map
-rw-r--r-- okg4/okg4      4058 2026-08-18 20:45 watermelon-server-0.1/node_modules/drizzle-orm/xata-http/session.js
-rw-r--r-- okg4/okg4      3708 2026-08-18 20:45 watermelon-server-0.1/node_modules/drizzle-orm/xata-http/session.d.ts
-rw-r--r-- okg4/okg4      3719 2026-08-18 20:45 watermelon-server-0.1/node_modules/drizzle-orm/xata-http/session.d.cts
-rw-r--r-- okg4/okg4       223 2026-08-18 20:45 watermelon-server-0.1/node_modules/drizzle-orm/xata-http/index.cjs.map
-rw-r--r-- okg4/okg4      9530 2026-08-18 20:45 watermelon-server-0.1/node_modules/drizzle-orm/xata-http/session.cjs.map
-rw-r--r-- okg4/okg4      9511 2026-08-18 20:45 watermelon-server-0.1/node_modules/drizzle-orm/xata-http/session.js.map
-rw-r--r-- okg4/okg4      2990 2026-08-18 20:45 watermelon-server-0.1/node_modules/drizzle-orm/xata-http/driver.cjs
-rw-r--r-- okg4/okg4       735 2026-08-18 20:45 watermelon-server-0.1/node_modules/drizzle-orm/xata-http/migrator.d.cts
-rw-r--r-- okg4/okg4      1867 2026-08-18 20:45 watermelon-server-0.1/node_modules/drizzle-orm/logger.js.map
-rw-r--r-- okg4/okg4       395 2026-08-18 20:45 watermelon-server-0.1/node_modules/drizzle-orm/entity.d.ts
-rw-r--r-- okg4/okg4      1973 2026-08-18 20:45 watermelon-server-0.1/node_modules/drizzle-orm/table.js
-rw-r--r-- okg4/okg4     11649 2026-08-18 20:45 watermelon-server-0.1/node_modules/drizzle-orm/column-builder.d.cts
-rw-r--r-- okg4/okg4        11 2026-08-18 20:45 watermelon-server-0.1/node_modules/drizzle-orm/table.utils.d.ts
-rw-r--r-- okg4/okg4      3440 2026-08-18 20:45 watermelon-server-0.1/node_modules/drizzle-orm/table.cjs
-rw-r--r-- okg4/okg4      1460 2026-08-18 20:45 watermelon-server-0.1/node_modules/drizzle-orm/errors.js.map
-rw-r--r-- okg4/okg4       206 2026-08-18 20:45 watermelon-server-0.1/node_modules/drizzle-orm/runnable-query.d.cts
drwxr-xr-x okg4/okg4         0 2026-08-18 20:45 watermelon-server-0.1/node_modules/drizzle-orm/bun-sql/
-rw-r--r-- okg4/okg4      5455 2026-08-18 20:45 watermelon-server-0.1/node_modules/drizzle-orm/bun-sql/driver.cjs.map
-rw-r--r-- okg4/okg4      6572 2026-08-18 20:45 watermelon-server-0.1/node_modules/drizzle-orm/bun-sql/session.cjs
-rw-r--r-- okg4/okg4       249 2026-08-18 20:45 watermelon-server-0.1/node_modules/drizzle-orm/bun-sql/migrator.d.ts
-rw-r--r-- okg4/okg4      1217 2026-08-18 20:45 watermelon-server-0.1/node_modules/drizzle-orm/bun-sql/index.cjs
-rw-r--r-- okg4/okg4        61 2026-08-18 20:45 watermelon-server-0.1/node_modules/drizzle-orm/bun-sql/index.d.cts
-rw-r--r-- okg4/okg4      1152 2026-08-18 20:45 watermelon-server-0.1/node_modules/drizzle-orm/bun-sql/driver.d.cts
-rw-r--r-- okg4/okg4      1148 2026-08-18 20:45 watermelon-server-0.1/node_modules/drizzle-orm/bun-sql/driver.d.ts
-rw-r--r-- okg4/okg4        92 2026-08-18 20:45 watermelon-server-0.1/node_modules/drizzle-orm/bun-sql/index.js
-rw-r--r-- okg4/okg4       681 2026-08-18 20:45 watermelon-server-0.1/node_modules/drizzle-orm/bun-sql/migrator.cjs.map
-rw-r--r-- okg4/okg4       182 2026-08-18 20:45 watermelon-server-0.1/node_modules/drizzle-orm/bun-sql/index.js.map
-rw-r--r-- okg4/okg4        59 2026-08-18 20:45 watermelon-server-0.1/node_modules/drizzle-orm/bun-sql/index.d.ts
-rw-r--r-- okg4/okg4       642 2026-08-18 20:45 watermelon-server-0.1/node_modules/drizzle-orm/bun-sql/migrator.js.map
-rw-r--r-- okg4/okg4      1290 2026-08-18 20:45 watermelon-server-0.1/node_modules/drizzle-orm/bun-sql/migrator.cjs
-rw-r--r-- okg4/okg4       259 2026-08-18 20:45 watermelon-server-0.1/node_modules/drizzle-orm/bun-sql/migrator.js
-rw-r--r-- okg4/okg4      2286 2026-08-18 20:45 watermelon-server-0.1/node_modules/drizzle-orm/bun-sql/driver.js
-rw-r--r-- okg4/okg4      5458 2026-08-18 20:45 watermelon-server-0.1/node_modules/drizzle-orm/bun-sql/driver.js.map
-rw-r--r-- okg4/okg4      5202 2026-08-18 20:45 watermelon-server-0.1/node_modules/drizzle-orm/bun-sql/session.js
-rw-r--r-- okg4/okg4      3624 2026-08-18 20:45 watermelon-server-0.1/node_modules/drizzle-orm/bun-sql/session.d.ts
-rw-r--r-- okg4/okg4      3636 2026-08-18 20:45 watermelon-server-0.1/node_modules/drizzle-orm/bun-sql/session.d.cts
-rw-r--r-- okg4/okg4       221 2026-08-18 20:45 watermelon-server-0.1/node_modules/drizzle-orm/bun-sql/index.cjs.map
-rw-r--r-- okg4/okg4     11126 2026-08-18 20:45 watermelon-server-0.1/node_modules/drizzle-orm/bun-sql/session.cjs.map
-rw-r--r-- okg4/okg4     11106 2026-08-18 20:45 watermelon-server-0.1/node_modules/drizzle-orm/bun-sql/session.js.map
-rw-r--r-- okg4/okg4      3463 2026-08-18 20:45 watermelon-server-0.1/node_modules/drizzle-orm/bun-sql/driver.cjs
-rw-r--r-- okg4/okg4       251 2026-08-18 20:45 watermelon-server-0.1/node_modules/drizzle-orm/bun-sql/migrator.d.cts
-rw-r--r-- okg4/okg4     26612 2026-08-18 20:45 watermelon-server-0.1/node_modules/drizzle-orm/relations.cjs.map
drwxr-xr-x okg4/okg4         0 2026-08-18 20:45 watermelon-server-0.1/node_modules/drizzle-orm/mysql-core/
-rw-r--r-- okg4/okg4      5036 2026-08-18 20:45 watermelon-server-0.1/node_modules/drizzle-orm/mysql-core/foreign-keys.cjs.map
-rw-r--r-- okg4/okg4        53 2026-08-18 20:45 watermelon-server-0.1/node_modules/drizzle-orm/mysql-core/view-common.d.ts
-rw-r--r-- okg4/okg4      8897 2026-08-18 20:45 watermelon-server-0.1/node_modules/drizzle-orm/mysql-core/view.js.map
-rw-r--r-- okg4/okg4      5616 2026-08-18 20:45 watermelon-server-0.1/node_modules/drizzle-orm/mysql-core/session.cjs
-rw-r--r-- okg4/okg4      1745 2026-08-18 20:45 watermelon-server-0.1/node_modules/drizzle-orm/mysql-core/utils.d.cts
-rw-r--r-- okg4/okg4      2364 2026-08-18 20:45 watermelon-server-0.1/node_modules/drizzle-orm/mysql-core/indexes.cjs
-rw-r--r-- okg4/okg4      1337 2026-08-18 20:45 watermelon-server-0.1/node_modules/drizzle-orm/mysql-core/unique-constraint.js
-rw-r--r-- okg4/okg4       618 2026-08-18 20:45 watermelon-server-0.1/node_modules/drizzle-orm/mysql-core/checks.js
-rw-r--r-- okg4/okg4     22889 2026-08-18 20:45 watermelon-server-0.1/node_modules/drizzle-orm/mysql-core/db.js.map
-rw-r--r-- okg4/okg4       616 2026-08-18 20:45 watermelon-server-0.1/node_modules/drizzle-orm/mysql-core/checks.d.cts
drwxr-xr-x okg4/okg4         0 2026-08-18 20:45 watermelon-server-0.1/node_modules/drizzle-orm/mysql-core/query-builders/
-rw-r--r-- okg4/okg4     28393 2026-08-18 20:45 watermelon-server-0.1/node_modules/drizzle-orm/mysql-core/query-builders/select.js
-rw-r--r-- okg4/okg4     57883 2026-08-18 20:45 watermelon-server-0.1/node_modules/drizzle-orm/mysql-core/query-builders/select.cjs.map
-rw-r--r-- okg4/okg4      3173 2026-08-18 20:45 watermelon-server-0.1/node_modules/drizzle-orm/mysql-core/query-builders/query.js
-rw-r--r-- okg4/okg4     15091 2026-08-18 20:45 watermelon-server-0.1/node_modules/drizzle-orm/mysql-core/query-builders/insert.cjs.map
-rw-r--r-- okg4/okg4     33138 2026-08-18 20:45 watermelon-server-0.1/node_modules/drizzle-orm/mysql-core/query-builders/select.d.ts
-rw-r--r-- okg4/okg4      2696 2026-08-18 20:45 watermelon-server-0.1/node_modules/drizzle-orm/mysql-core/query-builders/query.d.ts
-rw-r--r-- okg4/okg4      1697 2026-08-18 20:45 watermelon-server-0.1/node_modules/drizzle-orm/mysql-core/query-builders/index.cjs
-rw-r--r-- okg4/okg4       193 2026-08-18 20:45 watermelon-server-0.1/node_modules/drizzle-orm/mysql-core/query-builders/index.d.cts
-rw-r--r-- okg4/okg4      4339 2026-08-18 20:45 watermelon-server-0.1/node_modules/drizzle-orm/mysql-core/query-builders/query.cjs
-rw-r--r-- okg4/okg4      1412 2026-08-18 20:45 watermelon-server-0.1/node_modules/drizzle-orm/mysql-core/query-builders/query-builder.d.ts
-rw-r--r-- okg4/okg4      6972 2026-08-18 20:45 watermelon-server-0.1/node_modules/drizzle-orm/mysql-core/query-builders/query.js.map
-rw-r--r-- okg4/okg4      5791 2026-08-18 20:45 watermelon-server-0.1/node_modules/drizzle-orm/mysql-core/query-builders/update.d.cts
-rw-r--r-- okg4/okg4      5779 2026-08-18 20:45 watermelon-server-0.1/node_modules/drizzle-orm/mysql-core/query-builders/update.d.ts
-rw-r--r-- okg4/okg4     14460 2026-08-18 20:45 watermelon-server-0.1/node_modules/drizzle-orm/mysql-core/query-builders/select.types.d.cts
-rw-r--r-- okg4/okg4       220 2026-08-18 20:45 watermelon-server-0.1/node_modules/drizzle-orm/mysql-core/query-builders/index.js
-rw-r--r-- okg4/okg4     15063 2026-08-18 20:45 watermelon-server-0.1/node_modules/drizzle-orm/mysql-core/query-builders/insert.js.map
-rw-r--r-- okg4/okg4       375 2026-08-18 20:45 watermelon-server-0.1/node_modules/drizzle-orm/mysql-core/query-builders/index.js.map
-rw-r--r-- okg4/okg4      1341 2026-08-18 20:45 watermelon-server-0.1/node_modules/drizzle-orm/mysql-core/query-builders/count.d.ts
-rw-r--r-- okg4/okg4      5728 2026-08-18 20:45 watermelon-server-0.1/node_modules/drizzle-orm/mysql-core/query-builders/query-builder.js.map
-rw-r--r-- okg4/okg4      2704 2026-08-18 20:45 watermelon-server-0.1/node_modules/drizzle-orm/mysql-core/query-builders/query.d.cts
-rw-r--r-- okg4/okg4        40 2026-08-18 20:45 watermelon-server-0.1/node_modules/drizzle-orm/mysql-core/query-builders/select.types.js
-rw-r--r-- okg4/okg4      3601 2026-08-18 20:45 watermelon-server-0.1/node_modules/drizzle-orm/mysql-core/query-builders/update.js
-rw-r--r-- okg4/okg4       187 2026-08-18 20:45 watermelon-server-0.1/node_modules/drizzle-orm/mysql-core/query-builders/index.d.ts
-rw-r--r-- okg4/okg4      3006 2026-08-18 20:45 watermelon-server-0.1/node_modules/drizzle-orm/mysql-core/query-builders/delete.js
-rw-r--r-- okg4/okg4      3409 2026-08-18 20:45 watermelon-server-0.1/node_modules/drizzle-orm/mysql-core/query-builders/count.js.map
-rw-r--r-- okg4/okg4      2405 2026-08-18 20:45 watermelon-server-0.1/node_modules/drizzle-orm/mysql-core/query-builders/count.cjs
-rw-r--r-- okg4/okg4      5749 2026-08-18 20:45 watermelon-server-0.1/node_modules/drizzle-orm/mysql-core/query-builders/query-builder.cjs.map
-rw-r--r-- okg4/okg4      5820 2026-08-18 20:45 watermelon-server-0.1/node_modules/drizzle-orm/mysql-core/query-builders/insert.cjs
-rw-r--r-- okg4/okg4      8350 2026-08-18 20:45 watermelon-server-0.1/node_modules/drizzle-orm/mysql-core/query-builders/insert.d.ts
-rw-r--r-- okg4/okg4      3363 2026-08-18 20:45 watermelon-server-0.1/node_modules/drizzle-orm/mysql-core/query-builders/query-builder.cjs
-rw-r--r-- okg4/okg4      4512 2026-08-18 20:45 watermelon-server-0.1/node_modules/drizzle-orm/mysql-core/query-builders/insert.js
-rw-r--r-- okg4/okg4     15746 2026-08-18 20:45 watermelon-server-0.1/node_modules/drizzle-orm/mysql-core/query-builders/select.types.cjs.map
-rw-r--r-- okg4/okg4      1346 2026-08-18 20:45 watermelon-server-0.1/node_modules/drizzle-orm/mysql-core/query-builders/count.d.cts
-rw-r--r-- okg4/okg4     10295 2026-08-18 20:45 watermelon-server-0.1/node_modules/drizzle-orm/mysql-core/query-builders/update.js.map
-rw-r--r-- okg4/okg4     10340 2026-08-18 20:45 watermelon-server-0.1/node_modules/drizzle-orm/mysql-core/query-builders/update.cjs.map
-rw-r--r-- okg4/okg4      4810 2026-08-18 20:45 watermelon-server-0.1/node_modules/drizzle-orm/mysql-core/query-builders/update.cjs
-rw-r--r-- okg4/okg4      3439 2026-08-18 20:45 watermelon-server-0.1/node_modules/drizzle-orm/mysql-core/query-builders/count.cjs.map
-rw-r--r-- okg4/okg4      1307 2026-08-18 20:45 watermelon-server-0.1/node_modules/drizzle-orm/mysql-core/query-builders/count.js
-rw-r--r-- okg4/okg4     33155 2026-08-18 20:45 watermelon-server-0.1/node_modules/drizzle-orm/mysql-core/query-builders/select.d.cts
-rw-r--r-- okg4/okg4      4699 2026-08-18 20:45 watermelon-server-0.1/node_modules/drizzle-orm/mysql-core/query-builders/delete.d.cts
-rw-r--r-- okg4/okg4     57819 2026-08-18 20:45 watermelon-server-0.1/node_modules/drizzle-orm/mysql-core/query-builders/select.js.map
-rw-r--r-- okg4/okg4        71 2026-08-18 20:45 watermelon-server-0.1/node_modules/drizzle-orm/mysql-core/query-builders/select.types.js.map
-rw-r--r-- okg4/okg4      6999 2026-08-18 20:45 watermelon-server-0.1/node_modules/drizzle-orm/mysql-core/query-builders/query.cjs.map
-rw-r--r-- okg4/okg4       796 2026-08-18 20:45 watermelon-server-0.1/node_modules/drizzle-orm/mysql-core/query-builders/select.types.cjs
-rw-r--r-- okg4/okg4      8365 2026-08-18 20:45 watermelon-server-0.1/node_modules/drizzle-orm/mysql-core/query-builders/insert.d.cts
-rw-r--r-- okg4/okg4      4133 2026-08-18 20:45 watermelon-server-0.1/node_modules/drizzle-orm/mysql-core/query-builders/delete.cjs
-rw-r--r-- okg4/okg4      8655 2026-08-18 20:45 watermelon-server-0.1/node_modules/drizzle-orm/mysql-core/query-builders/delete.cjs.map
-rw-r--r-- okg4/okg4       442 2026-08-18 20:45 watermelon-server-0.1/node_modules/drizzle-orm/mysql-core/query-builders/index.cjs.map
-rw-r--r-- okg4/okg4      1419 2026-08-18 20:45 watermelon-server-0.1/node_modules/drizzle-orm/mysql-core/query-builders/query-builder.d.cts
-rw-r--r-- okg4/okg4      2133 2026-08-18 20:45 watermelon-server-0.1/node_modules/drizzle-orm/mysql-core/query-builders/query-builder.js
-rw-r--r-- okg4/okg4     14447 2026-08-18 20:45 watermelon-server-0.1/node_modules/drizzle-orm/mysql-core/query-builders/select.types.d.ts
-rw-r--r-- okg4/okg4     30638 2026-08-18 20:45 watermelon-server-0.1/node_modules/drizzle-orm/mysql-core/query-builders/select.cjs
-rw-r--r-- okg4/okg4      8632 2026-08-18 20:45 watermelon-server-0.1/node_modules/drizzle-orm/mysql-core/query-builders/delete.js.map
-rw-r--r-- okg4/okg4      4689 2026-08-18 20:45 watermelon-server-0.1/node_modules/drizzle-orm/mysql-core/query-builders/delete.d.ts
-rw-r--r-- okg4/okg4      2173 2026-08-18 20:45 watermelon-server-0.1/node_modules/drizzle-orm/mysql-core/primary-keys.cjs
-rw-r--r-- okg4/okg4       842 2026-08-18 20:45 watermelon-server-0.1/node_modules/drizzle-orm/mysql-core/schema.d.cts
-rw-r--r-- okg4/okg4       476 2026-08-18 20:45 watermelon-server-0.1/node_modules/drizzle-orm/mysql-core/expressions.d.cts
-rw-r--r-- okg4/okg4      2142 2026-08-18 20:45 watermelon-server-0.1/node_modules/drizzle-orm/mysql-core/indexes.d.cts
-rw-r--r-- okg4/okg4      2862 2026-08-18 20:45 watermelon-server-0.1/node_modules/drizzle-orm/mysql-core/index.cjs
-rw-r--r-- okg4/okg4      4358 2026-08-18 20:45 watermelon-server-0.1/node_modules/drizzle-orm/mysql-core/utils.cjs
-rw-r--r-- okg4/okg4      2081 2026-08-18 20:45 watermelon-server-0.1/node_modules/drizzle-orm/mysql-core/foreign-keys.d.ts
-rw-r--r-- okg4/okg4       555 2026-08-18 20:45 watermelon-server-0.1/node_modules/drizzle-orm/mysql-core/index.d.cts
-rw-r--r-- okg4/okg4       624 2026-08-18 20:45 watermelon-server-0.1/node_modules/drizzle-orm/mysql-core/expressions.js
-rw-r--r-- okg4/okg4     10498 2026-08-18 20:45 watermelon-server-0.1/node_modules/drizzle-orm/mysql-core/db.d.ts
-rw-r--r-- okg4/okg4      1665 2026-08-18 20:45 watermelon-server-0.1/node_modules/drizzle-orm/mysql-core/subquery.cjs.map
-rw-r--r-- okg4/okg4      8194 2026-08-18 20:45 watermelon-server-0.1/node_modules/drizzle-orm/mysql-core/db.js
-rw-r--r-- okg4/okg4      1710 2026-08-18 20:45 watermelon-server-0.1/node_modules/drizzle-orm/mysql-core/checks.cjs
drwxr-xr-x okg4/okg4         0 2026-08-18 20:45 watermelon-server-0.1/node_modules/drizzle-orm/mysql-core/columns/
-rw-r--r-- okg4/okg4      2948 2026-08-18 20:45 watermelon-server-0.1/node_modules/drizzle-orm/mysql-core/columns/datetime.d.ts
-rw-r--r-- okg4/okg4      5761 2026-08-18 20:45 watermelon-server-0.1/node_modules/drizzle-orm/mysql-core/columns/custom.d.ts
-rw-r--r-- okg4/okg4       627 2026-08-18 20:45 watermelon-server-0.1/node_modules/drizzle-orm/mysql-core/columns/year.js
-rw-r--r-- okg4/okg4      2036 2026-08-18 20:45 watermelon-server-0.1/node_modules/drizzle-orm/mysql-core/columns/date.common.cjs.map
-rw-r--r-- okg4/okg4      1406 2026-08-18 20:45 watermelon-server-0.1/node_modules/drizzle-orm/mysql-core/columns/smallint.d.cts
-rw-r--r-- okg4/okg4      2263 2026-08-18 20:45 watermelon-server-0.1/node_modules/drizzle-orm/mysql-core/columns/all.cjs.map
-rw-r--r-- okg4/okg4      1098 2026-08-18 20:45 watermelon-server-0.1/node_modules/drizzle-orm/mysql-core/columns/date.common.d.ts
-rw-r--r-- okg4/okg4      5713 2026-08-18 20:45 watermelon-server-0.1/node_modules/drizzle-orm/mysql-core/columns/decimal.cjs
-rw-r--r-- okg4/okg4      2107 2026-08-18 20:45 watermelon-server-0.1/node_modules/drizzle-orm/mysql-core/columns/int.cjs
-rw-r--r-- okg4/okg4      1536 2026-08-18 20:45 watermelon-server-0.1/node_modules/drizzle-orm/mysql-core/columns/double.d.cts
-rw-r--r-- okg4/okg4      1986 2026-08-18 20:45 watermelon-server-0.1/node_modules/drizzle-orm/mysql-core/columns/varchar.d.cts
-rw-r--r-- okg4/okg4       964 2026-08-18 20:45 watermelon-server-0.1/node_modules/drizzle-orm/mysql-core/columns/char.js
-rw-r--r-- okg4/okg4      3311 2026-08-18 20:45 watermelon-server-0.1/node_modules/drizzle-orm/mysql-core/columns/timestamp.cjs
-rw-r--r-- okg4/okg4      3509 2026-08-18 20:45 watermelon-server-0.1/node_modules/drizzle-orm/mysql-core/columns/index.cjs
-rw-r--r-- okg4/okg4       747 2026-08-18 20:45 watermelon-server-0.1/node_modules/drizzle-orm/mysql-core/columns/index.d.cts
-rw-r--r-- okg4/okg4      2323 2026-08-18 20:45 watermelon-server-0.1/node_modules/drizzle-orm/mysql-core/columns/all.js.map
-rw-r--r-- okg4/okg4      1256 2026-08-18 20:45 watermelon-server-0.1/node_modules/drizzle-orm/mysql-core/columns/serial.d.cts
-rw-r--r-- okg4/okg4      1517 2026-08-18 20:45 watermelon-server-0.1/node_modules/drizzle-orm/mysql-core/columns/float.d.cts
-rw-r--r-- okg4/okg4      1981 2026-08-18 20:45 watermelon-server-0.1/node_modules/drizzle-orm/mysql-core/columns/varchar.d.ts
-rw-r--r-- okg4/okg4      1412 2026-08-18 20:45 watermelon-server-0.1/node_modules/drizzle-orm/mysql-core/columns/real.d.cts
-rw-r--r-- okg4/okg4      1273 2026-08-18 20:45 watermelon-server-0.1/node_modules/drizzle-orm/mysql-core/columns/time.d.ts
-rw-r--r-- okg4/okg4      2257 2026-08-18 20:45 watermelon-server-0.1/node_modules/drizzle-orm/mysql-core/columns/mediumint.cjs
-rw-r--r-- okg4/okg4      1002 2026-08-18 20:45 watermelon-server-0.1/node_modules/drizzle-orm/mysql-core/columns/year.d.ts
-rw-r--r-- okg4/okg4      2648 2026-08-18 20:45 watermelon-server-0.1/node_modules/drizzle-orm/mysql-core/columns/enum.d.cts
-rw-r--r-- okg4/okg4      3952 2026-08-18 20:45 watermelon-server-0.1/node_modules/drizzle-orm/mysql-core/columns/varchar.js.map
-rw-r--r-- okg4/okg4      2518 2026-08-18 20:45 watermelon-server-0.1/node_modules/drizzle-orm/mysql-core/columns/date.d.cts
-rw-r--r-- okg4/okg4      2480 2026-08-18 20:45 watermelon-server-0.1/node_modules/drizzle-orm/mysql-core/columns/double.cjs
-rw-r--r-- okg4/okg4      2289 2026-08-18 20:45 watermelon-server-0.1/node_modules/drizzle-orm/mysql-core/columns/common.js
-rw-r--r-- okg4/okg4      2816 2026-08-18 20:45 watermelon-server-0.1/node_modules/drizzle-orm/mysql-core/columns/serial.js.map
-rw-r--r-- okg4/okg4       917 2026-08-18 20:45 watermelon-server-0.1/node_modules/drizzle-orm/mysql-core/columns/serial.js
-rw-r--r-- okg4/okg4      1115 2026-08-18 20:45 watermelon-server-0.1/node_modules/drizzle-orm/mysql-core/columns/smallint.js
-rw-r--r-- okg4/okg4      1252 2026-08-18 20:45 watermelon-server-0.1/node_modules/drizzle-orm/mysql-core/columns/serial.d.ts
-rw-r--r-- okg4/okg4      2440 2026-08-18 20:45 watermelon-server-0.1/node_modules/drizzle-orm/mysql-core/columns/bigint.d.ts
-rw-r--r-- okg4/okg4      6837 2026-08-18 20:45 watermelon-server-0.1/node_modules/drizzle-orm/mysql-core/columns/enum.js.map
-rw-r--r-- okg4/okg4      4958 2026-08-18 20:45 watermelon-server-0.1/node_modules/drizzle-orm/mysql-core/columns/date.js.map
-rw-r--r-- okg4/okg4      2643 2026-08-18 20:45 watermelon-server-0.1/node_modules/drizzle-orm/mysql-core/columns/enum.d.ts
-rw-r--r-- okg4/okg4      1801 2026-08-18 20:45 watermelon-server-0.1/node_modules/drizzle-orm/mysql-core/columns/json.cjs
-rw-r--r-- okg4/okg4      8407 2026-08-18 20:45 watermelon-server-0.1/node_modules/drizzle-orm/mysql-core/columns/custom.js.map
-rw-r--r-- okg4/okg4      2082 2026-08-18 20:45 watermelon-server-0.1/node_modules/drizzle-orm/mysql-core/columns/char.cjs
-rw-r--r-- okg4/okg4      3093 2026-08-18 20:45 watermelon-server-0.1/node_modules/drizzle-orm/mysql-core/columns/int.cjs.map
-rw-r--r-- okg4/okg4       755 2026-08-18 20:45 watermelon-server-0.1/node_modules/drizzle-orm/mysql-core/columns/index.js
-rw-r--r-- okg4/okg4      1348 2026-08-18 20:45 watermelon-server-0.1/node_modules/drizzle-orm/mysql-core/columns/int.d.ts
-rw-r--r-- okg4/okg4      6029 2026-08-18 20:45 watermelon-server-0.1/node_modules/drizzle-orm/mysql-core/columns/timestamp.cjs.map
-rw-r--r-- okg4/okg4      3946 2026-08-18 20:45 watermelon-server-0.1/node_modules/drizzle-orm/mysql-core/columns/char.js.map
-rw-r--r-- okg4/okg4      5503 2026-08-18 20:45 watermelon-server-0.1/node_modules/drizzle-orm/mysql-core/columns/bigint.cjs.map
-rw-r--r-- okg4/okg4       807 2026-08-18 20:45 watermelon-server-0.1/node_modules/drizzle-orm/mysql-core/columns/boolean.js
-rw-r--r-- okg4/okg4      1112 2026-08-18 20:45 watermelon-server-0.1/node_modules/drizzle-orm/mysql-core/columns/index.js.map
-rw-r--r-- okg4/okg4      1020 2026-08-18 20:45 watermelon-server-0.1/node_modules/drizzle-orm/mysql-core/columns/varchar.js
-rw-r--r-- okg4/okg4      1102 2026-08-18 20:45 watermelon-server-0.1/node_modules/drizzle-orm/mysql-core/columns/tinyint.js
-rw-r--r-- okg4/okg4      1049 2026-08-18 20:45 watermelon-server-0.1/node_modules/drizzle-orm/mysql-core/columns/json.d.cts
-rw-r--r-- okg4/okg4      1297 2026-08-18 20:45 watermelon-server-0.1/node_modules/drizzle-orm/mysql-core/columns/varbinary.d.cts
-rw-r--r-- okg4/okg4      1414 2026-08-18 20:45 watermelon-server-0.1/node_modules/drizzle-orm/mysql-core/columns/mediumint.d.ts
-rw-r--r-- okg4/okg4      3060 2026-08-18 20:45 watermelon-server-0.1/node_modules/drizzle-orm/mysql-core/columns/int.js.map
-rw-r--r-- okg4/okg4      2086 2026-08-18 20:45 watermelon-server-0.1/node_modules/drizzle-orm/mysql-core/columns/year.js.map
-rw-r--r-- okg4/okg4      3757 2026-08-18 20:45 watermelon-server-0.1/node_modules/drizzle-orm/mysql-core/columns/float.js.map
-rw-r--r-- okg4/okg4       722 2026-08-18 20:45 watermelon-server-0.1/node_modules/drizzle-orm/mysql-core/columns/index.d.ts
-rw-r--r-- okg4/okg4      1467 2026-08-18 20:45 watermelon-server-0.1/node_modules/drizzle-orm/mysql-core/columns/date.js
-rw-r--r-- okg4/okg4      1128 2026-08-18 20:45 watermelon-server-0.1/node_modules/drizzle-orm/mysql-core/columns/mediumint.js
-rw-r--r-- okg4/okg4      3823 2026-08-18 20:45 watermelon-server-0.1/node_modules/drizzle-orm/mysql-core/columns/double.cjs.map
-rw-r--r-- okg4/okg4      3337 2026-08-18 20:45 watermelon-server-0.1/node_modules/drizzle-orm/mysql-core/columns/text.d.cts
-rw-r--r-- okg4/okg4      2911 2026-08-18 20:45 watermelon-server-0.1/node_modules/drizzle-orm/mysql-core/columns/time.cjs.map
-rw-r--r-- okg4/okg4      3492 2026-08-18 20:45 watermelon-server-0.1/node_modules/drizzle-orm/mysql-core/columns/binary.cjs.map
-rw-r--r-- okg4/okg4       822 2026-08-18 20:45 watermelon-server-0.1/node_modules/drizzle-orm/mysql-core/columns/date.common.js
-rw-r--r-- okg4/okg4      3561 2026-08-18 20:45 watermelon-server-0.1/node_modules/drizzle-orm/mysql-core/columns/enum.cjs
-rw-r--r-- okg4/okg4      3613 2026-08-18 20:45 watermelon-server-0.1/node_modules/drizzle-orm/mysql-core/columns/common.d.cts
-rw-r--r-- okg4/okg4      1408 2026-08-18 20:45 watermelon-server-0.1/node_modules/drizzle-orm/mysql-core/columns/real.d.ts
-rw-r--r-- okg4/okg4      1378 2026-08-18 20:45 watermelon-server-0.1/node_modules/drizzle-orm/mysql-core/columns/double.js
-rw-r--r-- okg4/okg4      3168 2026-08-18 20:45 watermelon-server-0.1/node_modules/drizzle-orm/mysql-core/columns/tinyint.js.map
-rw-r--r-- okg4/okg4      2148 2026-08-18 20:45 watermelon-server-0.1/node_modules/drizzle-orm/mysql-core/columns/char.d.cts
-rw-r--r-- okg4/okg4      1370 2026-08-18 20:45 watermelon-server-0.1/node_modules/drizzle-orm/mysql-core/columns/binary.d.ts
-rw-r--r-- okg4/okg4       889 2026-08-18 20:45 watermelon-server-0.1/node_modules/drizzle-orm/mysql-core/columns/time.js
-rw-r--r-- okg4/okg4      1388 2026-08-18 20:45 watermelon-server-0.1/node_modules/drizzle-orm/mysql-core/columns/tinyint.d.ts
-rw-r--r-- okg4/okg4      3366 2026-08-18 20:45 watermelon-server-0.1/node_modules/drizzle-orm/mysql-core/columns/datetime.cjs
-rw-r--r-- okg4/okg4      2954 2026-08-18 20:45 watermelon-server-0.1/node_modules/drizzle-orm/mysql-core/columns/datetime.d.cts
-rw-r--r-- okg4/okg4     10874 2026-08-18 20:45 watermelon-server-0.1/node_modules/drizzle-orm/mysql-core/columns/decimal.js.map
-rw-r--r-- okg4/okg4      2002 2026-08-18 20:45 watermelon-server-0.1/node_modules/drizzle-orm/mysql-core/columns/date.common.js.map
-rw-r--r-- okg4/okg4      1406 2026-08-18 20:45 watermelon-server-0.1/node_modules/drizzle-orm/mysql-core/columns/all.js
-rw-r--r-- okg4/okg4      1006 2026-08-18 20:45 watermelon-server-0.1/node_modules/drizzle-orm/mysql-core/columns/year.d.cts
-rw-r--r-- okg4/okg4      1532 2026-08-18 20:45 watermelon-server-0.1/node_modules/drizzle-orm/mysql-core/columns/double.d.ts
-rw-r--r-- okg4/okg4      2854 2026-08-18 20:45 watermelon-server-0.1/node_modules/drizzle-orm/mysql-core/columns/serial.cjs.map
-rw-r--r-- okg4/okg4      3332 2026-08-18 20:45 watermelon-server-0.1/node_modules/drizzle-orm/mysql-core/columns/text.d.ts
-rw-r--r-- okg4/okg4      2512 2026-08-18 20:45 watermelon-server-0.1/node_modules/drizzle-orm/mysql-core/columns/date.d.ts
-rw-r--r-- okg4/okg4      3201 2026-08-18 20:45 watermelon-server-0.1/node_modules/drizzle-orm/mysql-core/columns/tinyint.cjs.map
-rw-r--r-- okg4/okg4      8442 2026-08-18 20:45 watermelon-server-0.1/node_modules/drizzle-orm/mysql-core/columns/custom.cjs.map
-rw-r--r-- okg4/okg4      2444 2026-08-18 20:45 watermelon-server-0.1/node_modules/drizzle-orm/mysql-core/columns/bigint.d.cts
-rw-r--r-- okg4/okg4      1836 2026-08-18 20:45 watermelon-server-0.1/node_modules/drizzle-orm/mysql-core/columns/all.d.ts
-rw-r--r-- okg4/okg4      3190 2026-08-18 20:45 watermelon-server-0.1/node_modules/drizzle-orm/mysql-core/columns/smallint.js.map
-rw-r--r-- okg4/okg4      1965 2026-08-18 20:45 watermelon-server-0.1/node_modules/drizzle-orm/mysql-core/columns/timestamp.js
-rw-r--r-- okg4/okg4      3458 2026-08-18 20:45 watermelon-server-0.1/node_modules/drizzle-orm/mysql-core/columns/real.cjs.map
-rw-r--r-- okg4/okg4      3160 2026-08-18 20:45 watermelon-server-0.1/node_modules/drizzle-orm/mysql-core/columns/all.cjs
-rw-r--r-- okg4/okg4      6355 2026-08-18 20:45 watermelon-server-0.1/node_modules/drizzle-orm/mysql-core/columns/datetime.cjs.map
-rw-r--r-- okg4/okg4       691 2026-08-18 20:45 watermelon-server-0.1/node_modules/drizzle-orm/mysql-core/columns/json.js
-rw-r--r-- okg4/okg4      4270 2026-08-18 20:45 watermelon-server-0.1/node_modules/drizzle-orm/mysql-core/columns/decimal.js
-rw-r--r-- okg4/okg4      1513 2026-08-18 20:45 watermelon-server-0.1/node_modules/drizzle-orm/mysql-core/columns/float.d.ts
-rw-r--r-- okg4/okg4      2239 2026-08-18 20:45 watermelon-server-0.1/node_modules/drizzle-orm/mysql-core/columns/enum.js
-rw-r--r-- okg4/okg4      3568 2026-08-18 20:45 watermelon-server-0.1/node_modules/drizzle-orm/mysql-core/columns/varbinary.cjs.map
-rw-r--r-- okg4/okg4      1363 2026-08-18 20:45 watermelon-server-0.1/node_modules/drizzle-orm/mysql-core/columns/float.js
-rw-r--r-- okg4/okg4      2127 2026-08-18 20:45 watermelon-server-0.1/node_modules/drizzle-orm/mysql-core/columns/year.cjs.map
-rw-r--r-- okg4/okg4      7218 2026-08-18 20:45 watermelon-server-0.1/node_modules/drizzle-orm/mysql-core/columns/common.js.map
-rw-r--r-- okg4/okg4      3604 2026-08-18 20:45 watermelon-server-0.1/node_modules/drizzle-orm/mysql-core/columns/common.d.ts
-rw-r--r-- okg4/okg4      3214 2026-08-18 20:45 watermelon-server-0.1/node_modules/drizzle-orm/mysql-core/columns/mediumint.js.map
-rw-r--r-- okg4/okg4      5768 2026-08-18 20:45 watermelon-server-0.1/node_modules/drizzle-orm/mysql-core/columns/custom.d.cts
-rw-r--r-- okg4/okg4      5006 2026-08-18 20:45 watermelon-server-0.1/node_modules/drizzle-orm/mysql-core/columns/date.cjs.map
-rw-r--r-- okg4/okg4      1032 2026-08-18 20:45 watermelon-server-0.1/node_modules/drizzle-orm/mysql-core/columns/int.js
-rw-r--r-- okg4/okg4      3223 2026-08-18 20:45 watermelon-server-0.1/node_modules/drizzle-orm/mysql-core/columns/smallint.cjs.map
-rw-r--r-- okg4/okg4      1860 2026-08-18 20:45 watermelon-server-0.1/node_modules/drizzle-orm/mysql-core/columns/all.d.cts
-rw-r--r-- okg4/okg4      6048 2026-08-18 20:45 watermelon-server-0.1/node_modules/drizzle-orm/mysql-core/columns/text.cjs.map
-rw-r--r-- okg4/okg4      2235 2026-08-18 20:45 watermelon-server-0.1/node_modules/drizzle-orm/mysql-core/columns/smallint.cjs
-rw-r--r-- okg4/okg4      1527 2026-08-18 20:45 watermelon-server-0.1/node_modules/drizzle-orm/mysql-core/columns/custom.js
-rw-r--r-- okg4/okg4      1293 2026-08-18 20:45 watermelon-server-0.1/node_modules/drizzle-orm/mysql-core/columns/varbinary.d.ts
-rw-r--r-- okg4/okg4      1163 2026-08-18 20:45 watermelon-server-0.1/node_modules/drizzle-orm/mysql-core/columns/binary.js
-rw-r--r-- okg4/okg4      7261 2026-08-18 20:45 watermelon-server-0.1/node_modules/drizzle-orm/mysql-core/columns/common.cjs.map
-rw-r--r-- okg4/okg4      4143 2026-08-18 20:45 watermelon-server-0.1/node_modules/drizzle-orm/mysql-core/columns/decimal.d.cts
-rw-r--r-- okg4/okg4      2232 2026-08-18 20:45 watermelon-server-0.1/node_modules/drizzle-orm/mysql-core/columns/json.js.map
-rw-r--r-- okg4/okg4      1374 2026-08-18 20:45 watermelon-server-0.1/node_modules/drizzle-orm/mysql-core/columns/binary.d.cts
-rw-r--r-- okg4/okg4      1393 2026-08-18 20:45 watermelon-server-0.1/node_modules/drizzle-orm/mysql-core/columns/tinyint.d.cts
-rw-r--r-- okg4/okg4      5458 2026-08-18 20:45 watermelon-server-0.1/node_modules/drizzle-orm/mysql-core/columns/bigint.js.map
-rw-r--r-- okg4/okg4      2007 2026-08-18 20:45 watermelon-server-0.1/node_modules/drizzle-orm/mysql-core/columns/time.cjs
-rw-r--r-- okg4/okg4      1401 2026-08-18 20:45 watermelon-server-0.1/node_modules/drizzle-orm/mysql-core/columns/smallint.d.ts
-rw-r--r-- okg4/okg4      2011 2026-08-18 20:45 watermelon-server-0.1/node_modules/drizzle-orm/mysql-core/columns/serial.cjs
-rw-r--r-- okg4/okg4      2042 2026-08-18 20:45 watermelon-server-0.1/node_modules/drizzle-orm/mysql-core/columns/datetime.js
-rw-r--r-- okg4/okg4      2143 2026-08-18 20:45 watermelon-server-0.1/node_modules/drizzle-orm/mysql-core/columns/char.d.ts
-rw-r--r-- okg4/okg4      3790 2026-08-18 20:45 watermelon-server-0.1/node_modules/drizzle-orm/mysql-core/columns/double.js.map
-rw-r--r-- okg4/okg4      3247 2026-08-18 20:45 watermelon-server-0.1/node_modules/drizzle-orm/mysql-core/columns/mediumint.cjs.map
-rw-r--r-- okg4/okg4      2784 2026-08-18 20:45 watermelon-server-0.1/node_modules/drizzle-orm/mysql-core/columns/timestamp.d.cts
-rw-r--r-- okg4/okg4      2875 2026-08-18 20:45 watermelon-server-0.1/node_modules/drizzle-orm/mysql-core/columns/time.js.map
-rw-r--r-- okg4/okg4      1417 2026-08-18 20:45 watermelon-server-0.1/node_modules/drizzle-orm/mysql-core/columns/text.js
-rw-r--r-- okg4/okg4      5997 2026-08-18 20:45 watermelon-server-0.1/node_modules/drizzle-orm/mysql-core/columns/text.js.map
-rw-r--r-- okg4/okg4      1419 2026-08-18 20:45 watermelon-server-0.1/node_modules/drizzle-orm/mysql-core/columns/mediumint.d.cts
-rw-r--r-- okg4/okg4      6307 2026-08-18 20:45 watermelon-server-0.1/node_modules/drizzle-orm/mysql-core/columns/datetime.js.map
-rw-r--r-- okg4/okg4      2779 2026-08-18 20:45 watermelon-server-0.1/node_modules/drizzle-orm/mysql-core/columns/timestamp.d.ts
-rw-r--r-- okg4/okg4      2739 2026-08-18 20:45 watermelon-server-0.1/node_modules/drizzle-orm/mysql-core/columns/date.cjs
-rw-r--r-- okg4/okg4     10930 2026-08-18 20:45 watermelon-server-0.1/node_modules/drizzle-orm/mysql-core/columns/decimal.cjs.map
-rw-r--r-- okg4/okg4      2165 2026-08-18 20:45 watermelon-server-0.1/node_modules/drizzle-orm/mysql-core/columns/varchar.cjs
-rw-r--r-- okg4/okg4      2213 2026-08-18 20:45 watermelon-server-0.1/node_modules/drizzle-orm/mysql-core/columns/tinyint.cjs
-rw-r--r-- okg4/okg4      3425 2026-08-18 20:45 watermelon-server-0.1/node_modules/drizzle-orm/mysql-core/columns/real.js.map
-rw-r--r-- okg4/okg4      2677 2026-08-18 20:45 watermelon-server-0.1/node_modules/drizzle-orm/mysql-core/columns/text.cjs
-rw-r--r-- okg4/okg4      2299 2026-08-18 20:45 watermelon-server-0.1/node_modules/drizzle-orm/mysql-core/columns/binary.cjs
-rw-r--r-- okg4/okg4      4138 2026-08-18 20:45 watermelon-server-0.1/node_modules/drizzle-orm/mysql-core/columns/decimal.d.ts
-rw-r--r-- okg4/okg4      2695 2026-08-18 20:45 watermelon-server-0.1/node_modules/drizzle-orm/mysql-core/columns/custom.cjs
-rw-r--r-- okg4/okg4      1914 2026-08-18 20:45 watermelon-server-0.1/node_modules/drizzle-orm/mysql-core/columns/bigint.js
-rw-r--r-- okg4/okg4      3532 2026-08-18 20:45 watermelon-server-0.1/node_modules/drizzle-orm/mysql-core/columns/varbinary.js.map
-rw-r--r-- okg4/okg4      1277 2026-08-18 20:45 watermelon-server-0.1/node_modules/drizzle-orm/mysql-core/columns/time.d.cts
-rw-r--r-- okg4/okg4      2452 2026-08-18 20:45 watermelon-server-0.1/node_modules/drizzle-orm/mysql-core/columns/boolean.js.map
-rw-r--r-- okg4/okg4      2493 2026-08-18 20:45 watermelon-server-0.1/node_modules/drizzle-orm/mysql-core/columns/boolean.cjs.map
-rw-r--r-- okg4/okg4      1111 2026-08-18 20:45 watermelon-server-0.1/node_modules/drizzle-orm/mysql-core/columns/boolean.d.cts
-rw-r--r-- okg4/okg4      1330 2026-08-18 20:45 watermelon-server-0.1/node_modules/drizzle-orm/mysql-core/columns/index.cjs.map
-rw-r--r-- okg4/okg4      3988 2026-08-18 20:45 watermelon-server-0.1/node_modules/drizzle-orm/mysql-core/columns/varchar.cjs.map
-rw-r--r-- okg4/okg4      5985 2026-08-18 20:45 watermelon-server-0.1/node_modules/drizzle-orm/mysql-core/columns/timestamp.js.map
-rw-r--r-- okg4/okg4      1107 2026-08-18 20:45 watermelon-server-0.1/node_modules/drizzle-orm/mysql-core/columns/boolean.d.ts
-rw-r--r-- okg4/okg4      6891 2026-08-18 20:45 watermelon-server-0.1/node_modules/drizzle-orm/mysql-core/columns/enum.cjs.map
-rw-r--r-- okg4/okg4      3170 2026-08-18 20:45 watermelon-server-0.1/node_modules/drizzle-orm/mysql-core/columns/bigint.cjs
-rw-r--r-- okg4/okg4      1944 2026-08-18 20:45 watermelon-server-0.1/node_modules/drizzle-orm/mysql-core/columns/boolean.cjs
-rw-r--r-- okg4/okg4      1045 2026-08-18 20:45 watermelon-server-0.1/node_modules/drizzle-orm/mysql-core/columns/json.d.ts
-rw-r--r-- okg4/okg4      1991 2026-08-18 20:45 watermelon-server-0.1/node_modules/drizzle-orm/mysql-core/columns/date.common.cjs
-rw-r--r-- okg4/okg4      1352 2026-08-18 20:45 watermelon-server-0.1/node_modules/drizzle-orm/mysql-core/columns/int.d.cts
-rw-r--r-- okg4/okg4      2456 2026-08-18 20:45 watermelon-server-0.1/node_modules/drizzle-orm/mysql-core/columns/float.cjs
-rw-r--r-- okg4/okg4      2273 2026-08-18 20:45 watermelon-server-0.1/node_modules/drizzle-orm/mysql-core/columns/json.cjs.map
-rw-r--r-- okg4/okg4      3790 2026-08-18 20:45 watermelon-server-0.1/node_modules/drizzle-orm/mysql-core/columns/float.cjs.map
-rw-r--r-- okg4/okg4      3456 2026-08-18 20:45 watermelon-server-0.1/node_modules/drizzle-orm/mysql-core/columns/binary.js.map
-rw-r--r-- okg4/okg4      1238 2026-08-18 20:45 watermelon-server-0.1/node_modules/drizzle-orm/mysql-core/columns/varbinary.js
-rw-r--r-- okg4/okg4      3982 2026-08-18 20:45 watermelon-server-0.1/node_modules/drizzle-orm/mysql-core/columns/char.cjs.map
-rw-r--r-- okg4/okg4      2282 2026-08-18 20:45 watermelon-server-0.1/node_modules/drizzle-orm/mysql-core/columns/real.cjs
-rw-r--r-- okg4/okg4      3675 2026-08-18 20:45 watermelon-server-0.1/node_modules/drizzle-orm/mysql-core/columns/common.cjs
-rw-r--r-- okg4/okg4      1198 2026-08-18 20:45 watermelon-server-0.1/node_modules/drizzle-orm/mysql-core/columns/real.js
-rw-r--r-- okg4/okg4      2401 2026-08-18 20:45 watermelon-server-0.1/node_modules/drizzle-orm/mysql-core/columns/varbinary.cjs
-rw-r--r-- okg4/okg4      1102 2026-08-18 20:45 watermelon-server-0.1/node_modules/drizzle-orm/mysql-core/columns/date.common.d.cts
-rw-r--r-- okg4/okg4      1737 2026-08-18 20:45 watermelon-server-0.1/node_modules/drizzle-orm/mysql-core/columns/year.cjs
-rw-r--r-- okg4/okg4      2688 2026-08-18 20:45 watermelon-server-0.1/node_modules/drizzle-orm/mysql-core/primary-keys.cjs.map
-rw-r--r-- okg4/okg4      2699 2026-08-18 20:45 watermelon-server-0.1/node_modules/drizzle-orm/mysql-core/utils.js
-rw-r--r-- okg4/okg4      1472 2026-08-18 20:45 watermelon-server-0.1/node_modules/drizzle-orm/mysql-core/subquery.d.ts
-rw-r--r-- okg4/okg4       571 2026-08-18 20:45 watermelon-server-0.1/node_modules/drizzle-orm/mysql-core/index.js
-rw-r--r-- okg4/okg4       132 2026-08-18 20:45 watermelon-server-0.1/node_modules/drizzle-orm/mysql-core/view-common.js
-rw-r--r-- okg4/okg4      2650 2026-08-18 20:45 watermelon-server-0.1/node_modules/drizzle-orm/mysql-core/unique-constraint.cjs
-rw-r--r-- okg4/okg4      2138 2026-08-18 20:45 watermelon-server-0.1/node_modules/drizzle-orm/mysql-core/indexes.d.ts
-rw-r--r-- okg4/okg4       729 2026-08-18 20:45 watermelon-server-0.1/node_modules/drizzle-orm/mysql-core/alias.cjs.map
-rw-r--r-- okg4/okg4       332 2026-08-18 20:45 watermelon-server-0.1/node_modules/drizzle-orm/mysql-core/alias.d.ts
-rw-r--r-- okg4/okg4       829 2026-08-18 20:45 watermelon-server-0.1/node_modules/drizzle-orm/mysql-core/index.js.map
-rw-r--r-- okg4/okg4     64490 2026-08-18 20:45 watermelon-server-0.1/node_modules/drizzle-orm/mysql-core/dialect.cjs.map
-rw-r--r-- okg4/okg4      3530 2026-08-18 20:45 watermelon-server-0.1/node_modules/drizzle-orm/mysql-core/view.d.cts
-rw-r--r-- okg4/okg4       335 2026-08-18 20:45 watermelon-server-0.1/node_modules/drizzle-orm/mysql-core/alias.d.cts
-rw-r--r-- okg4/okg4       538 2026-08-18 20:45 watermelon-server-0.1/node_modules/drizzle-orm/mysql-core/index.d.ts
-rw-r--r-- okg4/okg4       756 2026-08-18 20:45 watermelon-server-0.1/node_modules/drizzle-orm/mysql-core/view-base.js.map
-rw-r--r-- okg4/okg4      1836 2026-08-18 20:45 watermelon-server-0.1/node_modules/drizzle-orm/mysql-core/foreign-keys.js
-rw-r--r-- okg4/okg4      2642 2026-08-18 20:45 watermelon-server-0.1/node_modules/drizzle-orm/mysql-core/primary-keys.js.map
-rw-r--r-- okg4/okg4     38535 2026-08-18 20:45 watermelon-server-0.1/node_modules/drizzle-orm/mysql-core/dialect.cjs
-rw-r--r-- okg4/okg4       793 2026-08-18 20:45 watermelon-server-0.1/node_modules/drizzle-orm/mysql-core/view-base.cjs.map
-rw-r--r-- okg4/okg4     33508 2026-08-18 20:45 watermelon-server-0.1/node_modules/drizzle-orm/mysql-core/dialect.js
-rw-r--r-- okg4/okg4      1018 2026-08-18 20:45 watermelon-server-0.1/node_modules/drizzle-orm/mysql-core/primary-keys.js
-rw-r--r-- okg4/okg4      1018 2026-08-18 20:45 watermelon-server-0.1/node_modules/drizzle-orm/mysql-core/unique-constraint.d.cts
-rw-r--r-- okg4/okg4        53 2026-08-18 20:45 watermelon-server-0.1/node_modules/drizzle-orm/mysql-core/view-common.d.cts
-rw-r--r-- okg4/okg4      1388 2026-08-18 20:45 watermelon-server-0.1/node_modules/drizzle-orm/mysql-core/checks.cjs.map
-rw-r--r-- okg4/okg4      1015 2026-08-18 20:45 watermelon-server-0.1/node_modules/drizzle-orm/mysql-core/unique-constraint.d.ts
-rw-r--r-- okg4/okg4      1700 2026-08-18 20:45 watermelon-server-0.1/node_modules/drizzle-orm/mysql-core/schema.js.map
-rw-r--r-- okg4/okg4       613 2026-08-18 20:45 watermelon-server-0.1/node_modules/drizzle-orm/mysql-core/checks.d.ts
-rw-r--r-- okg4/okg4      8627 2026-08-18 20:45 watermelon-server-0.1/node_modules/drizzle-orm/mysql-core/table.js.map
-rw-r--r-- okg4/okg4       839 2026-08-18 20:45 watermelon-server-0.1/node_modules/drizzle-orm/mysql-core/schema.d.ts
-rw-r--r-- okg4/okg4        71 2026-08-18 20:45 watermelon-server-0.1/node_modules/drizzle-orm/mysql-core/subquery.js.map
-rw-r--r-- okg4/okg4      1495 2026-08-18 20:45 watermelon-server-0.1/node_modules/drizzle-orm/mysql-core/expressions.cjs.map
-rw-r--r-- okg4/okg4       258 2026-08-18 20:45 watermelon-server-0.1/node_modules/drizzle-orm/mysql-core/view-common.cjs.map
-rw-r--r-- okg4/okg4      2717 2026-08-18 20:45 watermelon-server-0.1/node_modules/drizzle-orm/mysql-core/unique-constraint.cjs.map
-rw-r--r-- okg4/okg4      1128 2026-08-18 20:45 watermelon-server-0.1/node_modules/drizzle-orm/mysql-core/primary-keys.d.ts
-rw-r--r-- okg4/okg4      3891 2026-08-18 20:45 watermelon-server-0.1/node_modules/drizzle-orm/mysql-core/dialect.d.ts
-rw-r--r-- okg4/okg4      5365 2026-08-18 20:45 watermelon-server-0.1/node_modules/drizzle-orm/mysql-core/utils.cjs.map
-rw-r--r-- okg4/okg4      1131 2026-08-18 20:45 watermelon-server-0.1/node_modules/drizzle-orm/mysql-core/primary-keys.d.cts
-rw-r--r-- okg4/okg4     22855 2026-08-18 20:45 watermelon-server-0.1/node_modules/drizzle-orm/mysql-core/db.cjs.map
-rw-r--r-- okg4/okg4      1877 2026-08-18 20:45 watermelon-server-0.1/node_modules/drizzle-orm/mysql-core/table.js
-rw-r--r-- okg4/okg4      3309 2026-08-18 20:45 watermelon-server-0.1/node_modules/drizzle-orm/mysql-core/view.js
-rw-r--r-- okg4/okg4      3169 2026-08-18 20:45 watermelon-server-0.1/node_modules/drizzle-orm/mysql-core/table.cjs
-rw-r--r-- okg4/okg4      1440 2026-08-18 20:45 watermelon-server-0.1/node_modules/drizzle-orm/mysql-core/expressions.js.map
-rw-r--r-- okg4/okg4      3810 2026-08-18 20:45 watermelon-server-0.1/node_modules/drizzle-orm/mysql-core/indexes.js.map
-rw-r--r-- okg4/okg4       520 2026-08-18 20:45 watermelon-server-0.1/node_modules/drizzle-orm/mysql-core/view-base.d.ts
-rw-r--r-- okg4/okg4      4770 2026-08-18 20:45 watermelon-server-0.1/node_modules/drizzle-orm/mysql-core/view.cjs
-rw-r--r-- okg4/okg4      1948 2026-08-18 20:45 watermelon-server-0.1/node_modules/drizzle-orm/mysql-core/schema.cjs
-rw-r--r-- okg4/okg4       772 2026-08-18 20:45 watermelon-server-0.1/node_modules/drizzle-orm/mysql-core/schema.js
-rw-r--r-- okg4/okg4       224 2026-08-18 20:45 watermelon-server-0.1/node_modules/drizzle-orm/mysql-core/view-base.js
-rw-r--r-- okg4/okg4      1477 2026-08-18 20:45 watermelon-server-0.1/node_modules/drizzle-orm/mysql-core/subquery.d.cts
-rw-r--r-- okg4/okg4      3023 2026-08-18 20:45 watermelon-server-0.1/node_modules/drizzle-orm/mysql-core/foreign-keys.cjs
-rw-r--r-- okg4/okg4     10513 2026-08-18 20:45 watermelon-server-0.1/node_modules/drizzle-orm/mysql-core/db.d.cts
-rw-r--r-- okg4/okg4      4278 2026-08-18 20:45 watermelon-server-0.1/node_modules/drizzle-orm/mysql-core/session.js
-rw-r--r-- okg4/okg4      1214 2026-08-18 20:45 watermelon-server-0.1/node_modules/drizzle-orm/mysql-core/alias.cjs
-rw-r--r-- okg4/okg4      4790 2026-08-18 20:45 watermelon-server-0.1/node_modules/drizzle-orm/mysql-core/session.d.ts
-rw-r--r-- okg4/okg4      4799 2026-08-18 20:45 watermelon-server-0.1/node_modules/drizzle-orm/mysql-core/session.d.cts
-rw-r--r-- okg4/okg4      4970 2026-08-18 20:45 watermelon-server-0.1/node_modules/drizzle-orm/mysql-core/table.d.cts
-rw-r--r-- okg4/okg4      1734 2026-08-18 20:45 watermelon-server-0.1/node_modules/drizzle-orm/mysql-core/utils.d.ts
-rw-r--r-- okg4/okg4      2660 2026-08-18 20:45 watermelon-server-0.1/node_modules/drizzle-orm/mysql-core/unique-constraint.js.map
-rw-r--r-- okg4/okg4       691 2026-08-18 20:45 watermelon-server-0.1/node_modules/drizzle-orm/mysql-core/alias.js.map
-rw-r--r-- okg4/okg4      1286 2026-08-18 20:45 watermelon-server-0.1/node_modules/drizzle-orm/mysql-core/view-base.cjs
-rw-r--r-- okg4/okg4       523 2026-08-18 20:45 watermelon-server-0.1/node_modules/drizzle-orm/mysql-core/view-base.d.cts
-rw-r--r-- okg4/okg4      2063 2026-08-18 20:45 watermelon-server-0.1/node_modules/drizzle-orm/mysql-core/expressions.cjs
-rw-r--r-- okg4/okg4      1338 2026-08-18 20:45 watermelon-server-0.1/node_modules/drizzle-orm/mysql-core/checks.js.map
-rw-r--r-- okg4/okg4      2084 2026-08-18 20:45 watermelon-server-0.1/node_modules/drizzle-orm/mysql-core/foreign-keys.d.cts
-rw-r--r-- okg4/okg4      5289 2026-08-18 20:45 watermelon-server-0.1/node_modules/drizzle-orm/mysql-core/utils.js.map
-rw-r--r-- okg4/okg4     64409 2026-08-18 20:45 watermelon-server-0.1/node_modules/drizzle-orm/mysql-core/dialect.js.map
-rw-r--r-- okg4/okg4       975 2026-08-18 20:45 watermelon-server-0.1/node_modules/drizzle-orm/mysql-core/index.cjs.map
-rw-r--r-- okg4/okg4      3871 2026-08-18 20:45 watermelon-server-0.1/node_modules/drizzle-orm/mysql-core/indexes.cjs.map
-rw-r--r-- okg4/okg4      8939 2026-08-18 20:45 watermelon-server-0.1/node_modules/drizzle-orm/mysql-core/view.cjs.map
-rw-r--r-- okg4/okg4      4960 2026-08-18 20:45 watermelon-server-0.1/node_modules/drizzle-orm/mysql-core/table.d.ts
-rw-r--r-- okg4/okg4     12130 2026-08-18 20:45 watermelon-server-0.1/node_modules/drizzle-orm/mysql-core/session.cjs.map
-rw-r--r-- okg4/okg4      8683 2026-08-18 20:45 watermelon-server-0.1/node_modules/drizzle-orm/mysql-core/table.cjs.map
-rw-r--r-- okg4/okg4      4989 2026-08-18 20:45 watermelon-server-0.1/node_modules/drizzle-orm/mysql-core/foreign-keys.js.map
-rw-r--r-- okg4/okg4      3521 2026-08-18 20:45 watermelon-server-0.1/node_modules/drizzle-orm/mysql-core/view.d.ts
-rw-r--r-- okg4/okg4      1170 2026-08-18 20:45 watermelon-server-0.1/node_modules/drizzle-orm/mysql-core/view-common.cjs
-rw-r--r-- okg4/okg4       784 2026-08-18 20:45 watermelon-server-0.1/node_modules/drizzle-orm/mysql-core/subquery.cjs
-rw-r--r-- okg4/okg4      1740 2026-08-18 20:45 watermelon-server-0.1/node_modules/drizzle-orm/mysql-core/schema.cjs.map
-rw-r--r-- okg4/okg4       211 2026-08-18 20:45 watermelon-server-0.1/node_modules/drizzle-orm/mysql-core/alias.js
-rw-r--r-- okg4/okg4     12109 2026-08-18 20:45 watermelon-server-0.1/node_modules/drizzle-orm/mysql-core/session.js.map
-rw-r--r-- okg4/okg4       215 2026-08-18 20:45 watermelon-server-0.1/node_modules/drizzle-orm/mysql-core/view-common.js.map
-rw-r--r-- okg4/okg4      9468 2026-08-18 20:45 watermelon-server-0.1/node_modules/drizzle-orm/mysql-core/db.cjs
-rw-r--r-- okg4/okg4        36 2026-08-18 20:45 watermelon-server-0.1/node_modules/drizzle-orm/mysql-core/subquery.js
-rw-r--r-- okg4/okg4      1181 2026-08-18 20:45 watermelon-server-0.1/node_modules/drizzle-orm/mysql-core/indexes.js
-rw-r--r-- okg4/okg4      3904 2026-08-18 20:45 watermelon-server-0.1/node_modules/drizzle-orm/mysql-core/dialect.d.cts
-rw-r--r-- okg4/okg4       473 2026-08-18 20:45 watermelon-server-0.1/node_modules/drizzle-orm/mysql-core/expressions.d.ts
drwxr-xr-x okg4/okg4         0 2026-08-18 20:45 watermelon-server-0.1/node_modules/drizzle-orm/prisma/
drwxr-xr-x okg4/okg4         0 2026-08-18 20:45 watermelon-server-0.1/node_modules/drizzle-orm/prisma/sqlite/
-rw-r--r-- okg4/okg4      1685 2026-08-18 20:45 watermelon-server-0.1/node_modules/drizzle-orm/prisma/sqlite/driver.cjs.map
-rw-r--r-- okg4/okg4      2816 2026-08-18 20:45 watermelon-server-0.1/node_modules/drizzle-orm/prisma/sqlite/session.cjs
-rw-r--r-- okg4/okg4      1213 2026-08-18 20:45 watermelon-server-0.1/node_modules/drizzle-orm/prisma/sqlite/index.cjs
-rw-r--r-- okg4/okg4        61 2026-08-18 20:45 watermelon-server-0.1/node_modules/drizzle-orm/prisma/sqlite/index.d.cts
-rw-r--r-- okg4/okg4       550 2026-08-18 20:45 watermelon-server-0.1/node_modules/drizzle-orm/prisma/sqlite/driver.d.cts
-rw-r--r-- okg4/okg4       548 2026-08-18 20:45 watermelon-server-0.1/node_modules/drizzle-orm/prisma/sqlite/driver.d.ts
-rw-r--r-- okg4/okg4        92 2026-08-18 20:45 watermelon-server-0.1/node_modules/drizzle-orm/prisma/sqlite/index.js
-rw-r--r-- okg4/okg4       191 2026-08-18 20:45 watermelon-server-0.1/node_modules/drizzle-orm/prisma/sqlite/index.js.map
-rw-r--r-- okg4/okg4        59 2026-08-18 20:45 watermelon-server-0.1/node_modules/drizzle-orm/prisma/sqlite/index.d.ts
-rw-r--r-- okg4/okg4       799 2026-08-18 20:45 watermelon-server-0.1/node_modules/drizzle-orm/prisma/sqlite/driver.js
-rw-r--r-- okg4/okg4      1665 2026-08-18 20:45 watermelon-server-0.1/node_modules/drizzle-orm/prisma/sqlite/driver.js.map
-rw-r--r-- okg4/okg4      1640 2026-08-18 20:45 watermelon-server-0.1/node_modules/drizzle-orm/prisma/sqlite/session.js
-rw-r--r-- okg4/okg4      2172 2026-08-18 20:45 watermelon-server-0.1/node_modules/drizzle-orm/prisma/sqlite/session.d.ts
-rw-r--r-- okg4/okg4      2177 2026-08-18 20:45 watermelon-server-0.1/node_modules/drizzle-orm/prisma/sqlite/session.d.cts
-rw-r--r-- okg4/okg4       230 2026-08-18 20:45 watermelon-server-0.1/node_modules/drizzle-orm/prisma/sqlite/index.cjs.map
-rw-r--r-- okg4/okg4      4283 2026-08-18 20:45 watermelon-server-0.1/node_modules/drizzle-orm/prisma/sqlite/session.cjs.map
-rw-r--r-- okg4/okg4      4259 2026-08-18 20:45 watermelon-server-0.1/node_modules/drizzle-orm/prisma/sqlite/session.js.map
-rw-r--r-- okg4/okg4      1868 2026-08-18 20:45 watermelon-server-0.1/node_modules/drizzle-orm/prisma/sqlite/driver.cjs
drwxr-xr-x okg4/okg4         0 2026-08-18 20:45 watermelon-server-0.1/node_modules/drizzle-orm/prisma/pg/
-rw-r--r-- okg4/okg4      2058 2026-08-18 20:45 watermelon-server-0.1/node_modules/drizzle-orm/prisma/pg/driver.cjs.map
-rw-r--r-- okg4/okg4      2603 2026-08-18 20:45 watermelon-server-0.1/node_modules/drizzle-orm/prisma/pg/session.cjs
-rw-r--r-- okg4/okg4      1197 2026-08-18 20:45 watermelon-server-0.1/node_modules/drizzle-orm/prisma/pg/index.cjs
-rw-r--r-- okg4/okg4        61 2026-08-18 20:45 watermelon-server-0.1/node_modules/drizzle-orm/prisma/pg/index.d.cts
-rw-r--r-- okg4/okg4       893 2026-08-18 20:45 watermelon-server-0.1/node_modules/drizzle-orm/prisma/pg/driver.d.cts
-rw-r--r-- okg4/okg4       888 2026-08-18 20:45 watermelon-server-0.1/node_modules/drizzle-orm/prisma/pg/driver.d.ts
-rw-r--r-- okg4/okg4        92 2026-08-18 20:45 watermelon-server-0.1/node_modules/drizzle-orm/prisma/pg/index.js
-rw-r--r-- okg4/okg4       187 2026-08-18 20:45 watermelon-server-0.1/node_modules/drizzle-orm/prisma/pg/index.js.map
-rw-r--r-- okg4/okg4        59 2026-08-18 20:45 watermelon-server-0.1/node_modules/drizzle-orm/prisma/pg/index.d.ts
-rw-r--r-- okg4/okg4       942 2026-08-18 20:45 watermelon-server-0.1/node_modules/drizzle-orm/prisma/pg/driver.js
-rw-r--r-- okg4/okg4      2033 2026-08-18 20:45 watermelon-server-0.1/node_modules/drizzle-orm/prisma/pg/driver.js.map
-rw-r--r-- okg4/okg4      1447 2026-08-18 20:45 watermelon-server-0.1/node_modules/drizzle-orm/prisma/pg/session.js
-rw-r--r-- okg4/okg4      1581 2026-08-18 20:45 watermelon-server-0.1/node_modules/drizzle-orm/prisma/pg/session.d.ts
-rw-r--r-- okg4/okg4      1586 2026-08-18 20:45 watermelon-server-0.1/node_modules/drizzle-orm/prisma/pg/session.d.cts
-rw-r--r-- okg4/okg4       226 2026-08-18 20:45 watermelon-server-0.1/node_modules/drizzle-orm/prisma/pg/index.cjs.map
-rw-r--r-- okg4/okg4      3492 2026-08-18 20:45 watermelon-server-0.1/node_modules/drizzle-orm/prisma/pg/session.cjs.map
-rw-r--r-- okg4/okg4      3468 2026-08-18 20:45 watermelon-server-0.1/node_modules/drizzle-orm/prisma/pg/session.js.map
-rw-r--r-- okg4/okg4      2081 2026-08-18 20:45 watermelon-server-0.1/node_modules/drizzle-orm/prisma/pg/driver.cjs
drwxr-xr-x okg4/okg4         0 2026-08-18 20:45 watermelon-server-0.1/node_modules/drizzle-orm/prisma/mysql/
-rw-r--r-- okg4/okg4      2178 2026-08-18 20:45 watermelon-server-0.1/node_modules/drizzle-orm/prisma/mysql/driver.cjs.map
-rw-r--r-- okg4/okg4      2712 2026-08-18 20:45 watermelon-server-0.1/node_modules/drizzle-orm/prisma/mysql/session.cjs
-rw-r--r-- okg4/okg4      1209 2026-08-18 20:45 watermelon-server-0.1/node_modules/drizzle-orm/prisma/mysql/index.cjs
-rw-r--r-- okg4/okg4        61 2026-08-18 20:45 watermelon-server-0.1/node_modules/drizzle-orm/prisma/mysql/index.d.cts
-rw-r--r-- okg4/okg4       978 2026-08-18 20:45 watermelon-server-0.1/node_modules/drizzle-orm/prisma/mysql/driver.d.cts
-rw-r--r-- okg4/okg4       973 2026-08-18 20:45 watermelon-server-0.1/node_modules/drizzle-orm/prisma/mysql/driver.d.ts
-rw-r--r-- okg4/okg4        92 2026-08-18 20:45 watermelon-server-0.1/node_modules/drizzle-orm/prisma/mysql/index.js
-rw-r--r-- okg4/okg4       190 2026-08-18 20:45 watermelon-server-0.1/node_modules/drizzle-orm/prisma/mysql/index.js.map
-rw-r--r-- okg4/okg4        59 2026-08-18 20:45 watermelon-server-0.1/node_modules/drizzle-orm/prisma/mysql/index.d.ts
-rw-r--r-- okg4/okg4       986 2026-08-18 20:45 watermelon-server-0.1/node_modules/drizzle-orm/prisma/mysql/driver.js
-rw-r--r-- okg4/okg4      2153 2026-08-18 20:45 watermelon-server-0.1/node_modules/drizzle-orm/prisma/mysql/driver.js.map
-rw-r--r-- okg4/okg4      1541 2026-08-18 20:45 watermelon-server-0.1/node_modules/drizzle-orm/prisma/mysql/session.js
-rw-r--r-- okg4/okg4      2054 2026-08-18 20:45 watermelon-server-0.1/node_modules/drizzle-orm/prisma/mysql/session.d.ts
-rw-r--r-- okg4/okg4      2060 2026-08-18 20:45 watermelon-server-0.1/node_modules/drizzle-orm/prisma/mysql/session.d.cts
-rw-r--r-- okg4/okg4       229 2026-08-18 20:45 watermelon-server-0.1/node_modules/drizzle-orm/prisma/mysql/index.cjs.map
-rw-r--r-- okg4/okg4      4092 2026-08-18 20:45 watermelon-server-0.1/node_modules/drizzle-orm/prisma/mysql/session.cjs.map
-rw-r--r-- okg4/okg4      4068 2026-08-18 20:45 watermelon-server-0.1/node_modules/drizzle-orm/prisma/mysql/session.js.map
-rw-r--r-- okg4/okg4      2131 2026-08-18 20:45 watermelon-server-0.1/node_modules/drizzle-orm/prisma/mysql/driver.cjs
-rw-r--r-- okg4/okg4      1836 2026-08-18 20:45 watermelon-server-0.1/node_modules/drizzle-orm/entity.js.map
drwxr-xr-x okg4/okg4         0 2026-08-18 20:45 watermelon-server-0.1/node_modules/drizzle-orm/aws-data-api/
drwxr-xr-x okg4/okg4         0 2026-08-18 20:45 watermelon-server-0.1/node_modules/drizzle-orm/aws-data-api/pg/
-rw-r--r-- okg4/okg4      9154 2026-08-18 20:45 watermelon-server-0.1/node_modules/drizzle-orm/aws-data-api/pg/driver.cjs.map
-rw-r--r-- okg4/okg4      8140 2026-08-18 20:45 watermelon-server-0.1/node_modules/drizzle-orm/aws-data-api/pg/session.cjs
-rw-r--r-- okg4/okg4       264 2026-08-18 20:45 watermelon-server-0.1/node_modules/drizzle-orm/aws-data-api/pg/migrator.d.ts
-rw-r--r-- okg4/okg4      1197 2026-08-18 20:45 watermelon-server-0.1/node_modules/drizzle-orm/aws-data-api/pg/index.cjs
-rw-r--r-- okg4/okg4        61 2026-08-18 20:45 watermelon-server-0.1/node_modules/drizzle-orm/aws-data-api/pg/index.d.cts
-rw-r--r-- okg4/okg4      2495 2026-08-18 20:45 watermelon-server-0.1/node_modules/drizzle-orm/aws-data-api/pg/driver.d.cts
-rw-r--r-- okg4/okg4      2486 2026-08-18 20:45 watermelon-server-0.1/node_modules/drizzle-orm/aws-data-api/pg/driver.d.ts
-rw-r--r-- okg4/okg4        92 2026-08-18 20:45 watermelon-server-0.1/node_modules/drizzle-orm/aws-data-api/pg/index.js
-rw-r--r-- okg4/okg4       704 2026-08-18 20:45 watermelon-server-0.1/node_modules/drizzle-orm/aws-data-api/pg/migrator.cjs.map
-rw-r--r-- okg4/okg4       193 2026-08-18 20:45 watermelon-server-0.1/node_modules/drizzle-orm/aws-data-api/pg/index.js.map
-rw-r--r-- okg4/okg4        59 2026-08-18 20:45 watermelon-server-0.1/node_modules/drizzle-orm/aws-data-api/pg/index.d.ts
-rw-r--r-- okg4/okg4       665 2026-08-18 20:45 watermelon-server-0.1/node_modules/drizzle-orm/aws-data-api/pg/migrator.js.map
-rw-r--r-- okg4/okg4      1293 2026-08-18 20:45 watermelon-server-0.1/node_modules/drizzle-orm/aws-data-api/pg/migrator.cjs
-rw-r--r-- okg4/okg4       262 2026-08-18 20:45 watermelon-server-0.1/node_modules/drizzle-orm/aws-data-api/pg/migrator.js
-rw-r--r-- okg4/okg4      3632 2026-08-18 20:45 watermelon-server-0.1/node_modules/drizzle-orm/aws-data-api/pg/driver.js
-rw-r--r-- okg4/okg4      9154 2026-08-18 20:45 watermelon-server-0.1/node_modules/drizzle-orm/aws-data-api/pg/driver.js.map
-rw-r--r-- okg4/okg4      6829 2026-08-18 20:45 watermelon-server-0.1/node_modules/drizzle-orm/aws-data-api/pg/session.js
-rw-r--r-- okg4/okg4      4029 2026-08-18 20:45 watermelon-server-0.1/node_modules/drizzle-orm/aws-data-api/pg/session.d.ts
-rw-r--r-- okg4/okg4      4037 2026-08-18 20:45 watermelon-server-0.1/node_modules/drizzle-orm/aws-data-api/pg/session.d.cts
-rw-r--r-- okg4/okg4       232 2026-08-18 20:45 watermelon-server-0.1/node_modules/drizzle-orm/aws-data-api/pg/index.cjs.map
-rw-r--r-- okg4/okg4     14350 2026-08-18 20:45 watermelon-server-0.1/node_modules/drizzle-orm/aws-data-api/pg/session.cjs.map
-rw-r--r-- okg4/okg4     14404 2026-08-18 20:45 watermelon-server-0.1/node_modules/drizzle-orm/aws-data-api/pg/session.js.map
-rw-r--r-- okg4/okg4      5068 2026-08-18 20:45 watermelon-server-0.1/node_modules/drizzle-orm/aws-data-api/pg/driver.cjs
-rw-r--r-- okg4/okg4       266 2026-08-18 20:45 watermelon-server-0.1/node_modules/drizzle-orm/aws-data-api/pg/migrator.d.cts
drwxr-xr-x okg4/okg4         0 2026-08-18 20:45 watermelon-server-0.1/node_modules/drizzle-orm/aws-data-api/common/
-rw-r--r-- okg4/okg4      4178 2026-08-18 20:45 watermelon-server-0.1/node_modules/drizzle-orm/aws-data-api/common/index.cjs
-rw-r--r-- okg4/okg4       582 2026-08-18 20:45 watermelon-server-0.1/node_modules/drizzle-orm/aws-data-api/common/index.d.cts
-rw-r--r-- okg4/okg4      2862 2026-08-18 20:45 watermelon-server-0.1/node_modules/drizzle-orm/aws-data-api/common/index.js
-rw-r--r-- okg4/okg4      5471 2026-08-18 20:45 watermelon-server-0.1/node_modules/drizzle-orm/aws-data-api/common/index.js.map
-rw-r--r-- okg4/okg4       581 2026-08-18 20:45 watermelon-server-0.1/node_modules/drizzle-orm/aws-data-api/common/index.d.ts
-rw-r--r-- okg4/okg4      5527 2026-08-18 20:45 watermelon-server-0.1/node_modules/drizzle-orm/aws-data-api/common/index.cjs.map
-rw-r--r-- okg4/okg4      1251 2026-08-18 20:45 watermelon-server-0.1/node_modules/drizzle-orm/operations.d.cts
-rw-r--r-- okg4/okg4       503 2026-08-18 20:45 watermelon-server-0.1/node_modules/drizzle-orm/casing.d.cts
drwxr-xr-x okg4/okg4         0 2026-08-18 20:45 watermelon-server-0.1/node_modules/drizzle-orm/sqlite-proxy/
-rw-r--r-- okg4/okg4      4860 2026-08-18 20:45 watermelon-server-0.1/node_modules/drizzle-orm/sqlite-proxy/driver.cjs.map
-rw-r--r-- okg4/okg4      7508 2026-08-18 20:45 watermelon-server-0.1/node_modules/drizzle-orm/sqlite-proxy/session.cjs
-rw-r--r-- okg4/okg4       361 2026-08-18 20:45 watermelon-server-0.1/node_modules/drizzle-orm/sqlite-proxy/migrator.d.ts
-rw-r--r-- okg4/okg4      1237 2026-08-18 20:45 watermelon-server-0.1/node_modules/drizzle-orm/sqlite-proxy/index.cjs
-rw-r--r-- okg4/okg4        61 2026-08-18 20:45 watermelon-server-0.1/node_modules/drizzle-orm/sqlite-proxy/index.d.cts
-rw-r--r-- okg4/okg4      1395 2026-08-18 20:45 watermelon-server-0.1/node_modules/drizzle-orm/sqlite-proxy/driver.d.cts
-rw-r--r-- okg4/okg4      1391 2026-08-18 20:45 watermelon-server-0.1/node_modules/drizzle-orm/sqlite-proxy/driver.d.ts
-rw-r--r-- okg4/okg4        92 2026-08-18 20:45 watermelon-server-0.1/node_modules/drizzle-orm/sqlite-proxy/index.js
-rw-r--r-- okg4/okg4      2316 2026-08-18 20:45 watermelon-server-0.1/node_modules/drizzle-orm/sqlite-proxy/migrator.cjs.map
-rw-r--r-- okg4/okg4       187 2026-08-18 20:45 watermelon-server-0.1/node_modules/drizzle-orm/sqlite-proxy/index.js.map
-rw-r--r-- okg4/okg4        59 2026-08-18 20:45 watermelon-server-0.1/node_modules/drizzle-orm/sqlite-proxy/index.d.ts
-rw-r--r-- okg4/okg4      2280 2026-08-18 20:45 watermelon-server-0.1/node_modules/drizzle-orm/sqlite-proxy/migrator.js.map
-rw-r--r-- okg4/okg4      2262 2026-08-18 20:45 watermelon-server-0.1/node_modules/drizzle-orm/sqlite-proxy/migrator.cjs
-rw-r--r-- okg4/okg4      1180 2026-08-18 20:45 watermelon-server-0.1/node_modules/drizzle-orm/sqlite-proxy/migrator.js
-rw-r--r-- okg4/okg4      1788 2026-08-18 20:45 watermelon-server-0.1/node_modules/drizzle-orm/sqlite-proxy/driver.js
-rw-r--r-- okg4/okg4      4846 2026-08-18 20:45 watermelon-server-0.1/node_modules/drizzle-orm/sqlite-proxy/driver.js.map
-rw-r--r-- okg4/okg4      6107 2026-08-18 20:45 watermelon-server-0.1/node_modules/drizzle-orm/sqlite-proxy/session.js
-rw-r--r-- okg4/okg4      4326 2026-08-18 20:45 watermelon-server-0.1/node_modules/drizzle-orm/sqlite-proxy/session.d.ts
-rw-r--r-- okg4/okg4      4339 2026-08-18 20:45 watermelon-server-0.1/node_modules/drizzle-orm/sqlite-proxy/session.d.cts
-rw-r--r-- okg4/okg4       226 2026-08-18 20:45 watermelon-server-0.1/node_modules/drizzle-orm/sqlite-proxy/index.cjs.map
-rw-r--r-- okg4/okg4     13821 2026-08-18 20:45 watermelon-server-0.1/node_modules/drizzle-orm/sqlite-proxy/session.cjs.map
-rw-r--r-- okg4/okg4     13807 2026-08-18 20:45 watermelon-server-0.1/node_modules/drizzle-orm/sqlite-proxy/session.js.map
-rw-r--r-- okg4/okg4      2897 2026-08-18 20:45 watermelon-server-0.1/node_modules/drizzle-orm/sqlite-proxy/driver.cjs
-rw-r--r-- okg4/okg4       363 2026-08-18 20:45 watermelon-server-0.1/node_modules/drizzle-orm/sqlite-proxy/migrator.d.cts
-rw-r--r-- okg4/okg4      1058 2026-08-18 20:45 watermelon-server-0.1/node_modules/drizzle-orm/subquery.d.cts
-rw-r--r-- okg4/okg4       442 2026-08-18 20:45 watermelon-server-0.1/node_modules/drizzle-orm/batch.cjs.map
-rw-r--r-- okg4/okg4       123 2026-08-18 20:45 watermelon-server-0.1/node_modules/drizzle-orm/version.d.ts
-rw-r--r-- okg4/okg4      4239 2026-08-18 20:45 watermelon-server-0.1/node_modules/drizzle-orm/column-builder.cjs
-rw-r--r-- okg4/okg4       693 2026-08-18 20:45 watermelon-server-0.1/node_modules/drizzle-orm/logger.d.ts
-rw-r--r-- okg4/okg4        35 2026-08-18 20:45 watermelon-server-0.1/node_modules/drizzle-orm/session.js
-rw-r--r-- okg4/okg4      4879 2026-08-18 20:45 watermelon-server-0.1/node_modules/drizzle-orm/alias.cjs
-rw-r--r-- okg4/okg4       669 2026-08-18 20:45 watermelon-server-0.1/node_modules/drizzle-orm/query-promise.d.ts
-rw-r--r-- okg4/okg4       241 2026-08-18 20:45 watermelon-server-0.1/node_modules/drizzle-orm/table.utils.cjs.map
-rw-r--r-- okg4/okg4       165 2026-08-18 20:45 watermelon-server-0.1/node_modules/drizzle-orm/session.d.ts
-rw-r--r-- okg4/okg4       166 2026-08-18 20:45 watermelon-server-0.1/node_modules/drizzle-orm/session.d.cts
-rw-r--r-- okg4/okg4      2232 2026-08-18 20:45 watermelon-server-0.1/node_modules/drizzle-orm/tracing.cjs.map
-rw-r--r-- okg4/okg4       579 2026-08-18 20:45 watermelon-server-0.1/node_modules/drizzle-orm/query-promise.js
-rw-r--r-- okg4/okg4      3179 2026-08-18 20:45 watermelon-server-0.1/node_modules/drizzle-orm/column-builder.js
drwxr-xr-x okg4/okg4         0 2026-08-18 20:45 watermelon-server-0.1/node_modules/drizzle-orm/neon-serverless/
-rw-r--r-- okg4/okg4      6433 2026-08-18 20:45 watermelon-server-0.1/node_modules/drizzle-orm/neon-serverless/driver.cjs.map
-rw-r--r-- okg4/okg4      8613 2026-08-18 20:45 watermelon-server-0.1/node_modules/drizzle-orm/neon-serverless/session.cjs
-rw-r--r-- okg4/okg4       245 2026-08-18 20:45 watermelon-server-0.1/node_modules/drizzle-orm/neon-serverless/migrator.d.ts
-rw-r--r-- okg4/okg4      1249 2026-08-18 20:45 watermelon-server-0.1/node_modules/drizzle-orm/neon-serverless/index.cjs
-rw-r--r-- okg4/okg4        61 2026-08-18 20:45 watermelon-server-0.1/node_modules/drizzle-orm/neon-serverless/index.d.cts
-rw-r--r-- okg4/okg4      1927 2026-08-18 20:45 watermelon-server-0.1/node_modules/drizzle-orm/neon-serverless/driver.d.cts
-rw-r--r-- okg4/okg4      1918 2026-08-18 20:45 watermelon-server-0.1/node_modules/drizzle-orm/neon-serverless/driver.d.ts
-rw-r--r-- okg4/okg4        92 2026-08-18 20:45 watermelon-server-0.1/node_modules/drizzle-orm/neon-serverless/index.js
-rw-r--r-- okg4/okg4       685 2026-08-18 20:45 watermelon-server-0.1/node_modules/drizzle-orm/neon-serverless/migrator.cjs.map
-rw-r--r-- okg4/okg4       190 2026-08-18 20:45 watermelon-server-0.1/node_modules/drizzle-orm/neon-serverless/index.js.map
-rw-r--r-- okg4/okg4        59 2026-08-18 20:45 watermelon-server-0.1/node_modules/drizzle-orm/neon-serverless/index.d.ts
-rw-r--r-- okg4/okg4       646 2026-08-18 20:45 watermelon-server-0.1/node_modules/drizzle-orm/neon-serverless/migrator.js.map
-rw-r--r-- okg4/okg4      1290 2026-08-18 20:45 watermelon-server-0.1/node_modules/drizzle-orm/neon-serverless/migrator.cjs
-rw-r--r-- okg4/okg4       259 2026-08-18 20:45 watermelon-server-0.1/node_modules/drizzle-orm/neon-serverless/migrator.js
-rw-r--r-- okg4/okg4      2621 2026-08-18 20:45 watermelon-server-0.1/node_modules/drizzle-orm/neon-serverless/driver.js
-rw-r--r-- okg4/okg4      6433 2026-08-18 20:45 watermelon-server-0.1/node_modules/drizzle-orm/neon-serverless/driver.js.map
-rw-r--r-- okg4/okg4      7057 2026-08-18 20:45 watermelon-server-0.1/node_modules/drizzle-orm/neon-serverless/session.js
-rw-r--r-- okg4/okg4      3734 2026-08-18 20:45 watermelon-server-0.1/node_modules/drizzle-orm/neon-serverless/session.d.ts
-rw-r--r-- okg4/okg4      3746 2026-08-18 20:45 watermelon-server-0.1/node_modules/drizzle-orm/neon-serverless/session.d.cts
-rw-r--r-- okg4/okg4       229 2026-08-18 20:45 watermelon-server-0.1/node_modules/drizzle-orm/neon-serverless/index.cjs.map
-rw-r--r-- okg4/okg4     15092 2026-08-18 20:45 watermelon-server-0.1/node_modules/drizzle-orm/neon-serverless/session.cjs.map
-rw-r--r-- okg4/okg4     15089 2026-08-18 20:45 watermelon-server-0.1/node_modules/drizzle-orm/neon-serverless/session.js.map
-rw-r--r-- okg4/okg4      3875 2026-08-18 20:45 watermelon-server-0.1/node_modules/drizzle-orm/neon-serverless/driver.cjs
-rw-r--r-- okg4/okg4       247 2026-08-18 20:45 watermelon-server-0.1/node_modules/drizzle-orm/neon-serverless/migrator.d.cts
-rw-r--r-- okg4/okg4      3947 2026-08-18 20:45 watermelon-server-0.1/node_modules/drizzle-orm/table.d.cts
-rw-r--r-- okg4/okg4      3630 2026-08-18 20:45 watermelon-server-0.1/node_modules/drizzle-orm/utils.d.ts
drwxr-xr-x okg4/okg4         0 2026-08-18 20:45 watermelon-server-0.1/node_modules/drizzle-orm/expo-sqlite/
-rw-r--r-- okg4/okg4      2669 2026-08-18 20:45 watermelon-server-0.1/node_modules/drizzle-orm/expo-sqlite/driver.cjs.map
-rw-r--r-- okg4/okg4      5648 2026-08-18 20:45 watermelon-server-0.1/node_modules/drizzle-orm/expo-sqlite/session.cjs
-rw-r--r-- okg4/okg4      1613 2026-08-18 20:45 watermelon-server-0.1/node_modules/drizzle-orm/expo-sqlite/query.js
-rw-r--r-- okg4/okg4       805 2026-08-18 20:45 watermelon-server-0.1/node_modules/drizzle-orm/expo-sqlite/migrator.d.ts
-rw-r--r-- okg4/okg4       416 2026-08-18 20:45 watermelon-server-0.1/node_modules/drizzle-orm/expo-sqlite/query.d.ts
-rw-r--r-- okg4/okg4      1335 2026-08-18 20:45 watermelon-server-0.1/node_modules/drizzle-orm/expo-sqlite/index.cjs
-rw-r--r-- okg4/okg4        90 2026-08-18 20:45 watermelon-server-0.1/node_modules/drizzle-orm/expo-sqlite/index.d.cts
-rw-r--r-- okg4/okg4      2978 2026-08-18 20:45 watermelon-server-0.1/node_modules/drizzle-orm/expo-sqlite/query.cjs
-rw-r--r-- okg4/okg4      3048 2026-08-18 20:45 watermelon-server-0.1/node_modules/drizzle-orm/expo-sqlite/query.js.map
-rw-r--r-- okg4/okg4       654 2026-08-18 20:45 watermelon-server-0.1/node_modules/drizzle-orm/expo-sqlite/driver.d.cts
-rw-r--r-- okg4/okg4       651 2026-08-18 20:45 watermelon-server-0.1/node_modules/drizzle-orm/expo-sqlite/driver.d.ts
-rw-r--r-- okg4/okg4       120 2026-08-18 20:45 watermelon-server-0.1/node_modules/drizzle-orm/expo-sqlite/index.js
-rw-r--r-- okg4/okg4      4201 2026-08-18 20:45 watermelon-server-0.1/node_modules/drizzle-orm/expo-sqlite/migrator.cjs.map
-rw-r--r-- okg4/okg4       225 2026-08-18 20:45 watermelon-server-0.1/node_modules/drizzle-orm/expo-sqlite/index.js.map
-rw-r--r-- okg4/okg4       418 2026-08-18 20:45 watermelon-server-0.1/node_modules/drizzle-orm/expo-sqlite/query.d.cts
-rw-r--r-- okg4/okg4        87 2026-08-18 20:45 watermelon-server-0.1/node_modules/drizzle-orm/expo-sqlite/index.d.ts
-rw-r--r-- okg4/okg4      4161 2026-08-18 20:45 watermelon-server-0.1/node_modules/drizzle-orm/expo-sqlite/migrator.js.map
-rw-r--r-- okg4/okg4      2890 2026-08-18 20:45 watermelon-server-0.1/node_modules/drizzle-orm/expo-sqlite/migrator.cjs
-rw-r--r-- okg4/okg4      1813 2026-08-18 20:45 watermelon-server-0.1/node_modules/drizzle-orm/expo-sqlite/migrator.js
-rw-r--r-- okg4/okg4      1283 2026-08-18 20:45 watermelon-server-0.1/node_modules/drizzle-orm/expo-sqlite/driver.js
-rw-r--r-- okg4/okg4      2667 2026-08-18 20:45 watermelon-server-0.1/node_modules/drizzle-orm/expo-sqlite/driver.js.map
-rw-r--r-- okg4/okg4      4263 2026-08-18 20:45 watermelon-server-0.1/node_modules/drizzle-orm/expo-sqlite/session.js
-rw-r--r-- okg4/okg4      3016 2026-08-18 20:45 watermelon-server-0.1/node_modules/drizzle-orm/expo-sqlite/session.d.ts
-rw-r--r-- okg4/okg4      3024 2026-08-18 20:45 watermelon-server-0.1/node_modules/drizzle-orm/expo-sqlite/session.d.cts
-rw-r--r-- okg4/okg4      3054 2026-08-18 20:45 watermelon-server-0.1/node_modules/drizzle-orm/expo-sqlite/query.cjs.map
-rw-r--r-- okg4/okg4       271 2026-08-18 20:45 watermelon-server-0.1/node_modules/drizzle-orm/expo-sqlite/index.cjs.map
-rw-r--r-- okg4/okg4      9103 2026-08-18 20:45 watermelon-server-0.1/node_modules/drizzle-orm/expo-sqlite/session.cjs.map
-rw-r--r-- okg4/okg4      9095 2026-08-18 20:45 watermelon-server-0.1/node_modules/drizzle-orm/expo-sqlite/session.js.map
-rw-r--r-- okg4/okg4      2387 2026-08-18 20:45 watermelon-server-0.1/node_modules/drizzle-orm/expo-sqlite/driver.cjs
-rw-r--r-- okg4/okg4       806 2026-08-18 20:45 watermelon-server-0.1/node_modules/drizzle-orm/expo-sqlite/migrator.d.cts
-rw-r--r-- okg4/okg4      2301 2026-08-18 20:45 watermelon-server-0.1/node_modules/drizzle-orm/selection-proxy.js
-rw-r--r-- okg4/okg4      5992 2026-08-18 20:45 watermelon-server-0.1/node_modules/drizzle-orm/alias.js.map
-rw-r--r-- okg4/okg4      1480 2026-08-18 20:45 watermelon-server-0.1/node_modules/drizzle-orm/operations.cjs.map
drwxr-xr-x okg4/okg4         0 2026-08-18 20:45 watermelon-server-0.1/node_modules/drizzle-orm/kysely/
-rw-r--r-- okg4/okg4       777 2026-08-18 20:45 watermelon-server-0.1/node_modules/drizzle-orm/kysely/index.cjs
-rw-r--r-- okg4/okg4       937 2026-08-18 20:45 watermelon-server-0.1/node_modules/drizzle-orm/kysely/index.d.cts
-rw-r--r-- okg4/okg4        33 2026-08-18 20:45 watermelon-server-0.1/node_modules/drizzle-orm/kysely/index.js
-rw-r--r-- okg4/okg4        71 2026-08-18 20:45 watermelon-server-0.1/node_modules/drizzle-orm/kysely/index.js.map
-rw-r--r-- okg4/okg4       935 2026-08-18 20:45 watermelon-server-0.1/node_modules/drizzle-orm/kysely/index.d.ts
-rw-r--r-- okg4/okg4      1159 2026-08-18 20:45 watermelon-server-0.1/node_modules/drizzle-orm/kysely/index.cjs.map
drwxr-xr-x okg4/okg4         0 2026-08-18 20:45 watermelon-server-0.1/node_modules/drizzle-orm/neon-http/
-rw-r--r-- okg4/okg4     10526 2026-08-18 20:45 watermelon-server-0.1/node_modules/drizzle-orm/neon-http/driver.cjs.map
-rw-r--r-- okg4/okg4      6736 2026-08-18 20:45 watermelon-server-0.1/node_modules/drizzle-orm/neon-http/session.cjs
-rw-r--r-- okg4/okg4       692 2026-08-18 20:45 watermelon-server-0.1/node_modules/drizzle-orm/neon-http/migrator.d.ts
-rw-r--r-- okg4/okg4      1225 2026-08-18 20:45 watermelon-server-0.1/node_modules/drizzle-orm/neon-http/index.cjs
-rw-r--r-- okg4/okg4        61 2026-08-18 20:45 watermelon-server-0.1/node_modules/drizzle-orm/neon-http/index.d.cts
-rw-r--r-- okg4/okg4      2508 2026-08-18 20:45 watermelon-server-0.1/node_modules/drizzle-orm/neon-http/driver.d.cts
-rw-r--r-- okg4/okg4      2499 2026-08-18 20:45 watermelon-server-0.1/node_modules/drizzle-orm/neon-http/driver.d.ts
-rw-r--r-- okg4/okg4        92 2026-08-18 20:45 watermelon-server-0.1/node_modules/drizzle-orm/neon-http/index.js
-rw-r--r-- okg4/okg4      3353 2026-08-18 20:45 watermelon-server-0.1/node_modules/drizzle-orm/neon-http/migrator.cjs.map
-rw-r--r-- okg4/okg4       184 2026-08-18 20:45 watermelon-server-0.1/node_modules/drizzle-orm/neon-http/index.js.map
-rw-r--r-- okg4/okg4        59 2026-08-18 20:45 watermelon-server-0.1/node_modules/drizzle-orm/neon-http/index.d.ts
-rw-r--r-- okg4/okg4      3318 2026-08-18 20:45 watermelon-server-0.1/node_modules/drizzle-orm/neon-http/migrator.js.map
-rw-r--r-- okg4/okg4      2726 2026-08-18 20:45 watermelon-server-0.1/node_modules/drizzle-orm/neon-http/migrator.cjs
-rw-r--r-- okg4/okg4      1556 2026-08-18 20:45 watermelon-server-0.1/node_modules/drizzle-orm/neon-http/migrator.js
-rw-r--r-- okg4/okg4      4206 2026-08-18 20:45 watermelon-server-0.1/node_modules/drizzle-orm/neon-http/driver.js
-rw-r--r-- okg4/okg4     10501 2026-08-18 20:45 watermelon-server-0.1/node_modules/drizzle-orm/neon-http/driver.js.map
-rw-r--r-- okg4/okg4      5444 2026-08-18 20:45 watermelon-server-0.1/node_modules/drizzle-orm/neon-http/session.js
-rw-r--r-- okg4/okg4      3903 2026-08-18 20:45 watermelon-server-0.1/node_modules/drizzle-orm/neon-http/session.d.ts
-rw-r--r-- okg4/okg4      3915 2026-08-18 20:45 watermelon-server-0.1/node_modules/drizzle-orm/neon-http/session.d.cts
-rw-r--r-- okg4/okg4       223 2026-08-18 20:45 watermelon-server-0.1/node_modules/drizzle-orm/neon-http/index.cjs.map
-rw-r--r-- okg4/okg4     13935 2026-08-18 20:45 watermelon-server-0.1/node_modules/drizzle-orm/neon-http/session.cjs.map
-rw-r--r-- okg4/okg4     13917 2026-08-18 20:45 watermelon-server-0.1/node_modules/drizzle-orm/neon-http/session.js.map
-rw-r--r-- okg4/okg4      5712 2026-08-18 20:45 watermelon-server-0.1/node_modules/drizzle-orm/neon-http/driver.cjs
-rw-r--r-- okg4/okg4       694 2026-08-18 20:45 watermelon-server-0.1/node_modules/drizzle-orm/neon-http/migrator.d.cts
-rw-r--r-- okg4/okg4       333 2026-08-18 20:45 watermelon-server-0.1/node_modules/drizzle-orm/version.js.map
-rw-r--r-- okg4/okg4       395 2026-08-18 20:45 watermelon-server-0.1/node_modules/drizzle-orm/entity.d.cts
drwxr-xr-x okg4/okg4         0 2026-08-18 20:45 watermelon-server-0.1/node_modules/drizzle-orm/pglite/
-rw-r--r-- okg4/okg4      6809 2026-08-18 20:45 watermelon-server-0.1/node_modules/drizzle-orm/pglite/driver.cjs.map
-rw-r--r-- okg4/okg4      6779 2026-08-18 20:45 watermelon-server-0.1/node_modules/drizzle-orm/pglite/session.cjs
-rw-r--r-- okg4/okg4       249 2026-08-18 20:45 watermelon-server-0.1/node_modules/drizzle-orm/pglite/migrator.d.ts
-rw-r--r-- okg4/okg4      1213 2026-08-18 20:45 watermelon-server-0.1/node_modules/drizzle-orm/pglite/index.cjs
-rw-r--r-- okg4/okg4        61 2026-08-18 20:45 watermelon-server-0.1/node_modules/drizzle-orm/pglite/index.d.cts
-rw-r--r-- okg4/okg4      1933 2026-08-18 20:45 watermelon-server-0.1/node_modules/drizzle-orm/pglite/driver.d.cts
-rw-r--r-- okg4/okg4      1924 2026-08-18 20:45 watermelon-server-0.1/node_modules/drizzle-orm/pglite/driver.d.ts
-rw-r--r-- okg4/okg4        92 2026-08-18 20:45 watermelon-server-0.1/node_modules/drizzle-orm/pglite/index.js
-rw-r--r-- okg4/okg4       680 2026-08-18 20:45 watermelon-server-0.1/node_modules/drizzle-orm/pglite/migrator.cjs.map
-rw-r--r-- okg4/okg4       181 2026-08-18 20:45 watermelon-server-0.1/node_modules/drizzle-orm/pglite/index.js.map
-rw-r--r-- okg4/okg4        59 2026-08-18 20:45 watermelon-server-0.1/node_modules/drizzle-orm/pglite/index.d.ts
-rw-r--r-- okg4/okg4       641 2026-08-18 20:45 watermelon-server-0.1/node_modules/drizzle-orm/pglite/migrator.js.map
-rw-r--r-- okg4/okg4      1290 2026-08-18 20:45 watermelon-server-0.1/node_modules/drizzle-orm/pglite/migrator.cjs
-rw-r--r-- okg4/okg4       259 2026-08-18 20:45 watermelon-server-0.1/node_modules/drizzle-orm/pglite/migrator.js
-rw-r--r-- okg4/okg4      2659 2026-08-18 20:45 watermelon-server-0.1/node_modules/drizzle-orm/pglite/driver.js
-rw-r--r-- okg4/okg4      6804 2026-08-18 20:45 watermelon-server-0.1/node_modules/drizzle-orm/pglite/driver.js.map
-rw-r--r-- okg4/okg4      5358 2026-08-18 20:45 watermelon-server-0.1/node_modules/drizzle-orm/pglite/session.js
-rw-r--r-- okg4/okg4      3490 2026-08-18 20:45 watermelon-server-0.1/node_modules/drizzle-orm/pglite/session.d.ts
-rw-r--r-- okg4/okg4      3502 2026-08-18 20:45 watermelon-server-0.1/node_modules/drizzle-orm/pglite/session.d.cts
-rw-r--r-- okg4/okg4       220 2026-08-18 20:45 watermelon-server-0.1/node_modules/drizzle-orm/pglite/index.cjs.map
-rw-r--r-- okg4/okg4     11438 2026-08-18 20:45 watermelon-server-0.1/node_modules/drizzle-orm/pglite/session.cjs.map
-rw-r--r-- okg4/okg4     11422 2026-08-18 20:45 watermelon-server-0.1/node_modules/drizzle-orm/pglite/session.js.map
-rw-r--r-- okg4/okg4      3895 2026-08-18 20:45 watermelon-server-0.1/node_modules/drizzle-orm/pglite/driver.cjs
-rw-r--r-- okg4/okg4       251 2026-08-18 20:45 watermelon-server-0.1/node_modules/drizzle-orm/pglite/migrator.d.cts
-rw-r--r-- okg4/okg4     15494 2026-08-18 20:45 watermelon-server-0.1/node_modules/drizzle-orm/utils.js.map
drwxr-xr-x okg4/okg4         0 2026-08-18 20:45 watermelon-server-0.1/node_modules/drizzle-orm/op-sqlite/
-rw-r--r-- okg4/okg4      2947 2026-08-18 20:45 watermelon-server-0.1/node_modules/drizzle-orm/op-sqlite/driver.cjs.map
-rw-r--r-- okg4/okg4      6227 2026-08-18 20:45 watermelon-server-0.1/node_modules/drizzle-orm/op-sqlite/session.cjs
-rw-r--r-- okg4/okg4       799 2026-08-18 20:45 watermelon-server-0.1/node_modules/drizzle-orm/op-sqlite/migrator.d.ts
-rw-r--r-- okg4/okg4      1225 2026-08-18 20:45 watermelon-server-0.1/node_modules/drizzle-orm/op-sqlite/index.cjs
-rw-r--r-- okg4/okg4        61 2026-08-18 20:45 watermelon-server-0.1/node_modules/drizzle-orm/op-sqlite/index.d.cts
-rw-r--r-- okg4/okg4       669 2026-08-18 20:45 watermelon-server-0.1/node_modules/drizzle-orm/op-sqlite/driver.d.cts
-rw-r--r-- okg4/okg4       666 2026-08-18 20:45 watermelon-server-0.1/node_modules/drizzle-orm/op-sqlite/driver.d.ts
-rw-r--r-- okg4/okg4        92 2026-08-18 20:45 watermelon-server-0.1/node_modules/drizzle-orm/op-sqlite/index.js
-rw-r--r-- okg4/okg4      4185 2026-08-18 20:45 watermelon-server-0.1/node_modules/drizzle-orm/op-sqlite/migrator.cjs.map
-rw-r--r-- okg4/okg4       184 2026-08-18 20:45 watermelon-server-0.1/node_modules/drizzle-orm/op-sqlite/index.js.map
-rw-r--r-- okg4/okg4        59 2026-08-18 20:45 watermelon-server-0.1/node_modules/drizzle-orm/op-sqlite/index.d.ts
-rw-r--r-- okg4/okg4      4145 2026-08-18 20:45 watermelon-server-0.1/node_modules/drizzle-orm/op-sqlite/migrator.js.map
-rw-r--r-- okg4/okg4      2890 2026-08-18 20:45 watermelon-server-0.1/node_modules/drizzle-orm/op-sqlite/migrator.cjs
-rw-r--r-- okg4/okg4      1813 2026-08-18 20:45 watermelon-server-0.1/node_modules/drizzle-orm/op-sqlite/migrator.js
-rw-r--r-- okg4/okg4      1400 2026-08-18 20:45 watermelon-server-0.1/node_modules/drizzle-orm/op-sqlite/driver.js
-rw-r--r-- okg4/okg4      2945 2026-08-18 20:45 watermelon-server-0.1/node_modules/drizzle-orm/op-sqlite/driver.js.map
-rw-r--r-- okg4/okg4      4840 2026-08-18 20:45 watermelon-server-0.1/node_modules/drizzle-orm/op-sqlite/session.js
-rw-r--r-- okg4/okg4      3501 2026-08-18 20:45 watermelon-server-0.1/node_modules/drizzle-orm/op-sqlite/session.d.ts
-rw-r--r-- okg4/okg4      3511 2026-08-18 20:45 watermelon-server-0.1/node_modules/drizzle-orm/op-sqlite/session.d.cts
-rw-r--r-- okg4/okg4       223 2026-08-18 20:45 watermelon-server-0.1/node_modules/drizzle-orm/op-sqlite/index.cjs.map
-rw-r--r-- okg4/okg4     10469 2026-08-18 20:45 watermelon-server-0.1/node_modules/drizzle-orm/op-sqlite/session.cjs.map
-rw-r--r-- okg4/okg4     10466 2026-08-18 20:45 watermelon-server-0.1/node_modules/drizzle-orm/op-sqlite/session.js.map
-rw-r--r-- okg4/okg4      2501 2026-08-18 20:45 watermelon-server-0.1/node_modules/drizzle-orm/op-sqlite/driver.cjs
-rw-r--r-- okg4/okg4       800 2026-08-18 20:45 watermelon-server-0.1/node_modules/drizzle-orm/op-sqlite/migrator.d.cts
-rw-r--r-- okg4/okg4       790 2026-08-18 20:45 watermelon-server-0.1/node_modules/drizzle-orm/operations.cjs
-rw-r--r-- okg4/okg4      8929 2026-08-18 20:45 watermelon-server-0.1/node_modules/drizzle-orm/relations.js
-rw-r--r-- okg4/okg4        42 2026-08-18 20:45 watermelon-server-0.1/node_modules/drizzle-orm/runnable-query.js
-rw-r--r-- okg4/okg4       802 2026-08-18 20:45 watermelon-server-0.1/node_modules/drizzle-orm/index.cjs.map
-rw-r--r-- okg4/okg4       150 2026-08-18 20:45 watermelon-server-0.1/node_modules/drizzle-orm/version.js
drwxr-xr-x okg4/okg4         0 2026-08-18 20:45 watermelon-server-0.1/node_modules/drizzle-orm/singlestore-proxy/
-rw-r--r-- okg4/okg4      2854 2026-08-18 20:45 watermelon-server-0.1/node_modules/drizzle-orm/singlestore-proxy/driver.cjs.map
-rw-r--r-- okg4/okg4      5029 2026-08-18 20:45 watermelon-server-0.1/node_modules/drizzle-orm/singlestore-proxy/session.cjs
-rw-r--r-- okg4/okg4       371 2026-08-18 20:45 watermelon-server-0.1/node_modules/drizzle-orm/singlestore-proxy/migrator.d.ts
-rw-r--r-- okg4/okg4      1257 2026-08-18 20:45 watermelon-server-0.1/node_modules/drizzle-orm/singlestore-proxy/index.cjs
-rw-r--r-- okg4/okg4        61 2026-08-18 20:45 watermelon-server-0.1/node_modules/drizzle-orm/singlestore-proxy/index.d.cts
-rw-r--r-- okg4/okg4       896 2026-08-18 20:45 watermelon-server-0.1/node_modules/drizzle-orm/singlestore-proxy/driver.d.cts
-rw-r--r-- okg4/okg4       892 2026-08-18 20:45 watermelon-server-0.1/node_modules/drizzle-orm/singlestore-proxy/driver.d.ts
-rw-r--r-- okg4/okg4        92 2026-08-18 20:45 watermelon-server-0.1/node_modules/drizzle-orm/singlestore-proxy/index.js
-rw-r--r-- okg4/okg4      2514 2026-08-18 20:45 watermelon-server-0.1/node_modules/drizzle-orm/singlestore-proxy/migrator.cjs.map
-rw-r--r-- okg4/okg4       192 2026-08-18 20:45 watermelon-server-0.1/node_modules/drizzle-orm/singlestore-proxy/index.js.map
-rw-r--r-- okg4/okg4        59 2026-08-18 20:45 watermelon-server-0.1/node_modules/drizzle-orm/singlestore-proxy/index.d.ts
-rw-r--r-- okg4/okg4      2478 2026-08-18 20:45 watermelon-server-0.1/node_modules/drizzle-orm/singlestore-proxy/migrator.js.map
-rw-r--r-- okg4/okg4      2355 2026-08-18 20:45 watermelon-server-0.1/node_modules/drizzle-orm/singlestore-proxy/migrator.cjs
-rw-r--r-- okg4/okg4      1229 2026-08-18 20:45 watermelon-server-0.1/node_modules/drizzle-orm/singlestore-proxy/migrator.js
-rw-r--r-- okg4/okg4      1297 2026-08-18 20:45 watermelon-server-0.1/node_modules/drizzle-orm/singlestore-proxy/driver.js
-rw-r--r-- okg4/okg4      2861 2026-08-18 20:45 watermelon-server-0.1/node_modules/drizzle-orm/singlestore-proxy/driver.js.map
-rw-r--r-- okg4/okg4      3744 2026-08-18 20:45 watermelon-server-0.1/node_modules/drizzle-orm/singlestore-proxy/session.js
-rw-r--r-- okg4/okg4      3676 2026-08-18 20:45 watermelon-server-0.1/node_modules/drizzle-orm/singlestore-proxy/session.d.ts
-rw-r--r-- okg4/okg4      3687 2026-08-18 20:45 watermelon-server-0.1/node_modules/drizzle-orm/singlestore-proxy/session.d.cts
-rw-r--r-- okg4/okg4       231 2026-08-18 20:45 watermelon-server-0.1/node_modules/drizzle-orm/singlestore-proxy/index.cjs.map
-rw-r--r-- okg4/okg4      8837 2026-08-18 20:45 watermelon-server-0.1/node_modules/drizzle-orm/singlestore-proxy/session.cjs.map
-rw-r--r-- okg4/okg4      8803 2026-08-18 20:45 watermelon-server-0.1/node_modules/drizzle-orm/singlestore-proxy/session.js.map
-rw-r--r-- okg4/okg4      2404 2026-08-18 20:45 watermelon-server-0.1/node_modules/drizzle-orm/singlestore-proxy/driver.cjs
-rw-r--r-- okg4/okg4       373 2026-08-18 20:45 watermelon-server-0.1/node_modules/drizzle-orm/singlestore-proxy/migrator.d.cts
-rw-r--r-- okg4/okg4      3942 2026-08-18 20:45 watermelon-server-0.1/node_modules/drizzle-orm/table.d.ts
-rw-r--r-- okg4/okg4    177277 2026-08-18 20:45 watermelon-server-0.1/node_modules/drizzle-orm/package.json
-rw-r--r-- okg4/okg4       341 2026-08-18 20:45 watermelon-server-0.1/node_modules/drizzle-orm/session.cjs.map
-rw-r--r-- okg4/okg4      7880 2026-08-18 20:45 watermelon-server-0.1/node_modules/drizzle-orm/table.cjs.map
-rw-r--r-- okg4/okg4     26750 2026-08-18 20:45 watermelon-server-0.1/node_modules/drizzle-orm/relations.js.map
drwxr-xr-x okg4/okg4         0 2026-08-18 20:45 watermelon-server-0.1/node_modules/drizzle-orm/tidb-serverless/
-rw-r--r-- okg4/okg4      5355 2026-08-18 20:45 watermelon-server-0.1/node_modules/drizzle-orm/tidb-serverless/driver.cjs.map
-rw-r--r-- okg4/okg4      6666 2026-08-18 20:45 watermelon-server-0.1/node_modules/drizzle-orm/tidb-serverless/session.cjs
-rw-r--r-- okg4/okg4       265 2026-08-18 20:45 watermelon-server-0.1/node_modules/drizzle-orm/tidb-serverless/migrator.d.ts
-rw-r--r-- okg4/okg4      1249 2026-08-18 20:45 watermelon-server-0.1/node_modules/drizzle-orm/tidb-serverless/index.cjs
-rw-r--r-- okg4/okg4        61 2026-08-18 20:45 watermelon-server-0.1/node_modules/drizzle-orm/tidb-serverless/index.d.cts
-rw-r--r-- okg4/okg4      1370 2026-08-18 20:45 watermelon-server-0.1/node_modules/drizzle-orm/tidb-serverless/driver.d.cts
-rw-r--r-- okg4/okg4      1365 2026-08-18 20:45 watermelon-server-0.1/node_modules/drizzle-orm/tidb-serverless/driver.d.ts
-rw-r--r-- okg4/okg4        92 2026-08-18 20:45 watermelon-server-0.1/node_modules/drizzle-orm/tidb-serverless/index.js
-rw-r--r-- okg4/okg4       705 2026-08-18 20:45 watermelon-server-0.1/node_modules/drizzle-orm/tidb-serverless/migrator.cjs.map
-rw-r--r-- okg4/okg4       190 2026-08-18 20:45 watermelon-server-0.1/node_modules/drizzle-orm/tidb-serverless/index.js.map
-rw-r--r-- okg4/okg4        59 2026-08-18 20:45 watermelon-server-0.1/node_modules/drizzle-orm/tidb-serverless/index.d.ts
-rw-r--r-- okg4/okg4       666 2026-08-18 20:45 watermelon-server-0.1/node_modules/drizzle-orm/tidb-serverless/migrator.js.map
-rw-r--r-- okg4/okg4      1290 2026-08-18 20:45 watermelon-server-0.1/node_modules/drizzle-orm/tidb-serverless/migrator.cjs
-rw-r--r-- okg4/okg4       259 2026-08-18 20:45 watermelon-server-0.1/node_modules/drizzle-orm/tidb-serverless/migrator.js
-rw-r--r-- okg4/okg4      2186 2026-08-18 20:45 watermelon-server-0.1/node_modules/drizzle-orm/tidb-serverless/driver.js
-rw-r--r-- okg4/okg4      5358 2026-08-18 20:45 watermelon-server-0.1/node_modules/drizzle-orm/tidb-serverless/driver.js.map
-rw-r--r-- okg4/okg4      5329 2026-08-18 20:45 watermelon-server-0.1/node_modules/drizzle-orm/tidb-serverless/session.js
-rw-r--r-- okg4/okg4      3940 2026-08-18 20:45 watermelon-server-0.1/node_modules/drizzle-orm/tidb-serverless/session.d.ts
-rw-r--r-- okg4/okg4      3950 2026-08-18 20:45 watermelon-server-0.1/node_modules/drizzle-orm/tidb-serverless/session.d.cts
-rw-r--r-- okg4/okg4       229 2026-08-18 20:45 watermelon-server-0.1/node_modules/drizzle-orm/tidb-serverless/index.cjs.map
-rw-r--r-- okg4/okg4     11893 2026-08-18 20:45 watermelon-server-0.1/node_modules/drizzle-orm/tidb-serverless/session.cjs.map
-rw-r--r-- okg4/okg4     11903 2026-08-18 20:45 watermelon-server-0.1/node_modules/drizzle-orm/tidb-serverless/session.js.map
-rw-r--r-- okg4/okg4      3404 2026-08-18 20:45 watermelon-server-0.1/node_modules/drizzle-orm/tidb-serverless/driver.cjs
-rw-r--r-- okg4/okg4       267 2026-08-18 20:45 watermelon-server-0.1/node_modules/drizzle-orm/tidb-serverless/migrator.d.cts
-rw-r--r-- okg4/okg4      1165 2026-08-18 20:45 watermelon-server-0.1/node_modules/drizzle-orm/view-common.cjs
-rw-r--r-- okg4/okg4      1606 2026-08-18 20:45 watermelon-server-0.1/node_modules/drizzle-orm/subquery.cjs
-rw-r--r-- okg4/okg4        11 2026-08-18 20:45 watermelon-server-0.1/node_modules/drizzle-orm/tracing.d.cts
-rw-r--r-- okg4/okg4      3151 2026-08-18 20:45 watermelon-server-0.1/node_modules/drizzle-orm/alias.js
-rw-r--r-- okg4/okg4        71 2026-08-18 20:45 watermelon-server-0.1/node_modules/drizzle-orm/session.js.map
drwxr-xr-x okg4/okg4         0 2026-08-18 20:45 watermelon-server-0.1/node_modules/drizzle-orm/node-postgres/
-rw-r--r-- okg4/okg4      6374 2026-08-18 20:45 watermelon-server-0.1/node_modules/drizzle-orm/node-postgres/driver.cjs.map
-rw-r--r-- okg4/okg4      9824 2026-08-18 20:45 watermelon-server-0.1/node_modules/drizzle-orm/node-postgres/session.cjs
-rw-r--r-- okg4/okg4       249 2026-08-18 20:45 watermelon-server-0.1/node_modules/drizzle-orm/node-postgres/migrator.d.ts
-rw-r--r-- okg4/okg4      1241 2026-08-18 20:45 watermelon-server-0.1/node_modules/drizzle-orm/node-postgres/index.cjs
-rw-r--r-- okg4/okg4        61 2026-08-18 20:45 watermelon-server-0.1/node_modules/drizzle-orm/node-postgres/index.d.cts
-rw-r--r-- okg4/okg4      1900 2026-08-18 20:45 watermelon-server-0.1/node_modules/drizzle-orm/node-postgres/driver.d.cts
-rw-r--r-- okg4/okg4      1891 2026-08-18 20:45 watermelon-server-0.1/node_modules/drizzle-orm/node-postgres/driver.d.ts
-rw-r--r-- okg4/okg4        92 2026-08-18 20:45 watermelon-server-0.1/node_modules/drizzle-orm/node-postgres/index.js
-rw-r--r-- okg4/okg4       687 2026-08-18 20:45 watermelon-server-0.1/node_modules/drizzle-orm/node-postgres/migrator.cjs.map
-rw-r--r-- okg4/okg4       188 2026-08-18 20:45 watermelon-server-0.1/node_modules/drizzle-orm/node-postgres/index.js.map
-rw-r--r-- okg4/okg4        59 2026-08-18 20:45 watermelon-server-0.1/node_modules/drizzle-orm/node-postgres/index.d.ts
-rw-r--r-- okg4/okg4       648 2026-08-18 20:45 watermelon-server-0.1/node_modules/drizzle-orm/node-postgres/migrator.js.map
-rw-r--r-- okg4/okg4      1290 2026-08-18 20:45 watermelon-server-0.1/node_modules/drizzle-orm/node-postgres/migrator.cjs
-rw-r--r-- okg4/okg4       259 2026-08-18 20:45 watermelon-server-0.1/node_modules/drizzle-orm/node-postgres/migrator.js
-rw-r--r-- okg4/okg4      2532 2026-08-18 20:45 watermelon-server-0.1/node_modules/drizzle-orm/node-postgres/driver.js
-rw-r--r-- okg4/okg4      6339 2026-08-18 20:45 watermelon-server-0.1/node_modules/drizzle-orm/node-postgres/driver.js.map
-rw-r--r-- okg4/okg4      7748 2026-08-18 20:45 watermelon-server-0.1/node_modules/drizzle-orm/node-postgres/session.js
-rw-r--r-- okg4/okg4      3517 2026-08-18 20:45 watermelon-server-0.1/node_modules/drizzle-orm/node-postgres/session.d.ts
-rw-r--r-- okg4/okg4      3529 2026-08-18 20:45 watermelon-server-0.1/node_modules/drizzle-orm/node-postgres/session.d.cts
-rw-r--r-- okg4/okg4       227 2026-08-18 20:45 watermelon-server-0.1/node_modules/drizzle-orm/node-postgres/index.cjs.map
-rw-r--r-- okg4/okg4     15736 2026-08-18 20:45 watermelon-server-0.1/node_modules/drizzle-orm/node-postgres/session.cjs.map
-rw-r--r-- okg4/okg4     15701 2026-08-18 20:45 watermelon-server-0.1/node_modules/drizzle-orm/node-postgres/session.js.map
-rw-r--r-- okg4/okg4      4384 2026-08-18 20:45 watermelon-server-0.1/node_modules/drizzle-orm/node-postgres/driver.cjs
-rw-r--r-- okg4/okg4       251 2026-08-18 20:45 watermelon-server-0.1/node_modules/drizzle-orm/node-postgres/migrator.d.cts
-rw-r--r-- okg4/okg4       199 2026-08-18 20:45 watermelon-server-0.1/node_modules/drizzle-orm/view-common.js.map
drwxr-xr-x okg4/okg4         0 2026-08-18 20:45 watermelon-server-0.1/node_modules/drizzle-orm/mysql-proxy/
-rw-r--r-- okg4/okg4      2742 2026-08-18 20:45 watermelon-server-0.1/node_modules/drizzle-orm/mysql-proxy/driver.cjs.map
-rw-r--r-- okg4/okg4      5351 2026-08-18 20:45 watermelon-server-0.1/node_modules/drizzle-orm/mysql-proxy/session.cjs
-rw-r--r-- okg4/okg4       359 2026-08-18 20:45 watermelon-server-0.1/node_modules/drizzle-orm/mysql-proxy/migrator.d.ts
-rw-r--r-- okg4/okg4      1233 2026-08-18 20:45 watermelon-server-0.1/node_modules/drizzle-orm/mysql-proxy/index.cjs
-rw-r--r-- okg4/okg4        61 2026-08-18 20:45 watermelon-server-0.1/node_modules/drizzle-orm/mysql-proxy/index.d.cts
-rw-r--r-- okg4/okg4       842 2026-08-18 20:45 watermelon-server-0.1/node_modules/drizzle-orm/mysql-proxy/driver.d.cts
-rw-r--r-- okg4/okg4       838 2026-08-18 20:45 watermelon-server-0.1/node_modules/drizzle-orm/mysql-proxy/driver.d.ts
-rw-r--r-- okg4/okg4        92 2026-08-18 20:45 watermelon-server-0.1/node_modules/drizzle-orm/mysql-proxy/index.js
-rw-r--r-- okg4/okg4      2496 2026-08-18 20:45 watermelon-server-0.1/node_modules/drizzle-orm/mysql-proxy/migrator.cjs.map
-rw-r--r-- okg4/okg4       186 2026-08-18 20:45 watermelon-server-0.1/node_modules/drizzle-orm/mysql-proxy/index.js.map
-rw-r--r-- okg4/okg4        59 2026-08-18 20:45 watermelon-server-0.1/node_modules/drizzle-orm/mysql-proxy/index.d.ts
-rw-r--r-- okg4/okg4      2460 2026-08-18 20:45 watermelon-server-0.1/node_modules/drizzle-orm/mysql-proxy/migrator.js.map
-rw-r--r-- okg4/okg4      2355 2026-08-18 20:45 watermelon-server-0.1/node_modules/drizzle-orm/mysql-proxy/migrator.cjs
-rw-r--r-- okg4/okg4      1229 2026-08-18 20:45 watermelon-server-0.1/node_modules/drizzle-orm/mysql-proxy/migrator.js
-rw-r--r-- okg4/okg4      1234 2026-08-18 20:45 watermelon-server-0.1/node_modules/drizzle-orm/mysql-proxy/driver.js
-rw-r--r-- okg4/okg4      2739 2026-08-18 20:45 watermelon-server-0.1/node_modules/drizzle-orm/mysql-proxy/driver.js.map
-rw-r--r-- okg4/okg4      4076 2026-08-18 20:45 watermelon-server-0.1/node_modules/drizzle-orm/mysql-proxy/session.js
-rw-r--r-- okg4/okg4      3922 2026-08-18 20:45 watermelon-server-0.1/node_modules/drizzle-orm/mysql-proxy/session.d.ts
-rw-r--r-- okg4/okg4      3935 2026-08-18 20:45 watermelon-server-0.1/node_modules/drizzle-orm/mysql-proxy/session.d.cts
-rw-r--r-- okg4/okg4       225 2026-08-18 20:45 watermelon-server-0.1/node_modules/drizzle-orm/mysql-proxy/index.cjs.map
-rw-r--r-- okg4/okg4      9629 2026-08-18 20:45 watermelon-server-0.1/node_modules/drizzle-orm/mysql-proxy/session.cjs.map
-rw-r--r-- okg4/okg4      9599 2026-08-18 20:45 watermelon-server-0.1/node_modules/drizzle-orm/mysql-proxy/session.js.map
-rw-r--r-- okg4/okg4      2349 2026-08-18 20:45 watermelon-server-0.1/node_modules/drizzle-orm/mysql-proxy/driver.cjs
-rw-r--r-- okg4/okg4       361 2026-08-18 20:45 watermelon-server-0.1/node_modules/drizzle-orm/mysql-proxy/migrator.d.cts
-rw-r--r-- okg4/okg4      1634 2026-08-18 20:45 watermelon-server-0.1/node_modules/drizzle-orm/query-promise.cjs
drwxr-xr-x okg4/okg4         0 2026-08-18 20:45 watermelon-server-0.1/node_modules/drizzle-orm/durable-sqlite/
-rw-r--r-- okg4/okg4      2950 2026-08-18 20:45 watermelon-server-0.1/node_modules/drizzle-orm/durable-sqlite/driver.cjs.map
-rw-r--r-- okg4/okg4      5303 2026-08-18 20:45 watermelon-server-0.1/node_modules/drizzle-orm/durable-sqlite/session.cjs
-rw-r--r-- okg4/okg4       457 2026-08-18 20:45 watermelon-server-0.1/node_modules/drizzle-orm/durable-sqlite/migrator.d.ts
-rw-r--r-- okg4/okg4      1245 2026-08-18 20:45 watermelon-server-0.1/node_modules/drizzle-orm/durable-sqlite/index.cjs
-rw-r--r-- okg4/okg4        61 2026-08-18 20:45 watermelon-server-0.1/node_modules/drizzle-orm/durable-sqlite/index.d.cts
-rw-r--r-- okg4/okg4       677 2026-08-18 20:45 watermelon-server-0.1/node_modules/drizzle-orm/durable-sqlite/driver.d.cts
-rw-r--r-- okg4/okg4       674 2026-08-18 20:45 watermelon-server-0.1/node_modules/drizzle-orm/durable-sqlite/driver.d.ts
-rw-r--r-- okg4/okg4        92 2026-08-18 20:45 watermelon-server-0.1/node_modules/drizzle-orm/durable-sqlite/index.js
-rw-r--r-- okg4/okg4      3846 2026-08-18 20:45 watermelon-server-0.1/node_modules/drizzle-orm/durable-sqlite/migrator.cjs.map
-rw-r--r-- okg4/okg4       189 2026-08-18 20:45 watermelon-server-0.1/node_modules/drizzle-orm/durable-sqlite/index.js.map
-rw-r--r-- okg4/okg4        59 2026-08-18 20:45 watermelon-server-0.1/node_modules/drizzle-orm/durable-sqlite/index.d.ts
-rw-r--r-- okg4/okg4      3806 2026-08-18 20:45 watermelon-server-0.1/node_modules/drizzle-orm/durable-sqlite/migrator.js.map
-rw-r--r-- okg4/okg4      3014 2026-08-18 20:45 watermelon-server-0.1/node_modules/drizzle-orm/durable-sqlite/migrator.cjs
-rw-r--r-- okg4/okg4      1917 2026-08-18 20:45 watermelon-server-0.1/node_modules/drizzle-orm/durable-sqlite/migrator.js
-rw-r--r-- okg4/okg4      1299 2026-08-18 20:45 watermelon-server-0.1/node_modules/drizzle-orm/durable-sqlite/driver.js
-rw-r--r-- okg4/okg4      2948 2026-08-18 20:45 watermelon-server-0.1/node_modules/drizzle-orm/durable-sqlite/driver.js.map
-rw-r--r-- okg4/okg4      3990 2026-08-18 20:45 watermelon-server-0.1/node_modules/drizzle-orm/durable-sqlite/session.js
-rw-r--r-- okg4/okg4      3053 2026-08-18 20:45 watermelon-server-0.1/node_modules/drizzle-orm/durable-sqlite/session.d.ts
-rw-r--r-- okg4/okg4      3061 2026-08-18 20:45 watermelon-server-0.1/node_modules/drizzle-orm/durable-sqlite/session.d.cts
-rw-r--r-- okg4/okg4       228 2026-08-18 20:45 watermelon-server-0.1/node_modules/drizzle-orm/durable-sqlite/index.cjs.map
-rw-r--r-- okg4/okg4      8906 2026-08-18 20:45 watermelon-server-0.1/node_modules/drizzle-orm/durable-sqlite/session.cjs.map
-rw-r--r-- okg4/okg4      8849 2026-08-18 20:45 watermelon-server-0.1/node_modules/drizzle-orm/durable-sqlite/session.js.map
-rw-r--r-- okg4/okg4      2415 2026-08-18 20:45 watermelon-server-0.1/node_modules/drizzle-orm/durable-sqlite/driver.cjs
-rw-r--r-- okg4/okg4       458 2026-08-18 20:45 watermelon-server-0.1/node_modules/drizzle-orm/durable-sqlite/migrator.d.cts
-rw-r--r-- okg4/okg4     11640 2026-08-18 20:45 watermelon-server-0.1/node_modules/drizzle-orm/column-builder.d.ts
-rw-r--r-- okg4/okg4       429 2026-08-18 20:45 watermelon-server-0.1/node_modules/drizzle-orm/runnable-query.cjs.map
-rw-r--r-- okg4/okg4      1135 2026-08-18 20:45 watermelon-server-0.1/node_modules/drizzle-orm/table.utils.cjs
-rw-r--r-- okg4/okg4       524 2026-08-18 20:45 watermelon-server-0.1/node_modules/drizzle-orm/subquery.js
-rw-r--r-- okg4/okg4       370 2026-08-18 20:45 watermelon-server-0.1/node_modules/drizzle-orm/primary-key.d.cts
-rw-r--r-- okg4/okg4       398 2026-08-18 20:45 watermelon-server-0.1/node_modules/drizzle-orm/migrator.d.cts
-rw-r--r-- okg4/okg4       813 2026-08-18 20:45 watermelon-server-0.1/node_modules/drizzle-orm/errors.js
-rw-r--r-- okg4/okg4        33 2026-08-18 20:45 watermelon-server-0.1/node_modules/drizzle-orm/batch.js
-rw-r--r-- okg4/okg4      1311 2026-08-18 20:45 watermelon-server-0.1/node_modules/drizzle-orm/column.js
drwxr-xr-x okg4/okg4         0 2026-08-18 20:45 watermelon-server-0.1/node_modules/.bin/
drwxr-xr-x okg4/okg4         0 2026-08-18 20:45 watermelon-server-0.1/node_modules/@drizzle-team/
drwxr-xr-x okg4/okg4         0 2026-08-18 20:45 watermelon-server-0.1/node_modules/undici-types/
-rw-r--r-- okg4/okg4      1474 2026-08-18 20:45 watermelon-server-0.1/node_modules/undici-types/round-robin-pool.d.ts
-rw-r--r-- okg4/okg4      1609 2026-08-18 20:45 watermelon-server-0.1/node_modules/undici-types/api.d.ts
-rw-r--r-- okg4/okg4     14424 2026-08-18 20:45 watermelon-server-0.1/node_modules/undici-types/dispatcher.d.ts
-rw-r--r-- okg4/okg4       456 2026-08-18 20:45 watermelon-server-0.1/node_modules/undici-types/client-stats.d.ts
-rw-r--r-- okg4/okg4      3306 2026-08-18 20:45 watermelon-server-0.1/node_modules/undici-types/snapshot-agent.d.ts
-rw-r--r-- okg4/okg4       413 2026-08-18 20:45 watermelon-server-0.1/node_modules/undici-types/handlers.d.ts
-rw-r--r-- okg4/okg4       336 2026-08-18 20:45 watermelon-server-0.1/node_modules/undici-types/mock-errors.d.ts
-rw-r--r-- okg4/okg4       455 2026-08-18 20:45 watermelon-server-0.1/node_modules/undici-types/README.md
-rw-r--r-- okg4/okg4      1019 2026-08-18 20:45 watermelon-server-0.1/node_modules/undici-types/balanced-pool.d.ts
-rw-r--r-- okg4/okg4      1384 2026-08-18 20:45 watermelon-server-0.1/node_modules/undici-types/pool.d.ts
-rw-r--r-- okg4/okg4      3931 2026-08-18 20:45 watermelon-server-0.1/node_modules/undici-types/mock-interceptor.d.ts
-rw-r--r-- okg4/okg4      1105 2026-08-18 20:45 watermelon-server-0.1/node_modules/undici-types/connector.d.ts
-rw-r--r-- okg4/okg4      3262 2026-08-18 20:45 watermelon-server-0.1/node_modules/undici-types/retry-handler.d.ts
-rw-r--r-- okg4/okg4      5558 2026-08-18 20:45 watermelon-server-0.1/node_modules/undici-types/mock-call-history.d.ts
-rw-r--r-- okg4/okg4       245 2026-08-18 20:45 watermelon-server-0.1/node_modules/undici-types/utility.d.ts
-rw-r--r-- okg4/okg4      4711 2026-08-18 20:45 watermelon-server-0.1/node_modules/undici-types/websocket.d.ts
-rw-r--r-- okg4/okg4      3624 2026-08-18 20:45 watermelon-server-0.1/node_modules/undici-types/interceptors.d.ts
-rw-r--r-- okg4/okg4      1910 2026-08-18 20:45 watermelon-server-0.1/node_modules/undici-types/readable.d.ts
-rw-r--r-- okg4/okg4      4707 2026-08-18 20:45 watermelon-server-0.1/node_modules/undici-types/index.d.ts
-rw-r--r-- okg4/okg4      7029 2026-08-18 20:45 watermelon-server-0.1/node_modules/undici-types/fetch.d.ts
-rw-r--r-- okg4/okg4       732 2026-08-18 20:45 watermelon-server-0.1/node_modules/undici-types/env-http-proxy-agent.d.ts
-rw-r--r-- okg4/okg4       275 2026-08-18 20:45 watermelon-server-0.1/node_modules/undici-types/global-dispatcher.d.ts
-rw-r--r-- okg4/okg4       233 2026-08-18 20:45 watermelon-server-0.1/node_modules/undici-types/retry-agent.d.ts
-rw-r--r-- okg4/okg4      3448 2026-08-18 20:45 watermelon-server-0.1/node_modules/undici-types/mock-agent.d.ts
-rw-r--r-- okg4/okg4       599 2026-08-18 20:45 watermelon-server-0.1/node_modules/undici-types/patch.d.ts
-rw-r--r-- okg4/okg4      3500 2026-08-18 20:45 watermelon-server-0.1/node_modules/undici-types/header.d.ts
-rw-r--r-- okg4/okg4       870 2026-08-18 20:45 watermelon-server-0.1/node_modules/undici-types/socks5-proxy-agent.d.ts
-rw-r--r-- okg4/okg4      4362 2026-08-18 20:45 watermelon-server-0.1/node_modules/undici-types/cache-interceptor.d.ts
-rw-r--r-- okg4/okg4       696 2026-08-18 20:45 watermelon-server-0.1/node_modules/undici-types/cookies.d.ts
-rw-r--r-- okg4/okg4      4298 2026-08-18 20:45 watermelon-server-0.1/node_modules/undici-types/h2c-client.d.ts
-rw-r--r-- okg4/okg4      4868 2026-08-18 20:45 watermelon-server-0.1/node_modules/undici-types/errors.d.ts
-rw-r--r-- okg4/okg4      1065 2026-08-18 20:45 watermelon-server-0.1/node_modules/undici-types/mock-client.d.ts
-rw-r--r-- okg4/okg4      5009 2026-08-18 20:45 watermelon-server-0.1/node_modules/undici-types/formdata.d.ts
-rw-r--r-- okg4/okg4      1090 2026-08-18 20:45 watermelon-server-0.1/node_modules/undici-types/LICENSE
-rw-r--r-- okg4/okg4       663 2026-08-18 20:45 watermelon-server-0.1/node_modules/undici-types/pool-stats.d.ts
-rw-r--r-- okg4/okg4      1776 2026-08-18 20:45 watermelon-server-0.1/node_modules/undici-types/diagnostics-channel.d.ts
-rw-r--r-- okg4/okg4       623 2026-08-18 20:45 watermelon-server-0.1/node_modules/undici-types/util.d.ts
-rw-r--r-- okg4/okg4      6458 2026-08-18 20:45 watermelon-server-0.1/node_modules/undici-types/client.d.ts
-rw-r--r-- okg4/okg4      8870 2026-08-18 20:45 watermelon-server-0.1/node_modules/undici-types/webidl.d.ts
-rw-r--r-- okg4/okg4       169 2026-08-18 20:45 watermelon-server-0.1/node_modules/undici-types/dispatcher1-wrapper.d.ts
-rw-r--r-- okg4/okg4       561 2026-08-18 20:45 watermelon-server-0.1/node_modules/undici-types/content-type.d.ts
-rw-r--r-- okg4/okg4      1251 2026-08-18 20:45 watermelon-server-0.1/node_modules/undici-types/cache.d.ts
-rw-r--r-- okg4/okg4      1062 2026-08-18 20:45 watermelon-server-0.1/node_modules/undici-types/agent.d.ts
-rw-r--r-- okg4/okg4      1794 2026-08-18 20:45 watermelon-server-0.1/node_modules/undici-types/eventsource.d.ts
-rw-r--r-- okg4/okg4      1192 2026-08-18 20:45 watermelon-server-0.1/node_modules/undici-types/package.json
-rw-r--r-- okg4/okg4       806 2026-08-18 20:45 watermelon-server-0.1/node_modules/undici-types/proxy-agent.d.ts
-rw-r--r-- okg4/okg4      1037 2026-08-18 20:45 watermelon-server-0.1/node_modules/undici-types/mock-pool.d.ts
-rw-r--r-- okg4/okg4       176 2026-08-18 20:45 watermelon-server-0.1/node_modules/undici-types/global-origin.d.ts
drwxr-xr-x okg4/okg4         0 2026-08-18 20:45 watermelon-server-0.1/node_modules/@jridgewell/
-rw-r--r-- okg4/okg4      6331 2026-08-18 20:45 watermelon-server-0.1/node_modules/.package-lock.json
drwxr-xr-x okg4/okg4         0 2026-08-18 20:45 watermelon-server-0.1/node_modules/hono/
-rw-r--r-- okg4/okg4      3639 2026-08-18 20:45 watermelon-server-0.1/node_modules/hono/README.md
drwxr-xr-x okg4/okg4         0 2026-08-18 20:45 watermelon-server-0.1/node_modules/hono/dist/
drwxr-xr-x okg4/okg4         0 2026-08-18 20:45 watermelon-server-0.1/node_modules/hono/dist/client/
-rw-r--r-- okg4/okg4      1717 2026-08-18 20:45 watermelon-server-0.1/node_modules/hono/dist/client/fetch-result-please.js
-rw-r--r-- okg4/okg4      1967 2026-08-18 20:45 watermelon-server-0.1/node_modules/hono/dist/client/utils.js
-rw-r--r-- okg4/okg4       167 2026-08-18 20:45 watermelon-server-0.1/node_modules/hono/dist/client/index.js
-rw-r--r-- okg4/okg4      5417 2026-08-18 20:45 watermelon-server-0.1/node_modules/hono/dist/client/client.js
-rw-r--r-- okg4/okg4         0 2026-08-18 20:45 watermelon-server-0.1/node_modules/hono/dist/client/types.js
-rw-r--r-- okg4/okg4      1161 2026-08-18 20:45 watermelon-server-0.1/node_modules/hono/dist/compose.js
-rw-r--r-- okg4/okg4     11175 2026-08-18 20:45 watermelon-server-0.1/node_modules/hono/dist/context.js
-rw-r--r-- okg4/okg4       120 2026-08-18 20:45 watermelon-server-0.1/node_modules/hono/dist/index.js
drwxr-xr-x okg4/okg4         0 2026-08-18 20:45 watermelon-server-0.1/node_modules/hono/dist/preset/
-rw-r--r-- okg4/okg4       466 2026-08-18 20:45 watermelon-server-0.1/node_modules/hono/dist/preset/quick.js
-rw-r--r-- okg4/okg4       284 2026-08-18 20:45 watermelon-server-0.1/node_modules/hono/dist/preset/tiny.js
-rw-r--r-- okg4/okg4       610 2026-08-18 20:45 watermelon-server-0.1/node_modules/hono/dist/hono.js
drwxr-xr-x okg4/okg4         0 2026-08-18 20:45 watermelon-server-0.1/node_modules/hono/dist/adapter/
drwxr-xr-x okg4/okg4         0 2026-08-18 20:45 watermelon-server-0.1/node_modules/hono/dist/adapter/cloudflare-pages/
-rw-r--r-- okg4/okg4       227 2026-08-18 20:45 watermelon-server-0.1/node_modules/hono/dist/adapter/cloudflare-pages/index.js
-rw-r--r-- okg4/okg4       164 2026-08-18 20:45 watermelon-server-0.1/node_modules/hono/dist/adapter/cloudflare-pages/conninfo.js
-rw-r--r-- okg4/okg4      1619 2026-08-18 20:45 watermelon-server-0.1/node_modules/hono/dist/adapter/cloudflare-pages/handler.js
drwxr-xr-x okg4/okg4         0 2026-08-18 20:45 watermelon-server-0.1/node_modules/hono/dist/adapter/netlify/
-rw-r--r-- okg4/okg4        58 2026-08-18 20:45 watermelon-server-0.1/node_modules/hono/dist/adapter/netlify/index.js
-rw-r--r-- okg4/okg4       150 2026-08-18 20:45 watermelon-server-0.1/node_modules/hono/dist/adapter/netlify/mod.js
-rw-r--r-- okg4/okg4       140 2026-08-18 20:45 watermelon-server-0.1/node_modules/hono/dist/adapter/netlify/conninfo.js
-rw-r--r-- okg4/okg4       156 2026-08-18 20:45 watermelon-server-0.1/node_modules/hono/dist/adapter/netlify/handler.js
drwxr-xr-x okg4/okg4         0 2026-08-18 20:45 watermelon-server-0.1/node_modules/hono/dist/adapter/cloudflare-workers/
-rw-r--r-- okg4/okg4      1259 2026-08-18 20:45 watermelon-server-0.1/node_modules/hono/dist/adapter/cloudflare-workers/websocket.js
-rw-r--r-- okg4/okg4       915 2026-08-18 20:45 watermelon-server-0.1/node_modules/hono/dist/adapter/cloudflare-workers/utils.js
-rw-r--r-- okg4/okg4       256 2026-08-18 20:45 watermelon-server-0.1/node_modules/hono/dist/adapter/cloudflare-workers/index.js
-rw-r--r-- okg4/okg4       166 2026-08-18 20:45 watermelon-server-0.1/node_modules/hono/dist/adapter/cloudflare-workers/conninfo.js
-rw-r--r-- okg4/okg4       204 2026-08-18 20:45 watermelon-server-0.1/node_modules/hono/dist/adapter/cloudflare-workers/serve-static-module.js
-rw-r--r-- okg4/okg4       720 2026-08-18 20:45 watermelon-server-0.1/node_modules/hono/dist/adapter/cloudflare-workers/serve-static.js
drwxr-xr-x okg4/okg4         0 2026-08-18 20:45 watermelon-server-0.1/node_modules/hono/dist/adapter/bun/
-rw-r--r-- okg4/okg4      2030 2026-08-18 20:45 watermelon-server-0.1/node_modules/hono/dist/adapter/bun/websocket.js
-rw-r--r-- okg4/okg4       447 2026-08-18 20:45 watermelon-server-0.1/node_modules/hono/dist/adapter/bun/index.js
-rw-r--r-- okg4/okg4       379 2026-08-18 20:45 watermelon-server-0.1/node_modules/hono/dist/adapter/bun/ssg.js
-rw-r--r-- okg4/okg4       655 2026-08-18 20:45 watermelon-server-0.1/node_modules/hono/dist/adapter/bun/conninfo.js
-rw-r--r-- okg4/okg4       752 2026-08-18 20:45 watermelon-server-0.1/node_modules/hono/dist/adapter/bun/serve-static.js
-rw-r--r-- okg4/okg4       124 2026-08-18 20:45 watermelon-server-0.1/node_modules/hono/dist/adapter/bun/server.js
drwxr-xr-x okg4/okg4         0 2026-08-18 20:45 watermelon-server-0.1/node_modules/hono/dist/adapter/lambda-edge/
-rw-r--r-- okg4/okg4       156 2026-08-18 20:45 watermelon-server-0.1/node_modules/hono/dist/adapter/lambda-edge/index.js
-rw-r--r-- okg4/okg4       169 2026-08-18 20:45 watermelon-server-0.1/node_modules/hono/dist/adapter/lambda-edge/conninfo.js
-rw-r--r-- okg4/okg4      3137 2026-08-18 20:45 watermelon-server-0.1/node_modules/hono/dist/adapter/lambda-edge/handler.js
drwxr-xr-x okg4/okg4         0 2026-08-18 20:45 watermelon-server-0.1/node_modules/hono/dist/adapter/service-worker/
-rw-r--r-- okg4/okg4       192 2026-08-18 20:45 watermelon-server-0.1/node_modules/hono/dist/adapter/service-worker/index.js
-rw-r--r-- okg4/okg4         0 2026-08-18 20:45 watermelon-server-0.1/node_modules/hono/dist/adapter/service-worker/types.js
-rw-r--r-- okg4/okg4       490 2026-08-18 20:45 watermelon-server-0.1/node_modules/hono/dist/adapter/service-worker/handler.js
drwxr-xr-x okg4/okg4         0 2026-08-18 20:45 watermelon-server-0.1/node_modules/hono/dist/adapter/aws-lambda/
-rw-r--r-- okg4/okg4       243 2026-08-18 20:45 watermelon-server-0.1/node_modules/hono/dist/adapter/aws-lambda/index.js
-rw-r--r-- okg4/okg4         0 2026-08-18 20:45 watermelon-server-0.1/node_modules/hono/dist/adapter/aws-lambda/types.js
-rw-r--r-- okg4/okg4       610 2026-08-18 20:45 watermelon-server-0.1/node_modules/hono/dist/adapter/aws-lambda/conninfo.js
-rw-r--r-- okg4/okg4     11203 2026-08-18 20:45 watermelon-server-0.1/node_modules/hono/dist/adapter/aws-lambda/handler.js
drwxr-xr-x okg4/okg4         0 2026-08-18 20:45 watermelon-server-0.1/node_modules/hono/dist/adapter/vercel/
-rw-r--r-- okg4/okg4       151 2026-08-18 20:45 watermelon-server-0.1/node_modules/hono/dist/adapter/vercel/index.js
-rw-r--r-- okg4/okg4       278 2026-08-18 20:45 watermelon-server-0.1/node_modules/hono/dist/adapter/vercel/conninfo.js
-rw-r--r-- okg4/okg4       115 2026-08-18 20:45 watermelon-server-0.1/node_modules/hono/dist/adapter/vercel/handler.js
drwxr-xr-x okg4/okg4         0 2026-08-18 20:45 watermelon-server-0.1/node_modules/hono/dist/adapter/deno/
-rw-r--r-- okg4/okg4      1116 2026-08-18 20:45 watermelon-server-0.1/node_modules/hono/dist/adapter/deno/websocket.js
-rw-r--r-- okg4/okg4       324 2026-08-18 20:45 watermelon-server-0.1/node_modules/hono/dist/adapter/deno/index.js
-rw-r--r-- okg4/okg4       566 2026-08-18 20:45 watermelon-server-0.1/node_modules/hono/dist/adapter/deno/ssg.js
-rw-r--r-- okg4/okg4         0 2026-08-18 20:45 watermelon-server-0.1/node_modules/hono/dist/adapter/deno/deno.d.js
-rw-r--r-- okg4/okg4       259 2026-08-18 20:45 watermelon-server-0.1/node_modules/hono/dist/adapter/deno/conninfo.js
-rw-r--r-- okg4/okg4       937 2026-08-18 20:45 watermelon-server-0.1/node_modules/hono/dist/adapter/deno/serve-static.js
-rw-r--r-- okg4/okg4        77 2026-08-18 20:45 watermelon-server-0.1/node_modules/hono/dist/types.js
drwxr-xr-x okg4/okg4         0 2026-08-18 20:45 watermelon-server-0.1/node_modules/hono/dist/utils/
-rw-r--r-- okg4/okg4         0 2026-08-18 20:45 watermelon-server-0.1/node_modules/hono/dist/utils/headers.js
-rw-r--r-- okg4/okg4       864 2026-08-18 20:45 watermelon-server-0.1/node_modules/hono/dist/utils/encode.js
-rw-r--r-- okg4/okg4      7947 2026-08-18 20:45 watermelon-server-0.1/node_modules/hono/dist/utils/ipaddr.js
-rw-r--r-- okg4/okg4       765 2026-08-18 20:45 watermelon-server-0.1/node_modules/hono/dist/utils/color.js
-rw-r--r-- okg4/okg4      2813 2026-08-18 20:45 watermelon-server-0.1/node_modules/hono/dist/utils/body.js
-rw-r--r-- okg4/okg4       853 2026-08-18 20:45 watermelon-server-0.1/node_modules/hono/dist/utils/concurrent.js
-rw-r--r-- okg4/okg4         0 2026-08-18 20:45 watermelon-server-0.1/node_modules/hono/dist/utils/types.js
-rw-r--r-- okg4/okg4      1017 2026-08-18 20:45 watermelon-server-0.1/node_modules/hono/dist/utils/filepath.js
-rw-r--r-- okg4/okg4      2199 2026-08-18 20:45 watermelon-server-0.1/node_modules/hono/dist/utils/buffer.js
-rw-r--r-- okg4/okg4      2126 2026-08-18 20:45 watermelon-server-0.1/node_modules/hono/dist/utils/mime.js
-rw-r--r-- okg4/okg4       761 2026-08-18 20:45 watermelon-server-0.1/node_modules/hono/dist/utils/compress.js
drwxr-xr-x okg4/okg4         0 2026-08-18 20:45 watermelon-server-0.1/node_modules/hono/dist/utils/jwt/
-rw-r--r-- okg4/okg4       660 2026-08-18 20:45 watermelon-server-0.1/node_modules/hono/dist/utils/jwt/jwa.js
-rw-r--r-- okg4/okg4       161 2026-08-18 20:45 watermelon-server-0.1/node_modules/hono/dist/utils/jwt/index.js
-rw-r--r-- okg4/okg4      3790 2026-08-18 20:45 watermelon-server-0.1/node_modules/hono/dist/utils/jwt/types.js
-rw-r--r-- okg4/okg4      5187 2026-08-18 20:45 watermelon-server-0.1/node_modules/hono/dist/utils/jwt/jws.js
-rw-r--r-- okg4/okg4      6471 2026-08-18 20:45 watermelon-server-0.1/node_modules/hono/dist/utils/jwt/jwt.js
-rw-r--r-- okg4/okg4       140 2026-08-18 20:45 watermelon-server-0.1/node_modules/hono/dist/utils/jwt/utf8.js
-rw-r--r-- okg4/okg4      6582 2026-08-18 20:45 watermelon-server-0.1/node_modules/hono/dist/utils/url.js
-rw-r--r-- okg4/okg4      1144 2026-08-18 20:45 watermelon-server-0.1/node_modules/hono/dist/utils/crypto.js
-rw-r--r-- okg4/okg4      3001 2026-08-18 20:45 watermelon-server-0.1/node_modules/hono/dist/utils/html.js
-rw-r--r-- okg4/okg4      5673 2026-08-18 20:45 watermelon-server-0.1/node_modules/hono/dist/utils/accept.js
-rw-r--r-- okg4/okg4      1890 2026-08-18 20:45 watermelon-server-0.1/node_modules/hono/dist/utils/stream.js
-rw-r--r-- okg4/okg4       628 2026-08-18 20:45 watermelon-server-0.1/node_modules/hono/dist/utils/basic-auth.js
-rw-r--r-- okg4/okg4       387 2026-08-18 20:45 watermelon-server-0.1/node_modules/hono/dist/utils/handler.js
-rw-r--r-- okg4/okg4         0 2026-08-18 20:45 watermelon-server-0.1/node_modules/hono/dist/utils/http-status.js
-rw-r--r-- okg4/okg4      5818 2026-08-18 20:45 watermelon-server-0.1/node_modules/hono/dist/utils/cookie.js
-rw-r--r-- okg4/okg4       102 2026-08-18 20:45 watermelon-server-0.1/node_modules/hono/dist/utils/constants.js
drwxr-xr-x okg4/okg4         0 2026-08-18 20:45 watermelon-server-0.1/node_modules/hono/dist/validator/
-rw-r--r-- okg4/okg4      2797 2026-08-18 20:45 watermelon-server-0.1/node_modules/hono/dist/validator/validator.js
-rw-r--r-- okg4/okg4         0 2026-08-18 20:45 watermelon-server-0.1/node_modules/hono/dist/validator/utils.js
-rw-r--r-- okg4/okg4        94 2026-08-18 20:45 watermelon-server-0.1/node_modules/hono/dist/validator/index.js
-rw-r--r-- okg4/okg4     11447 2026-08-18 20:45 watermelon-server-0.1/node_modules/hono/dist/hono-base.js
-rw-r--r-- okg4/okg4      8012 2026-08-18 20:45 watermelon-server-0.1/node_modules/hono/dist/request.js
drwxr-xr-x okg4/okg4         0 2026-08-18 20:45 watermelon-server-0.1/node_modules/hono/dist/jsx/
-rw-r--r-- okg4/okg4      5038 2026-08-18 20:45 watermelon-server-0.1/node_modules/hono/dist/jsx/context.js
-rw-r--r-- okg4/okg4       444 2026-08-18 20:45 watermelon-server-0.1/node_modules/hono/dist/jsx/jsx-dev-runtime.js
-rw-r--r-- okg4/okg4      4841 2026-08-18 20:45 watermelon-server-0.1/node_modules/hono/dist/jsx/utils.js
-rw-r--r-- okg4/okg4      1942 2026-08-18 20:45 watermelon-server-0.1/node_modules/hono/dist/jsx/index.js
drwxr-xr-x okg4/okg4         0 2026-08-18 20:45 watermelon-server-0.1/node_modules/hono/dist/jsx/intrinsic-element/
-rw-r--r-- okg4/okg4       632 2026-08-18 20:45 watermelon-server-0.1/node_modules/hono/dist/jsx/intrinsic-element/common.js
-rw-r--r-- okg4/okg4      5580 2026-08-18 20:45 watermelon-server-0.1/node_modules/hono/dist/jsx/intrinsic-element/components.js
drwxr-xr-x okg4/okg4         0 2026-08-18 20:45 watermelon-server-0.1/node_modules/hono/dist/jsx/dom/
-rw-r--r-- okg4/okg4      1128 2026-08-18 20:45 watermelon-server-0.1/node_modules/hono/dist/jsx/dom/context.js
-rw-r--r-- okg4/okg4       416 2026-08-18 20:45 watermelon-server-0.1/node_modules/hono/dist/jsx/dom/jsx-dev-runtime.js
-rw-r--r-- okg4/okg4       195 2026-08-18 20:45 watermelon-server-0.1/node_modules/hono/dist/jsx/dom/utils.js
-rw-r--r-- okg4/okg4      2962 2026-08-18 20:45 watermelon-server-0.1/node_modules/hono/dist/jsx/dom/index.js
drwxr-xr-x okg4/okg4         0 2026-08-18 20:45 watermelon-server-0.1/node_modules/hono/dist/jsx/dom/intrinsic-element/
-rw-r--r-- okg4/okg4     10014 2026-08-18 20:45 watermelon-server-0.1/node_modules/hono/dist/jsx/dom/intrinsic-element/components.js
-rw-r--r-- okg4/okg4     19369 2026-08-18 20:45 watermelon-server-0.1/node_modules/hono/dist/jsx/dom/render.js
-rw-r--r-- okg4/okg4      1257 2026-08-18 20:45 watermelon-server-0.1/node_modules/hono/dist/jsx/dom/client.js
-rw-r--r-- okg4/okg4       726 2026-08-18 20:45 watermelon-server-0.1/node_modules/hono/dist/jsx/dom/components.js
-rw-r--r-- okg4/okg4      4041 2026-08-18 20:45 watermelon-server-0.1/node_modules/hono/dist/jsx/dom/css.js
drwxr-xr-x okg4/okg4         0 2026-08-18 20:45 watermelon-server-0.1/node_modules/hono/dist/jsx/dom/hooks/
-rw-r--r-- okg4/okg4      1336 2026-08-18 20:45 watermelon-server-0.1/node_modules/hono/dist/jsx/dom/hooks/index.js
-rw-r--r-- okg4/okg4       204 2026-08-18 20:45 watermelon-server-0.1/node_modules/hono/dist/jsx/dom/jsx-runtime.js
-rw-r--r-- okg4/okg4       996 2026-08-18 20:45 watermelon-server-0.1/node_modules/hono/dist/jsx/dom/server.js
-rw-r--r-- okg4/okg4      6578 2026-08-18 20:45 watermelon-server-0.1/node_modules/hono/dist/jsx/components.js
-rw-r--r-- okg4/okg4         0 2026-08-18 20:45 watermelon-server-0.1/node_modules/hono/dist/jsx/types.js
drwxr-xr-x okg4/okg4         0 2026-08-18 20:45 watermelon-server-0.1/node_modules/hono/dist/jsx/hooks/
-rw-r--r-- okg4/okg4      9421 2026-08-18 20:45 watermelon-server-0.1/node_modules/hono/dist/jsx/hooks/index.js
-rw-r--r-- okg4/okg4      4959 2026-08-18 20:45 watermelon-server-0.1/node_modules/hono/dist/jsx/streaming.js
-rw-r--r-- okg4/okg4      1354 2026-08-18 20:45 watermelon-server-0.1/node_modules/hono/dist/jsx/jsx-runtime.js
-rw-r--r-- okg4/okg4       535 2026-08-18 20:45 watermelon-server-0.1/node_modules/hono/dist/jsx/children.js
-rw-r--r-- okg4/okg4         0 2026-08-18 20:45 watermelon-server-0.1/node_modules/hono/dist/jsx/intrinsic-elements.js
-rw-r--r-- okg4/okg4     10045 2026-08-18 20:45 watermelon-server-0.1/node_modules/hono/dist/jsx/base.js
-rw-r--r-- okg4/okg4       458 2026-08-18 20:45 watermelon-server-0.1/node_modules/hono/dist/jsx/constants.js
drwxr-xr-x okg4/okg4         0 2026-08-18 20:45 watermelon-server-0.1/node_modules/hono/dist/middleware/
drwxr-xr-x okg4/okg4         0 2026-08-18 20:45 watermelon-server-0.1/node_modules/hono/dist/middleware/trailing-slash/
-rw-r--r-- okg4/okg4      1582 2026-08-18 20:45 watermelon-server-0.1/node_modules/hono/dist/middleware/trailing-slash/index.js
drwxr-xr-x okg4/okg4         0 2026-08-18 20:45 watermelon-server-0.1/node_modules/hono/dist/middleware/jsx-renderer/
-rw-r--r-- okg4/okg4      1787 2026-08-18 20:45 watermelon-server-0.1/node_modules/hono/dist/middleware/jsx-renderer/index.js
drwxr-xr-x okg4/okg4         0 2026-08-18 20:45 watermelon-server-0.1/node_modules/hono/dist/middleware/timeout/
-rw-r--r-- okg4/okg4       692 2026-08-18 20:45 watermelon-server-0.1/node_modules/hono/dist/middleware/timeout/index.js
drwxr-xr-x okg4/okg4         0 2026-08-18 20:45 watermelon-server-0.1/node_modules/hono/dist/middleware/language/
-rw-r--r-- okg4/okg4      5093 2026-08-18 20:45 watermelon-server-0.1/node_modules/hono/dist/middleware/language/language.js
-rw-r--r-- okg4/okg4       273 2026-08-18 20:45 watermelon-server-0.1/node_modules/hono/dist/middleware/language/index.js
drwxr-xr-x okg4/okg4         0 2026-08-18 20:45 watermelon-server-0.1/node_modules/hono/dist/middleware/body-limit/
-rw-r--r-- okg4/okg4      1509 2026-08-18 20:45 watermelon-server-0.1/node_modules/hono/dist/middleware/body-limit/index.js
drwxr-xr-x okg4/okg4         0 2026-08-18 20:45 watermelon-server-0.1/node_modules/hono/dist/middleware/request-id/
-rw-r--r-- okg4/okg4       529 2026-08-18 20:45 watermelon-server-0.1/node_modules/hono/dist/middleware/request-id/request-id.js
-rw-r--r-- okg4/okg4       107 2026-08-18 20:45 watermelon-server-0.1/node_modules/hono/dist/middleware/request-id/index.js
drwxr-xr-x okg4/okg4         0 2026-08-18 20:45 watermelon-server-0.1/node_modules/hono/dist/middleware/context-storage/
-rw-r--r-- okg4/okg4       558 2026-08-18 20:45 watermelon-server-0.1/node_modules/hono/dist/middleware/context-storage/index.js
drwxr-xr-x okg4/okg4         0 2026-08-18 20:45 watermelon-server-0.1/node_modules/hono/dist/middleware/compress/
-rw-r--r-- okg4/okg4      3045 2026-08-18 20:45 watermelon-server-0.1/node_modules/hono/dist/middleware/compress/index.js
drwxr-xr-x okg4/okg4         0 2026-08-18 20:45 watermelon-server-0.1/node_modules/hono/dist/middleware/jwk/
-rw-r--r-- okg4/okg4        81 2026-08-18 20:45 watermelon-server-0.1/node_modules/hono/dist/middleware/jwk/index.js
-rw-r--r-- okg4/okg4      3836 2026-08-18 20:45 watermelon-server-0.1/node_modules/hono/dist/middleware/jwk/jwk.js
drwxr-xr-x okg4/okg4         0 2026-08-18 20:45 watermelon-server-0.1/node_modules/hono/dist/middleware/bearer-auth/
-rw-r--r-- okg4/okg4      3820 2026-08-18 20:45 watermelon-server-0.1/node_modules/hono/dist/middleware/bearer-auth/index.js
drwxr-xr-x okg4/okg4         0 2026-08-18 20:45 watermelon-server-0.1/node_modules/hono/dist/middleware/logger/
-rw-r--r-- okg4/okg4      1466 2026-08-18 20:45 watermelon-server-0.1/node_modules/hono/dist/middleware/logger/index.js
drwxr-xr-x okg4/okg4         0 2026-08-18 20:45 watermelon-server-0.1/node_modules/hono/dist/middleware/method-override/
-rw-r--r-- okg4/okg4      2740 2026-08-18 20:45 watermelon-server-0.1/node_modules/hono/dist/middleware/method-override/index.js
drwxr-xr-x okg4/okg4         0 2026-08-18 20:45 watermelon-server-0.1/node_modules/hono/dist/middleware/cache/
-rw-r--r-- okg4/okg4      6901 2026-08-18 20:45 watermelon-server-0.1/node_modules/hono/dist/middleware/cache/index.js
drwxr-xr-x okg4/okg4         0 2026-08-18 20:45 watermelon-server-0.1/node_modules/hono/dist/middleware/csrf/
-rw-r--r-- okg4/okg4      2133 2026-08-18 20:45 watermelon-server-0.1/node_modules/hono/dist/middleware/csrf/index.js
drwxr-xr-x okg4/okg4         0 2026-08-18 20:45 watermelon-server-0.1/node_modules/hono/dist/middleware/serve-static/
-rw-r--r-- okg4/okg4       512 2026-08-18 20:45 watermelon-server-0.1/node_modules/hono/dist/middleware/serve-static/path.js
-rw-r--r-- okg4/okg4      2518 2026-08-18 20:45 watermelon-server-0.1/node_modules/hono/dist/middleware/serve-static/index.js
drwxr-xr-x okg4/okg4         0 2026-08-18 20:45 watermelon-server-0.1/node_modules/hono/dist/middleware/ip-restriction/
-rw-r--r-- okg4/okg4      5177 2026-08-18 20:45 watermelon-server-0.1/node_modules/hono/dist/middleware/ip-restriction/index.js
drwxr-xr-x okg4/okg4         0 2026-08-18 20:45 watermelon-server-0.1/node_modules/hono/dist/middleware/combine/
-rw-r--r-- okg4/okg4      2108 2026-08-18 20:45 watermelon-server-0.1/node_modules/hono/dist/middleware/combine/index.js
drwxr-xr-x okg4/okg4         0 2026-08-18 20:45 watermelon-server-0.1/node_modules/hono/dist/middleware/jwt/
-rw-r--r-- okg4/okg4       240 2026-08-18 20:45 watermelon-server-0.1/node_modules/hono/dist/middleware/jwt/index.js
-rw-r--r-- okg4/okg4      3622 2026-08-18 20:45 watermelon-server-0.1/node_modules/hono/dist/middleware/jwt/jwt.js
drwxr-xr-x okg4/okg4         0 2026-08-18 20:45 watermelon-server-0.1/node_modules/hono/dist/middleware/etag/
-rw-r--r-- okg4/okg4      2016 2026-08-18 20:45 watermelon-server-0.1/node_modules/hono/dist/middleware/etag/index.js
-rw-r--r-- okg4/okg4      2353 2026-08-18 20:45 watermelon-server-0.1/node_modules/hono/dist/middleware/etag/digest.js
drwxr-xr-x okg4/okg4         0 2026-08-18 20:45 watermelon-server-0.1/node_modules/hono/dist/middleware/pretty-json/
-rw-r--r-- okg4/okg4       531 2026-08-18 20:45 watermelon-server-0.1/node_modules/hono/dist/middleware/pretty-json/index.js
drwxr-xr-x okg4/okg4         0 2026-08-18 20:45 watermelon-server-0.1/node_modules/hono/dist/middleware/basic-auth/
-rw-r--r-- okg4/okg4      2437 2026-08-18 20:45 watermelon-server-0.1/node_modules/hono/dist/middleware/basic-auth/index.js
drwxr-xr-x okg4/okg4         0 2026-08-18 20:45 watermelon-server-0.1/node_modules/hono/dist/middleware/method-not-allowed/
-rw-r--r-- okg4/okg4      2575 2026-08-18 20:45 watermelon-server-0.1/node_modules/hono/dist/middleware/method-not-allowed/index.js
drwxr-xr-x okg4/okg4         0 2026-08-18 20:45 watermelon-server-0.1/node_modules/hono/dist/middleware/secure-headers/
-rw-r--r-- okg4/okg4         0 2026-08-18 20:45 watermelon-server-0.1/node_modules/hono/dist/middleware/secure-headers/permissions-policy.js
-rw-r--r-- okg4/okg4       139 2026-08-18 20:45 watermelon-server-0.1/node_modules/hono/dist/middleware/secure-headers/index.js
-rw-r--r-- okg4/okg4      6104 2026-08-18 20:45 watermelon-server-0.1/node_modules/hono/dist/middleware/secure-headers/secure-headers.js
drwxr-xr-x okg4/okg4         0 2026-08-18 20:45 watermelon-server-0.1/node_modules/hono/dist/middleware/cors/
-rw-r--r-- okg4/okg4      2880 2026-08-18 20:45 watermelon-server-0.1/node_modules/hono/dist/middleware/cors/index.js
drwxr-xr-x okg4/okg4         0 2026-08-18 20:45 watermelon-server-0.1/node_modules/hono/dist/middleware/powered-by/
-rw-r--r-- okg4/okg4       235 2026-08-18 20:45 watermelon-server-0.1/node_modules/hono/dist/middleware/powered-by/index.js
drwxr-xr-x okg4/okg4         0 2026-08-18 20:45 watermelon-server-0.1/node_modules/hono/dist/middleware/timing/
-rw-r--r-- okg4/okg4       183 2026-08-18 20:45 watermelon-server-0.1/node_modules/hono/dist/middleware/timing/index.js
-rw-r--r-- okg4/okg4      2971 2026-08-18 20:45 watermelon-server-0.1/node_modules/hono/dist/middleware/timing/timing.js
drwxr-xr-x okg4/okg4         0 2026-08-18 20:45 watermelon-server-0.1/node_modules/hono/dist/request/
-rw-r--r-- okg4/okg4       108 2026-08-18 20:45 watermelon-server-0.1/node_modules/hono/dist/request/constants.js
-rw-r--r-- okg4/okg4       957 2026-08-18 20:45 watermelon-server-0.1/node_modules/hono/dist/http-exception.js
drwxr-xr-x okg4/okg4         0 2026-08-18 20:45 watermelon-server-0.1/node_modules/hono/dist/helper/
drwxr-xr-x okg4/okg4         0 2026-08-18 20:45 watermelon-server-0.1/node_modules/hono/dist/helper/dev/
-rw-r--r-- okg4/okg4      1789 2026-08-18 20:45 watermelon-server-0.1/node_modules/hono/dist/helper/dev/index.js
drwxr-xr-x okg4/okg4         0 2026-08-18 20:45 watermelon-server-0.1/node_modules/hono/dist/helper/conninfo/
-rw-r--r-- okg4/okg4         0 2026-08-18 20:45 watermelon-server-0.1/node_modules/hono/dist/helper/conninfo/index.js
-rw-r--r-- okg4/okg4         0 2026-08-18 20:45 watermelon-server-0.1/node_modules/hono/dist/helper/conninfo/types.js
drwxr-xr-x okg4/okg4         0 2026-08-18 20:45 watermelon-server-0.1/node_modules/hono/dist/helper/html/
-rw-r--r-- okg4/okg4      1472 2026-08-18 20:45 watermelon-server-0.1/node_modules/hono/dist/helper/html/index.js
drwxr-xr-x okg4/okg4         0 2026-08-18 20:45 watermelon-server-0.1/node_modules/hono/dist/helper/adapter/
-rw-r--r-- okg4/okg4      1447 2026-08-18 20:45 watermelon-server-0.1/node_modules/hono/dist/helper/adapter/index.js
drwxr-xr-x okg4/okg4         0 2026-08-18 20:45 watermelon-server-0.1/node_modules/hono/dist/helper/cookie/
-rw-r--r-- okg4/okg4      2791 2026-08-18 20:45 watermelon-server-0.1/node_modules/hono/dist/helper/cookie/index.js
drwxr-xr-x okg4/okg4         0 2026-08-18 20:45 watermelon-server-0.1/node_modules/hono/dist/helper/ssg/
-rw-r--r-- okg4/okg4      1107 2026-08-18 20:45 watermelon-server-0.1/node_modules/hono/dist/helper/ssg/middleware.js
-rw-r--r-- okg4/okg4      2130 2026-08-18 20:45 watermelon-server-0.1/node_modules/hono/dist/helper/ssg/utils.js
-rw-r--r-- okg4/okg4       369 2026-08-18 20:45 watermelon-server-0.1/node_modules/hono/dist/helper/ssg/index.js
-rw-r--r-- okg4/okg4      9771 2026-08-18 20:45 watermelon-server-0.1/node_modules/hono/dist/helper/ssg/ssg.js
-rw-r--r-- okg4/okg4      1242 2026-08-18 20:45 watermelon-server-0.1/node_modules/hono/dist/helper/ssg/plugins.js
drwxr-xr-x okg4/okg4         0 2026-08-18 20:45 watermelon-server-0.1/node_modules/hono/dist/helper/streaming/
-rw-r--r-- okg4/okg4       367 2026-08-18 20:45 watermelon-server-0.1/node_modules/hono/dist/helper/streaming/utils.js
-rw-r--r-- okg4/okg4       233 2026-08-18 20:45 watermelon-server-0.1/node_modules/hono/dist/helper/streaming/index.js
-rw-r--r-- okg4/okg4      2091 2026-08-18 20:45 watermelon-server-0.1/node_modules/hono/dist/helper/streaming/sse.js
-rw-r--r-- okg4/okg4       893 2026-08-18 20:45 watermelon-server-0.1/node_modules/hono/dist/helper/streaming/stream.js
-rw-r--r-- okg4/okg4       349 2026-08-18 20:45 watermelon-server-0.1/node_modules/hono/dist/helper/streaming/text.js
drwxr-xr-x okg4/okg4         0 2026-08-18 20:45 watermelon-server-0.1/node_modules/hono/dist/helper/css/
-rw-r--r-- okg4/okg4      7235 2026-08-18 20:45 watermelon-server-0.1/node_modules/hono/dist/helper/css/common.js
-rw-r--r-- okg4/okg4      4680 2026-08-18 20:45 watermelon-server-0.1/node_modules/hono/dist/helper/css/index.js
drwxr-xr-x okg4/okg4         0 2026-08-18 20:45 watermelon-server-0.1/node_modules/hono/dist/helper/route/
-rw-r--r-- okg4/okg4      1547 2026-08-18 20:45 watermelon-server-0.1/node_modules/hono/dist/helper/route/index.js
drwxr-xr-x okg4/okg4         0 2026-08-18 20:45 watermelon-server-0.1/node_modules/hono/dist/helper/factory/
-rw-r--r-- okg4/okg4       815 2026-08-18 20:45 watermelon-server-0.1/node_modules/hono/dist/helper/factory/index.js
drwxr-xr-x okg4/okg4         0 2026-08-18 20:45 watermelon-server-0.1/node_modules/hono/dist/helper/proxy/
-rw-r--r-- okg4/okg4      2788 2026-08-18 20:45 watermelon-server-0.1/node_modules/hono/dist/helper/proxy/index.js
drwxr-xr-x okg4/okg4         0 2026-08-18 20:45 watermelon-server-0.1/node_modules/hono/dist/helper/testing/
-rw-r--r-- okg4/okg4       330 2026-08-18 20:45 watermelon-server-0.1/node_modules/hono/dist/helper/testing/index.js
drwxr-xr-x okg4/okg4         0 2026-08-18 20:45 watermelon-server-0.1/node_modules/hono/dist/helper/accepts/
-rw-r--r-- okg4/okg4        93 2026-08-18 20:45 watermelon-server-0.1/node_modules/hono/dist/helper/accepts/index.js
-rw-r--r-- okg4/okg4       649 2026-08-18 20:45 watermelon-server-0.1/node_modules/hono/dist/helper/accepts/accepts.js
drwxr-xr-x okg4/okg4         0 2026-08-18 20:45 watermelon-server-0.1/node_modules/hono/dist/helper/websocket/
-rw-r--r-- okg4/okg4      1358 2026-08-18 20:45 watermelon-server-0.1/node_modules/hono/dist/helper/websocket/index.js
drwxr-xr-x okg4/okg4         0 2026-08-18 20:45 watermelon-server-0.1/node_modules/hono/dist/cjs/
drwxr-xr-x okg4/okg4         0 2026-08-18 20:45 watermelon-server-0.1/node_modules/hono/dist/cjs/client/
-rw-r--r-- okg4/okg4      2746 2026-08-18 20:45 watermelon-server-0.1/node_modules/hono/dist/cjs/client/fetch-result-please.js
-rw-r--r-- okg4/okg4      3294 2026-08-18 20:45 watermelon-server-0.1/node_modules/hono/dist/cjs/client/utils.js
-rw-r--r-- okg4/okg4      1229 2026-08-18 20:45 watermelon-server-0.1/node_modules/hono/dist/cjs/client/index.js
-rw-r--r-- okg4/okg4      6449 2026-08-18 20:45 watermelon-server-0.1/node_modules/hono/dist/cjs/client/client.js
-rw-r--r-- okg4/okg4       727 2026-08-18 20:45 watermelon-server-0.1/node_modules/hono/dist/cjs/client/types.js
-rw-r--r-- okg4/okg4      2140 2026-08-18 20:45 watermelon-server-0.1/node_modules/hono/dist/cjs/compose.js
-rw-r--r-- okg4/okg4     12192 2026-08-18 20:45 watermelon-server-0.1/node_modules/hono/dist/cjs/context.js
-rw-r--r-- okg4/okg4      1146 2026-08-18 20:45 watermelon-server-0.1/node_modules/hono/dist/cjs/index.js
drwxr-xr-x okg4/okg4         0 2026-08-18 20:45 watermelon-server-0.1/node_modules/hono/dist/cjs/preset/
-rw-r--r-- okg4/okg4      1494 2026-08-18 20:45 watermelon-server-0.1/node_modules/hono/dist/cjs/preset/quick.js
-rw-r--r-- okg4/okg4      1276 2026-08-18 20:45 watermelon-server-0.1/node_modules/hono/dist/cjs/preset/tiny.js
-rw-r--r-- okg4/okg4      1645 2026-08-18 20:45 watermelon-server-0.1/node_modules/hono/dist/cjs/hono.js
drwxr-xr-x okg4/okg4         0 2026-08-18 20:45 watermelon-server-0.1/node_modules/hono/dist/cjs/adapter/
drwxr-xr-x okg4/okg4         0 2026-08-18 20:45 watermelon-server-0.1/node_modules/hono/dist/cjs/adapter/cloudflare-pages/
-rw-r--r-- okg4/okg4      1352 2026-08-18 20:45 watermelon-server-0.1/node_modules/hono/dist/cjs/adapter/cloudflare-pages/index.js
-rw-r--r-- okg4/okg4      1128 2026-08-18 20:45 watermelon-server-0.1/node_modules/hono/dist/cjs/adapter/cloudflare-pages/conninfo.js
-rw-r--r-- okg4/okg4      2695 2026-08-18 20:45 watermelon-server-0.1/node_modules/hono/dist/cjs/adapter/cloudflare-pages/handler.js
drwxr-xr-x okg4/okg4         0 2026-08-18 20:45 watermelon-server-0.1/node_modules/hono/dist/cjs/adapter/netlify/
-rw-r--r-- okg4/okg4      1053 2026-08-18 20:45 watermelon-server-0.1/node_modules/hono/dist/cjs/adapter/netlify/index.js
-rw-r--r-- okg4/okg4      1170 2026-08-18 20:45 watermelon-server-0.1/node_modules/hono/dist/cjs/adapter/netlify/mod.js
-rw-r--r-- okg4/okg4      1113 2026-08-18 20:45 watermelon-server-0.1/node_modules/hono/dist/cjs/adapter/netlify/conninfo.js
-rw-r--r-- okg4/okg4      1117 2026-08-18 20:45 watermelon-server-0.1/node_modules/hono/dist/cjs/adapter/netlify/handler.js
drwxr-xr-x okg4/okg4         0 2026-08-18 20:45 watermelon-server-0.1/node_modules/hono/dist/cjs/adapter/cloudflare-workers/
-rw-r--r-- okg4/okg4      2246 2026-08-18 20:45 watermelon-server-0.1/node_modules/hono/dist/cjs/adapter/cloudflare-workers/websocket.js
-rw-r--r-- okg4/okg4      1891 2026-08-18 20:45 watermelon-server-0.1/node_modules/hono/dist/cjs/adapter/cloudflare-workers/utils.js
-rw-r--r-- okg4/okg4      1394 2026-08-18 20:45 watermelon-server-0.1/node_modules/hono/dist/cjs/adapter/cloudflare-workers/index.js
-rw-r--r-- okg4/okg4      1128 2026-08-18 20:45 watermelon-server-0.1/node_modules/hono/dist/cjs/adapter/cloudflare-workers/conninfo.js
-rw-r--r-- okg4/okg4      1204 2026-08-18 20:45 watermelon-server-0.1/node_modules/hono/dist/cjs/adapter/cloudflare-workers/serve-static-module.js
-rw-r--r-- okg4/okg4      1695 2026-08-18 20:45 watermelon-server-0.1/node_modules/hono/dist/cjs/adapter/cloudflare-workers/serve-static.js
drwxr-xr-x okg4/okg4         0 2026-08-18 20:45 watermelon-server-0.1/node_modules/hono/dist/cjs/adapter/bun/
-rw-r--r-- okg4/okg4      3174 2026-08-18 20:45 watermelon-server-0.1/node_modules/hono/dist/cjs/adapter/bun/websocket.js
-rw-r--r-- okg4/okg4      1743 2026-08-18 20:45 watermelon-server-0.1/node_modules/hono/dist/cjs/adapter/bun/index.js
-rw-r--r-- okg4/okg4      1382 2026-08-18 20:45 watermelon-server-0.1/node_modules/hono/dist/cjs/adapter/bun/ssg.js
-rw-r--r-- okg4/okg4      1648 2026-08-18 20:45 watermelon-server-0.1/node_modules/hono/dist/cjs/adapter/bun/conninfo.js
-rw-r--r-- okg4/okg4      1802 2026-08-18 20:45 watermelon-server-0.1/node_modules/hono/dist/cjs/adapter/bun/serve-static.js
-rw-r--r-- okg4/okg4      1099 2026-08-18 20:45 watermelon-server-0.1/node_modules/hono/dist/cjs/adapter/bun/server.js
drwxr-xr-x okg4/okg4         0 2026-08-18 20:45 watermelon-server-0.1/node_modules/hono/dist/cjs/adapter/lambda-edge/
-rw-r--r-- okg4/okg4      1194 2026-08-18 20:45 watermelon-server-0.1/node_modules/hono/dist/cjs/adapter/lambda-edge/index.js
-rw-r--r-- okg4/okg4      1138 2026-08-18 20:45 watermelon-server-0.1/node_modules/hono/dist/cjs/adapter/lambda-edge/conninfo.js
-rw-r--r-- okg4/okg4      4851 2026-08-18 20:45 watermelon-server-0.1/node_modules/hono/dist/cjs/adapter/lambda-edge/handler.js
drwxr-xr-x okg4/okg4         0 2026-08-18 20:45 watermelon-server-0.1/node_modules/hono/dist/cjs/adapter/service-worker/
-rw-r--r-- okg4/okg4      1228 2026-08-18 20:45 watermelon-server-0.1/node_modules/hono/dist/cjs/adapter/service-worker/index.js
-rw-r--r-- okg4/okg4       727 2026-08-18 20:45 watermelon-server-0.1/node_modules/hono/dist/cjs/adapter/service-worker/types.js
-rw-r--r-- okg4/okg4      1444 2026-08-18 20:45 watermelon-server-0.1/node_modules/hono/dist/cjs/adapter/service-worker/handler.js
drwxr-xr-x okg4/okg4         0 2026-08-18 20:45 watermelon-server-0.1/node_modules/hono/dist/cjs/adapter/aws-lambda/
-rw-r--r-- okg4/okg4      1367 2026-08-18 20:45 watermelon-server-0.1/node_modules/hono/dist/cjs/adapter/aws-lambda/index.js
-rw-r--r-- okg4/okg4       727 2026-08-18 20:45 watermelon-server-0.1/node_modules/hono/dist/cjs/adapter/aws-lambda/types.js
-rw-r--r-- okg4/okg4      1580 2026-08-18 20:45 watermelon-server-0.1/node_modules/hono/dist/cjs/adapter/aws-lambda/conninfo.js
-rw-r--r-- okg4/okg4     12579 2026-08-18 20:45 watermelon-server-0.1/node_modules/hono/dist/cjs/adapter/aws-lambda/handler.js
drwxr-xr-x okg4/okg4         0 2026-08-18 20:45 watermelon-server-0.1/node_modules/hono/dist/cjs/adapter/vercel/
-rw-r--r-- okg4/okg4      1179 2026-08-18 20:45 watermelon-server-0.1/node_modules/hono/dist/cjs/adapter/vercel/index.js
-rw-r--r-- okg4/okg4      1252 2026-08-18 20:45 watermelon-server-0.1/node_modules/hono/dist/cjs/adapter/vercel/conninfo.js
-rw-r--r-- okg4/okg4      1077 2026-08-18 20:45 watermelon-server-0.1/node_modules/hono/dist/cjs/adapter/vercel/handler.js
drwxr-xr-x okg4/okg4         0 2026-08-18 20:45 watermelon-server-0.1/node_modules/hono/dist/cjs/adapter/deno/
-rw-r--r-- okg4/okg4      2117 2026-08-18 20:45 watermelon-server-0.1/node_modules/hono/dist/cjs/adapter/deno/websocket.js
-rw-r--r-- okg4/okg4      1495 2026-08-18 20:45 watermelon-server-0.1/node_modules/hono/dist/cjs/adapter/deno/index.js
-rw-r--r-- okg4/okg4      1574 2026-08-18 20:45 watermelon-server-0.1/node_modules/hono/dist/cjs/adapter/deno/ssg.js
-rw-r--r-- okg4/okg4         0 2026-08-18 20:45 watermelon-server-0.1/node_modules/hono/dist/cjs/adapter/deno/deno.d.js
-rw-r--r-- okg4/okg4      1235 2026-08-18 20:45 watermelon-server-0.1/node_modules/hono/dist/cjs/adapter/deno/conninfo.js
-rw-r--r-- okg4/okg4      1957 2026-08-18 20:45 watermelon-server-0.1/node_modules/hono/dist/cjs/adapter/deno/serve-static.js
-rw-r--r-- okg4/okg4      1057 2026-08-18 20:45 watermelon-server-0.1/node_modules/hono/dist/cjs/types.js
drwxr-xr-x okg4/okg4         0 2026-08-18 20:45 watermelon-server-0.1/node_modules/hono/dist/cjs/utils/
-rw-r--r-- okg4/okg4       731 2026-08-18 20:45 watermelon-server-0.1/node_modules/hono/dist/cjs/utils/headers.js
-rw-r--r-- okg4/okg4      1971 2026-08-18 20:45 watermelon-server-0.1/node_modules/hono/dist/cjs/utils/encode.js
-rw-r--r-- okg4/okg4      9426 2026-08-18 20:45 watermelon-server-0.1/node_modules/hono/dist/cjs/utils/ipaddr.js
-rw-r--r-- okg4/okg4      1800 2026-08-18 20:45 watermelon-server-0.1/node_modules/hono/dist/cjs/utils/color.js
-rw-r--r-- okg4/okg4      3802 2026-08-18 20:45 watermelon-server-0.1/node_modules/hono/dist/cjs/utils/body.js
-rw-r--r-- okg4/okg4      1840 2026-08-18 20:45 watermelon-server-0.1/node_modules/hono/dist/cjs/utils/concurrent.js
-rw-r--r-- okg4/okg4       727 2026-08-18 20:45 watermelon-server-0.1/node_modules/hono/dist/cjs/utils/types.js
-rw-r--r-- okg4/okg4      2080 2026-08-18 20:45 watermelon-server-0.1/node_modules/hono/dist/cjs/utils/filepath.js
-rw-r--r-- okg4/okg4      3333 2026-08-18 20:45 watermelon-server-0.1/node_modules/hono/dist/cjs/utils/buffer.js
-rw-r--r-- okg4/okg4      3156 2026-08-18 20:45 watermelon-server-0.1/node_modules/hono/dist/cjs/utils/mime.js
-rw-r--r-- okg4/okg4      1784 2026-08-18 20:45 watermelon-server-0.1/node_modules/hono/dist/cjs/utils/compress.js
drwxr-xr-x okg4/okg4         0 2026-08-18 20:45 watermelon-server-0.1/node_modules/hono/dist/cjs/utils/jwt/
-rw-r--r-- okg4/okg4      1633 2026-08-18 20:45 watermelon-server-0.1/node_modules/hono/dist/cjs/utils/jwt/jwa.js
-rw-r--r-- okg4/okg4      1164 2026-08-18 20:45 watermelon-server-0.1/node_modules/hono/dist/cjs/utils/jwt/index.js
-rw-r--r-- okg4/okg4      5434 2026-08-18 20:45 watermelon-server-0.1/node_modules/hono/dist/cjs/utils/jwt/types.js
-rw-r--r-- okg4/okg4      6254 2026-08-18 20:45 watermelon-server-0.1/node_modules/hono/dist/cjs/utils/jwt/jws.js
-rw-r--r-- okg4/okg4      7740 2026-08-18 20:45 watermelon-server-0.1/node_modules/hono/dist/cjs/utils/jwt/jwt.js
-rw-r--r-- okg4/okg4      1147 2026-08-18 20:45 watermelon-server-0.1/node_modules/hono/dist/cjs/utils/jwt/utf8.js
-rw-r--r-- okg4/okg4      8107 2026-08-18 20:45 watermelon-server-0.1/node_modules/hono/dist/cjs/utils/url.js
-rw-r--r-- okg4/okg4      2189 2026-08-18 20:45 watermelon-server-0.1/node_modules/hono/dist/cjs/utils/crypto.js
-rw-r--r-- okg4/okg4      4216 2026-08-18 20:45 watermelon-server-0.1/node_modules/hono/dist/cjs/utils/html.js
-rw-r--r-- okg4/okg4      6668 2026-08-18 20:45 watermelon-server-0.1/node_modules/hono/dist/cjs/utils/accept.js
-rw-r--r-- okg4/okg4      2862 2026-08-18 20:45 watermelon-server-0.1/node_modules/hono/dist/cjs/utils/stream.js
-rw-r--r-- okg4/okg4      1623 2026-08-18 20:45 watermelon-server-0.1/node_modules/hono/dist/cjs/utils/basic-auth.js
-rw-r--r-- okg4/okg4      1448 2026-08-18 20:45 watermelon-server-0.1/node_modules/hono/dist/cjs/utils/handler.js
-rw-r--r-- okg4/okg4       739 2026-08-18 20:45 watermelon-server-0.1/node_modules/hono/dist/cjs/utils/http-status.js
-rw-r--r-- okg4/okg4      6916 2026-08-18 20:45 watermelon-server-0.1/node_modules/hono/dist/cjs/utils/cookie.js
-rw-r--r-- okg4/okg4      1097 2026-08-18 20:45 watermelon-server-0.1/node_modules/hono/dist/cjs/utils/constants.js
drwxr-xr-x okg4/okg4         0 2026-08-18 20:45 watermelon-server-0.1/node_modules/hono/dist/cjs/validator/
-rw-r--r-- okg4/okg4      3853 2026-08-18 20:45 watermelon-server-0.1/node_modules/hono/dist/cjs/validator/validator.js
-rw-r--r-- okg4/okg4       727 2026-08-18 20:45 watermelon-server-0.1/node_modules/hono/dist/cjs/validator/utils.js
-rw-r--r-- okg4/okg4      1093 2026-08-18 20:45 watermelon-server-0.1/node_modules/hono/dist/cjs/validator/index.js
-rw-r--r-- okg4/okg4     12585 2026-08-18 20:45 watermelon-server-0.1/node_modules/hono/dist/cjs/hono-base.js
-rw-r--r-- okg4/okg4      9106 2026-08-18 20:45 watermelon-server-0.1/node_modules/hono/dist/cjs/request.js
drwxr-xr-x okg4/okg4         0 2026-08-18 20:45 watermelon-server-0.1/node_modules/hono/dist/cjs/jsx/
-rw-r--r-- okg4/okg4      6277 2026-08-18 20:45 watermelon-server-0.1/node_modules/hono/dist/cjs/jsx/context.js
-rw-r--r-- okg4/okg4      1525 2026-08-18 20:45 watermelon-server-0.1/node_modules/hono/dist/cjs/jsx/jsx-dev-runtime.js
-rw-r--r-- okg4/okg4      6028 2026-08-18 20:45 watermelon-server-0.1/node_modules/hono/dist/cjs/jsx/utils.js
-rw-r--r-- okg4/okg4      5005 2026-08-18 20:45 watermelon-server-0.1/node_modules/hono/dist/cjs/jsx/index.js
drwxr-xr-x okg4/okg4         0 2026-08-18 20:45 watermelon-server-0.1/node_modules/hono/dist/cjs/jsx/intrinsic-element/
-rw-r--r-- okg4/okg4      1807 2026-08-18 20:45 watermelon-server-0.1/node_modules/hono/dist/cjs/jsx/intrinsic-element/common.js
-rw-r--r-- okg4/okg4      7061 2026-08-18 20:45 watermelon-server-0.1/node_modules/hono/dist/cjs/jsx/intrinsic-element/components.js
drwxr-xr-x okg4/okg4         0 2026-08-18 20:45 watermelon-server-0.1/node_modules/hono/dist/cjs/jsx/dom/
-rw-r--r-- okg4/okg4      2232 2026-08-18 20:45 watermelon-server-0.1/node_modules/hono/dist/cjs/jsx/dom/context.js
-rw-r--r-- okg4/okg4      2035 2026-08-18 20:45 watermelon-server-0.1/node_modules/hono/dist/cjs/jsx/dom/jsx-dev-runtime.js
-rw-r--r-- okg4/okg4      1197 2026-08-18 20:45 watermelon-server-0.1/node_modules/hono/dist/cjs/jsx/dom/utils.js
-rw-r--r-- okg4/okg4      6273 2026-08-18 20:45 watermelon-server-0.1/node_modules/hono/dist/cjs/jsx/dom/index.js
drwxr-xr-x okg4/okg4         0 2026-08-18 20:45 watermelon-server-0.1/node_modules/hono/dist/cjs/jsx/dom/intrinsic-element/
-rw-r--r-- okg4/okg4     11379 2026-08-18 20:45 watermelon-server-0.1/node_modules/hono/dist/cjs/jsx/dom/intrinsic-element/components.js
-rw-r--r-- okg4/okg4     21038 2026-08-18 20:45 watermelon-server-0.1/node_modules/hono/dist/cjs/jsx/dom/render.js
-rw-r--r-- okg4/okg4      2310 2026-08-18 20:45 watermelon-server-0.1/node_modules/hono/dist/cjs/jsx/dom/client.js
-rw-r--r-- okg4/okg4      1828 2026-08-18 20:45 watermelon-server-0.1/node_modules/hono/dist/cjs/jsx/dom/components.js
-rw-r--r-- okg4/okg4      5313 2026-08-18 20:45 watermelon-server-0.1/node_modules/hono/dist/cjs/jsx/dom/css.js
drwxr-xr-x okg4/okg4         0 2026-08-18 20:45 watermelon-server-0.1/node_modules/hono/dist/cjs/jsx/dom/hooks/
-rw-r--r-- okg4/okg4      2565 2026-08-18 20:45 watermelon-server-0.1/node_modules/hono/dist/cjs/jsx/dom/hooks/index.js
-rw-r--r-- okg4/okg4      1279 2026-08-18 20:45 watermelon-server-0.1/node_modules/hono/dist/cjs/jsx/dom/jsx-runtime.js
-rw-r--r-- okg4/okg4      2677 2026-08-18 20:45 watermelon-server-0.1/node_modules/hono/dist/cjs/jsx/dom/server.js
-rw-r--r-- okg4/okg4      7915 2026-08-18 20:45 watermelon-server-0.1/node_modules/hono/dist/cjs/jsx/components.js
-rw-r--r-- okg4/okg4       727 2026-08-18 20:45 watermelon-server-0.1/node_modules/hono/dist/cjs/jsx/types.js
drwxr-xr-x okg4/okg4         0 2026-08-18 20:45 watermelon-server-0.1/node_modules/hono/dist/cjs/jsx/hooks/
-rw-r--r-- okg4/okg4     11513 2026-08-18 20:45 watermelon-server-0.1/node_modules/hono/dist/cjs/jsx/hooks/index.js
-rw-r--r-- okg4/okg4      6347 2026-08-18 20:45 watermelon-server-0.1/node_modules/hono/dist/cjs/jsx/streaming.js
-rw-r--r-- okg4/okg4      2615 2026-08-18 20:45 watermelon-server-0.1/node_modules/hono/dist/cjs/jsx/jsx-runtime.js
-rw-r--r-- okg4/okg4      1542 2026-08-18 20:45 watermelon-server-0.1/node_modules/hono/dist/cjs/jsx/children.js
-rw-r--r-- okg4/okg4       753 2026-08-18 20:45 watermelon-server-0.1/node_modules/hono/dist/cjs/jsx/intrinsic-elements.js
-rw-r--r-- okg4/okg4     12259 2026-08-18 20:45 watermelon-server-0.1/node_modules/hono/dist/cjs/jsx/base.js
-rw-r--r-- okg4/okg4      1635 2026-08-18 20:45 watermelon-server-0.1/node_modules/hono/dist/cjs/jsx/constants.js
drwxr-xr-x okg4/okg4         0 2026-08-18 20:45 watermelon-server-0.1/node_modules/hono/dist/cjs/middleware/
drwxr-xr-x okg4/okg4         0 2026-08-18 20:45 watermelon-server-0.1/node_modules/hono/dist/cjs/middleware/trailing-slash/
-rw-r--r-- okg4/okg4      2630 2026-08-18 20:45 watermelon-server-0.1/node_modules/hono/dist/cjs/middleware/trailing-slash/index.js
drwxr-xr-x okg4/okg4         0 2026-08-18 20:45 watermelon-server-0.1/node_modules/hono/dist/cjs/middleware/jsx-renderer/
-rw-r--r-- okg4/okg4      2927 2026-08-18 20:45 watermelon-server-0.1/node_modules/hono/dist/cjs/middleware/jsx-renderer/index.js
drwxr-xr-x okg4/okg4         0 2026-08-18 20:45 watermelon-server-0.1/node_modules/hono/dist/cjs/middleware/timeout/
-rw-r--r-- okg4/okg4      1682 2026-08-18 20:45 watermelon-server-0.1/node_modules/hono/dist/cjs/middleware/timeout/index.js
drwxr-xr-x okg4/okg4         0 2026-08-18 20:45 watermelon-server-0.1/node_modules/hono/dist/cjs/middleware/language/
-rw-r--r-- okg4/okg4      6502 2026-08-18 20:45 watermelon-server-0.1/node_modules/hono/dist/cjs/middleware/language/language.js
-rw-r--r-- okg4/okg4      1419 2026-08-18 20:45 watermelon-server-0.1/node_modules/hono/dist/cjs/middleware/language/index.js
drwxr-xr-x okg4/okg4         0 2026-08-18 20:45 watermelon-server-0.1/node_modules/hono/dist/cjs/middleware/body-limit/
-rw-r--r-- okg4/okg4      2509 2026-08-18 20:45 watermelon-server-0.1/node_modules/hono/dist/cjs/middleware/body-limit/index.js
drwxr-xr-x okg4/okg4         0 2026-08-18 20:45 watermelon-server-0.1/node_modules/hono/dist/cjs/middleware/request-id/
-rw-r--r-- okg4/okg4      1496 2026-08-18 20:45 watermelon-server-0.1/node_modules/hono/dist/cjs/middleware/request-id/request-id.js
-rw-r--r-- okg4/okg4      1099 2026-08-18 20:45 watermelon-server-0.1/node_modules/hono/dist/cjs/middleware/request-id/index.js
drwxr-xr-x okg4/okg4         0 2026-08-18 20:45 watermelon-server-0.1/node_modules/hono/dist/cjs/middleware/context-storage/
-rw-r--r-- okg4/okg4      1655 2026-08-18 20:45 watermelon-server-0.1/node_modules/hono/dist/cjs/middleware/context-storage/index.js
drwxr-xr-x okg4/okg4         0 2026-08-18 20:45 watermelon-server-0.1/node_modules/hono/dist/cjs/middleware/compress/
-rw-r--r-- okg4/okg4      4124 2026-08-18 20:45 watermelon-server-0.1/node_modules/hono/dist/cjs/middleware/compress/index.js
drwxr-xr-x okg4/okg4         0 2026-08-18 20:45 watermelon-server-0.1/node_modules/hono/dist/cjs/middleware/jwk/
-rw-r--r-- okg4/okg4      1039 2026-08-18 20:45 watermelon-server-0.1/node_modules/hono/dist/cjs/middleware/jwk/index.js
-rw-r--r-- okg4/okg4      4954 2026-08-18 20:45 watermelon-server-0.1/node_modules/hono/dist/cjs/middleware/jwk/jwk.js
drwxr-xr-x okg4/okg4         0 2026-08-18 20:45 watermelon-server-0.1/node_modules/hono/dist/cjs/middleware/bearer-auth/
-rw-r--r-- okg4/okg4      4860 2026-08-18 20:45 watermelon-server-0.1/node_modules/hono/dist/cjs/middleware/bearer-auth/index.js
drwxr-xr-x okg4/okg4         0 2026-08-18 20:45 watermelon-server-0.1/node_modules/hono/dist/cjs/middleware/logger/
-rw-r--r-- okg4/okg4      2628 2026-08-18 20:45 watermelon-server-0.1/node_modules/hono/dist/cjs/middleware/logger/index.js
drwxr-xr-x okg4/okg4         0 2026-08-18 20:45 watermelon-server-0.1/node_modules/hono/dist/cjs/middleware/method-override/
-rw-r--r-- okg4/okg4      3751 2026-08-18 20:45 watermelon-server-0.1/node_modules/hono/dist/cjs/middleware/method-override/index.js
drwxr-xr-x okg4/okg4         0 2026-08-18 20:45 watermelon-server-0.1/node_modules/hono/dist/cjs/middleware/cache/
-rw-r--r-- okg4/okg4      7920 2026-08-18 20:45 watermelon-server-0.1/node_modules/hono/dist/cjs/middleware/cache/index.js
drwxr-xr-x okg4/okg4         0 2026-08-18 20:45 watermelon-server-0.1/node_modules/hono/dist/cjs/middleware/csrf/
-rw-r--r-- okg4/okg4      3117 2026-08-18 20:45 watermelon-server-0.1/node_modules/hono/dist/cjs/middleware/csrf/index.js
drwxr-xr-x okg4/okg4         0 2026-08-18 20:45 watermelon-server-0.1/node_modules/hono/dist/cjs/middleware/serve-static/
-rw-r--r-- okg4/okg4      1469 2026-08-18 20:45 watermelon-server-0.1/node_modules/hono/dist/cjs/middleware/serve-static/path.js
-rw-r--r-- okg4/okg4      3548 2026-08-18 20:45 watermelon-server-0.1/node_modules/hono/dist/cjs/middleware/serve-static/index.js
drwxr-xr-x okg4/okg4         0 2026-08-18 20:45 watermelon-server-0.1/node_modules/hono/dist/cjs/middleware/ip-restriction/
-rw-r--r-- okg4/okg4      6325 2026-08-18 20:45 watermelon-server-0.1/node_modules/hono/dist/cjs/middleware/ip-restriction/index.js
drwxr-xr-x okg4/okg4         0 2026-08-18 20:45 watermelon-server-0.1/node_modules/hono/dist/cjs/middleware/combine/
-rw-r--r-- okg4/okg4      3178 2026-08-18 20:45 watermelon-server-0.1/node_modules/hono/dist/cjs/middleware/combine/index.js
drwxr-xr-x okg4/okg4         0 2026-08-18 20:45 watermelon-server-0.1/node_modules/hono/dist/cjs/middleware/jwt/
-rw-r--r-- okg4/okg4      1355 2026-08-18 20:45 watermelon-server-0.1/node_modules/hono/dist/cjs/middleware/jwt/index.js
-rw-r--r-- okg4/okg4      4900 2026-08-18 20:45 watermelon-server-0.1/node_modules/hono/dist/cjs/middleware/jwt/jwt.js
drwxr-xr-x okg4/okg4         0 2026-08-18 20:45 watermelon-server-0.1/node_modules/hono/dist/cjs/middleware/etag/
-rw-r--r-- okg4/okg4      3036 2026-08-18 20:45 watermelon-server-0.1/node_modules/hono/dist/cjs/middleware/etag/index.js
-rw-r--r-- okg4/okg4      3332 2026-08-18 20:45 watermelon-server-0.1/node_modules/hono/dist/cjs/middleware/etag/digest.js
drwxr-xr-x okg4/okg4         0 2026-08-18 20:45 watermelon-server-0.1/node_modules/hono/dist/cjs/middleware/pretty-json/
-rw-r--r-- okg4/okg4      1507 2026-08-18 20:45 watermelon-server-0.1/node_modules/hono/dist/cjs/middleware/pretty-json/index.js
drwxr-xr-x okg4/okg4         0 2026-08-18 20:45 watermelon-server-0.1/node_modules/hono/dist/cjs/middleware/basic-auth/
-rw-r--r-- okg4/okg4      3499 2026-08-18 20:45 watermelon-server-0.1/node_modules/hono/dist/cjs/middleware/basic-auth/index.js
drwxr-xr-x okg4/okg4         0 2026-08-18 20:45 watermelon-server-0.1/node_modules/hono/dist/cjs/middleware/method-not-allowed/
-rw-r--r-- okg4/okg4      3645 2026-08-18 20:45 watermelon-server-0.1/node_modules/hono/dist/cjs/middleware/method-not-allowed/index.js
drwxr-xr-x okg4/okg4         0 2026-08-18 20:45 watermelon-server-0.1/node_modules/hono/dist/cjs/middleware/secure-headers/
-rw-r--r-- okg4/okg4       753 2026-08-18 20:45 watermelon-server-0.1/node_modules/hono/dist/cjs/middleware/secure-headers/permissions-policy.js
-rw-r--r-- okg4/okg4      1188 2026-08-18 20:45 watermelon-server-0.1/node_modules/hono/dist/cjs/middleware/secure-headers/index.js
-rw-r--r-- okg4/okg4      7129 2026-08-18 20:45 watermelon-server-0.1/node_modules/hono/dist/cjs/middleware/secure-headers/secure-headers.js
drwxr-xr-x okg4/okg4         0 2026-08-18 20:45 watermelon-server-0.1/node_modules/hono/dist/cjs/middleware/cors/
-rw-r--r-- okg4/okg4      3830 2026-08-18 20:45 watermelon-server-0.1/node_modules/hono/dist/cjs/middleware/cors/index.js
drwxr-xr-x okg4/okg4         0 2026-08-18 20:45 watermelon-server-0.1/node_modules/hono/dist/cjs/middleware/powered-by/
-rw-r--r-- okg4/okg4      1207 2026-08-18 20:45 watermelon-server-0.1/node_modules/hono/dist/cjs/middleware/powered-by/index.js
drwxr-xr-x okg4/okg4         0 2026-08-18 20:45 watermelon-server-0.1/node_modules/hono/dist/cjs/middleware/timing/
-rw-r--r-- okg4/okg4      1285 2026-08-18 20:45 watermelon-server-0.1/node_modules/hono/dist/cjs/middleware/timing/index.js
-rw-r--r-- okg4/okg4      4070 2026-08-18 20:45 watermelon-server-0.1/node_modules/hono/dist/cjs/middleware/timing/timing.js
drwxr-xr-x okg4/okg4         0 2026-08-18 20:45 watermelon-server-0.1/node_modules/hono/dist/cjs/request/
-rw-r--r-- okg4/okg4      1101 2026-08-18 20:45 watermelon-server-0.1/node_modules/hono/dist/cjs/request/constants.js
-rw-r--r-- okg4/okg4      1953 2026-08-18 20:45 watermelon-server-0.1/node_modules/hono/dist/cjs/http-exception.js
-rw-r--r-- okg4/okg4        25 2026-08-18 20:45 watermelon-server-0.1/node_modules/hono/dist/cjs/package.json
drwxr-xr-x okg4/okg4         0 2026-08-18 20:45 watermelon-server-0.1/node_modules/hono/dist/cjs/helper/
drwxr-xr-x okg4/okg4         0 2026-08-18 20:45 watermelon-server-0.1/node_modules/hono/dist/cjs/helper/dev/
-rw-r--r-- okg4/okg4      2885 2026-08-18 20:45 watermelon-server-0.1/node_modules/hono/dist/cjs/helper/dev/index.js
drwxr-xr-x okg4/okg4         0 2026-08-18 20:45 watermelon-server-0.1/node_modules/hono/dist/cjs/helper/conninfo/
-rw-r--r-- okg4/okg4       733 2026-08-18 20:45 watermelon-server-0.1/node_modules/hono/dist/cjs/helper/conninfo/index.js
-rw-r--r-- okg4/okg4       727 2026-08-18 20:45 watermelon-server-0.1/node_modules/hono/dist/cjs/helper/conninfo/types.js
drwxr-xr-x okg4/okg4         0 2026-08-18 20:45 watermelon-server-0.1/node_modules/hono/dist/cjs/helper/html/
-rw-r--r-- okg4/okg4      2520 2026-08-18 20:45 watermelon-server-0.1/node_modules/hono/dist/cjs/helper/html/index.js
drwxr-xr-x okg4/okg4         0 2026-08-18 20:45 watermelon-server-0.1/node_modules/hono/dist/cjs/helper/adapter/
-rw-r--r-- okg4/okg4      2543 2026-08-18 20:45 watermelon-server-0.1/node_modules/hono/dist/cjs/helper/adapter/index.js
drwxr-xr-x okg4/okg4         0 2026-08-18 20:45 watermelon-server-0.1/node_modules/hono/dist/cjs/helper/cookie/
-rw-r--r-- okg4/okg4      4166 2026-08-18 20:45 watermelon-server-0.1/node_modules/hono/dist/cjs/helper/cookie/index.js
drwxr-xr-x okg4/okg4         0 2026-08-18 20:45 watermelon-server-0.1/node_modules/hono/dist/cjs/helper/ssg/
-rw-r--r-- okg4/okg4      2361 2026-08-18 20:45 watermelon-server-0.1/node_modules/hono/dist/cjs/helper/ssg/middleware.js
-rw-r--r-- okg4/okg4      3319 2026-08-18 20:45 watermelon-server-0.1/node_modules/hono/dist/cjs/helper/ssg/utils.js
-rw-r--r-- okg4/okg4      1802 2026-08-18 20:45 watermelon-server-0.1/node_modules/hono/dist/cjs/helper/ssg/index.js
-rw-r--r-- okg4/okg4     11291 2026-08-18 20:45 watermelon-server-0.1/node_modules/hono/dist/cjs/helper/ssg/ssg.js
-rw-r--r-- okg4/okg4      2277 2026-08-18 20:45 watermelon-server-0.1/node_modules/hono/dist/cjs/helper/ssg/plugins.js
drwxr-xr-x okg4/okg4         0 2026-08-18 20:45 watermelon-server-0.1/node_modules/hono/dist/cjs/helper/streaming/
-rw-r--r-- okg4/okg4      1339 2026-08-18 20:45 watermelon-server-0.1/node_modules/hono/dist/cjs/helper/streaming/utils.js
-rw-r--r-- okg4/okg4      1331 2026-08-18 20:45 watermelon-server-0.1/node_modules/hono/dist/cjs/helper/streaming/index.js
-rw-r--r-- okg4/okg4      3105 2026-08-18 20:45 watermelon-server-0.1/node_modules/hono/dist/cjs/helper/streaming/sse.js
-rw-r--r-- okg4/okg4      1875 2026-08-18 20:45 watermelon-server-0.1/node_modules/hono/dist/cjs/helper/streaming/stream.js
-rw-r--r-- okg4/okg4      1333 2026-08-18 20:45 watermelon-server-0.1/node_modules/hono/dist/cjs/helper/streaming/text.js
drwxr-xr-x okg4/okg4         0 2026-08-18 20:45 watermelon-server-0.1/node_modules/hono/dist/cjs/helper/css/
-rw-r--r-- okg4/okg4      8859 2026-08-18 20:45 watermelon-server-0.1/node_modules/hono/dist/cjs/helper/css/common.js
-rw-r--r-- okg4/okg4      5962 2026-08-18 20:45 watermelon-server-0.1/node_modules/hono/dist/cjs/helper/css/index.js
drwxr-xr-x okg4/okg4         0 2026-08-18 20:45 watermelon-server-0.1/node_modules/hono/dist/cjs/helper/route/
-rw-r--r-- okg4/okg4      2648 2026-08-18 20:45 watermelon-server-0.1/node_modules/hono/dist/cjs/helper/route/index.js
drwxr-xr-x okg4/okg4         0 2026-08-18 20:45 watermelon-server-0.1/node_modules/hono/dist/cjs/helper/factory/
-rw-r--r-- okg4/okg4      1873 2026-08-18 20:45 watermelon-server-0.1/node_modules/hono/dist/cjs/helper/factory/index.js
drwxr-xr-x okg4/okg4         0 2026-08-18 20:45 watermelon-server-0.1/node_modules/hono/dist/cjs/helper/proxy/
-rw-r--r-- okg4/okg4      3780 2026-08-18 20:45 watermelon-server-0.1/node_modules/hono/dist/cjs/helper/proxy/index.js
drwxr-xr-x okg4/okg4         0 2026-08-18 20:45 watermelon-server-0.1/node_modules/hono/dist/cjs/helper/testing/
-rw-r--r-- okg4/okg4      1322 2026-08-18 20:45 watermelon-server-0.1/node_modules/hono/dist/cjs/helper/testing/index.js
drwxr-xr-x okg4/okg4         0 2026-08-18 20:45 watermelon-server-0.1/node_modules/hono/dist/cjs/helper/accepts/
-rw-r--r-- okg4/okg4      1075 2026-08-18 20:45 watermelon-server-0.1/node_modules/hono/dist/cjs/helper/accepts/index.js
-rw-r--r-- okg4/okg4      1668 2026-08-18 20:45 watermelon-server-0.1/node_modules/hono/dist/cjs/helper/accepts/accepts.js
drwxr-xr-x okg4/okg4         0 2026-08-18 20:45 watermelon-server-0.1/node_modules/hono/dist/cjs/helper/websocket/
-rw-r--r-- okg4/okg4      2433 2026-08-18 20:45 watermelon-server-0.1/node_modules/hono/dist/cjs/helper/websocket/index.js
drwxr-xr-x okg4/okg4         0 2026-08-18 20:45 watermelon-server-0.1/node_modules/hono/dist/cjs/router/
drwxr-xr-x okg4/okg4         0 2026-08-18 20:45 watermelon-server-0.1/node_modules/hono/dist/cjs/router/smart-router/
-rw-r--r-- okg4/okg4      1099 2026-08-18 20:45 watermelon-server-0.1/node_modules/hono/dist/cjs/router/smart-router/index.js
-rw-r--r-- okg4/okg4      2435 2026-08-18 20:45 watermelon-server-0.1/node_modules/hono/dist/cjs/router/smart-router/router.js
drwxr-xr-x okg4/okg4         0 2026-08-18 20:45 watermelon-server-0.1/node_modules/hono/dist/cjs/router/trie-router/
-rw-r--r-- okg4/okg4      1093 2026-08-18 20:45 watermelon-server-0.1/node_modules/hono/dist/cjs/router/trie-router/index.js
-rw-r--r-- okg4/okg4      7416 2026-08-18 20:45 watermelon-server-0.1/node_modules/hono/dist/cjs/router/trie-router/node.js
-rw-r--r-- okg4/okg4      1603 2026-08-18 20:45 watermelon-server-0.1/node_modules/hono/dist/cjs/router/trie-router/router.js
drwxr-xr-x okg4/okg4         0 2026-08-18 20:45 watermelon-server-0.1/node_modules/hono/dist/cjs/router/pattern-router/
-rw-r--r-- okg4/okg4      1111 2026-08-18 20:45 watermelon-server-0.1/node_modules/hono/dist/cjs/router/pattern-router/index.js
-rw-r--r-- okg4/okg4      2473 2026-08-18 20:45 watermelon-server-0.1/node_modules/hono/dist/cjs/router/pattern-router/router.js
drwxr-xr-x okg4/okg4         0 2026-08-18 20:45 watermelon-server-0.1/node_modules/hono/dist/cjs/router/linear-router/
-rw-r--r-- okg4/okg4      1105 2026-08-18 20:45 watermelon-server-0.1/node_modules/hono/dist/cjs/router/linear-router/index.js
-rw-r--r-- okg4/okg4      5731 2026-08-18 20:45 watermelon-server-0.1/node_modules/hono/dist/cjs/router/linear-router/router.js
drwxr-xr-x okg4/okg4         0 2026-08-18 20:45 watermelon-server-0.1/node_modules/hono/dist/cjs/router/reg-exp-router/
-rw-r--r-- okg4/okg4      2943 2026-08-18 20:45 watermelon-server-0.1/node_modules/hono/dist/cjs/router/reg-exp-router/trie.js
-rw-r--r-- okg4/okg4      1446 2026-08-18 20:45 watermelon-server-0.1/node_modules/hono/dist/cjs/router/reg-exp-router/index.js
-rw-r--r-- okg4/okg4      1663 2026-08-18 20:45 watermelon-server-0.1/node_modules/hono/dist/cjs/router/reg-exp-router/matcher.js
-rw-r--r-- okg4/okg4      4842 2026-08-18 20:45 watermelon-server-0.1/node_modules/hono/dist/cjs/router/reg-exp-router/node.js
-rw-r--r-- okg4/okg4      5438 2026-08-18 20:45 watermelon-server-0.1/node_modules/hono/dist/cjs/router/reg-exp-router/prepared-router.js
-rw-r--r-- okg4/okg4      6946 2026-08-18 20:45 watermelon-server-0.1/node_modules/hono/dist/cjs/router/reg-exp-router/router.js
-rw-r--r-- okg4/okg4      1650 2026-08-18 20:45 watermelon-server-0.1/node_modules/hono/dist/cjs/router.js
drwxr-xr-x okg4/okg4         0 2026-08-18 20:45 watermelon-server-0.1/node_modules/hono/dist/types/
drwxr-xr-x okg4/okg4         0 2026-08-18 20:45 watermelon-server-0.1/node_modules/hono/dist/types/client/
-rw-r--r-- okg4/okg4       311 2026-08-18 20:45 watermelon-server-0.1/node_modules/hono/dist/types/client/index.d.ts
-rw-r--r-- okg4/okg4     11807 2026-08-18 20:45 watermelon-server-0.1/node_modules/hono/dist/types/client/types.d.ts
-rw-r--r-- okg4/okg4       338 2026-08-18 20:45 watermelon-server-0.1/node_modules/hono/dist/types/client/client.d.ts
-rw-r--r-- okg4/okg4      1598 2026-08-18 20:45 watermelon-server-0.1/node_modules/hono/dist/types/client/utils.d.ts
-rw-r--r-- okg4/okg4      1075 2026-08-18 20:45 watermelon-server-0.1/node_modules/hono/dist/types/client/fetch-result-please.d.ts
-rw-r--r-- okg4/okg4       758 2026-08-18 20:45 watermelon-server-0.1/node_modules/hono/dist/types/hono.d.ts
-rw-r--r-- okg4/okg4     15468 2026-08-18 20:45 watermelon-server-0.1/node_modules/hono/dist/types/context.d.ts
-rw-r--r-- okg4/okg4      2790 2026-08-18 20:45 watermelon-server-0.1/node_modules/hono/dist/types/router.d.ts
drwxr-xr-x okg4/okg4         0 2026-08-18 20:45 watermelon-server-0.1/node_modules/hono/dist/types/preset/
-rw-r--r-- okg4/okg4       413 2026-08-18 20:45 watermelon-server-0.1/node_modules/hono/dist/types/preset/tiny.d.ts
-rw-r--r-- okg4/okg4       412 2026-08-18 20:45 watermelon-server-0.1/node_modules/hono/dist/types/preset/quick.d.ts
-rw-r--r-- okg4/okg4      1985 2026-08-18 20:45 watermelon-server-0.1/node_modules/hono/dist/types/http-exception.d.ts
-rw-r--r-- okg4/okg4      8229 2026-08-18 20:45 watermelon-server-0.1/node_modules/hono/dist/types/hono-base.d.ts
-rw-r--r-- okg4/okg4      1084 2026-08-18 20:45 watermelon-server-0.1/node_modules/hono/dist/types/index.d.ts
drwxr-xr-x okg4/okg4         0 2026-08-18 20:45 watermelon-server-0.1/node_modules/hono/dist/types/adapter/
drwxr-xr-x okg4/okg4         0 2026-08-18 20:45 watermelon-server-0.1/node_modules/hono/dist/types/adapter/cloudflare-pages/
-rw-r--r-- okg4/okg4      1516 2026-08-18 20:45 watermelon-server-0.1/node_modules/hono/dist/types/adapter/cloudflare-pages/handler.d.ts
-rw-r--r-- okg4/okg4       213 2026-08-18 20:45 watermelon-server-0.1/node_modules/hono/dist/types/adapter/cloudflare-pages/index.d.ts
-rw-r--r-- okg4/okg4       562 2026-08-18 20:45 watermelon-server-0.1/node_modules/hono/dist/types/adapter/cloudflare-pages/conninfo.d.ts
drwxr-xr-x okg4/okg4         0 2026-08-18 20:45 watermelon-server-0.1/node_modules/hono/dist/types/adapter/netlify/
-rw-r--r-- okg4/okg4       158 2026-08-18 20:45 watermelon-server-0.1/node_modules/hono/dist/types/adapter/netlify/handler.d.ts
-rw-r--r-- okg4/okg4        71 2026-08-18 20:45 watermelon-server-0.1/node_modules/hono/dist/types/adapter/netlify/index.d.ts
-rw-r--r-- okg4/okg4       534 2026-08-18 20:45 watermelon-server-0.1/node_modules/hono/dist/types/adapter/netlify/conninfo.d.ts
-rw-r--r-- okg4/okg4        78 2026-08-18 20:45 watermelon-server-0.1/node_modules/hono/dist/types/adapter/netlify/mod.d.ts
drwxr-xr-x okg4/okg4         0 2026-08-18 20:45 watermelon-server-0.1/node_modules/hono/dist/types/adapter/cloudflare-workers/
-rw-r--r-- okg4/okg4       268 2026-08-18 20:45 watermelon-server-0.1/node_modules/hono/dist/types/adapter/cloudflare-workers/serve-static-module.d.ts
-rw-r--r-- okg4/okg4       184 2026-08-18 20:45 watermelon-server-0.1/node_modules/hono/dist/types/adapter/cloudflare-workers/websocket.d.ts
-rw-r--r-- okg4/okg4       202 2026-08-18 20:45 watermelon-server-0.1/node_modules/hono/dist/types/adapter/cloudflare-workers/index.d.ts
-rw-r--r-- okg4/okg4       105 2026-08-18 20:45 watermelon-server-0.1/node_modules/hono/dist/types/adapter/cloudflare-workers/conninfo.d.ts
-rw-r--r-- okg4/okg4       869 2026-08-18 20:45 watermelon-server-0.1/node_modules/hono/dist/types/adapter/cloudflare-workers/serve-static.d.ts
-rw-r--r-- okg4/okg4       211 2026-08-18 20:45 watermelon-server-0.1/node_modules/hono/dist/types/adapter/cloudflare-workers/utils.d.ts
drwxr-xr-x okg4/okg4         0 2026-08-18 20:45 watermelon-server-0.1/node_modules/hono/dist/types/adapter/bun/
-rw-r--r-- okg4/okg4      1342 2026-08-18 20:45 watermelon-server-0.1/node_modules/hono/dist/types/adapter/bun/websocket.d.ts
-rw-r--r-- okg4/okg4       378 2026-08-18 20:45 watermelon-server-0.1/node_modules/hono/dist/types/adapter/bun/index.d.ts
-rw-r--r-- okg4/okg4       179 2026-08-18 20:45 watermelon-server-0.1/node_modules/hono/dist/types/adapter/bun/conninfo.d.ts
-rw-r--r-- okg4/okg4       243 2026-08-18 20:45 watermelon-server-0.1/node_modules/hono/dist/types/adapter/bun/serve-static.d.ts
-rw-r--r-- okg4/okg4       392 2026-08-18 20:45 watermelon-server-0.1/node_modules/hono/dist/types/adapter/bun/ssg.d.ts
-rw-r--r-- okg4/okg4       309 2026-08-18 20:45 watermelon-server-0.1/node_modules/hono/dist/types/adapter/bun/server.d.ts
drwxr-xr-x okg4/okg4         0 2026-08-18 20:45 watermelon-server-0.1/node_modules/hono/dist/types/adapter/lambda-edge/
-rw-r--r-- okg4/okg4      2349 2026-08-18 20:45 watermelon-server-0.1/node_modules/hono/dist/types/adapter/lambda-edge/handler.d.ts
-rw-r--r-- okg4/okg4       252 2026-08-18 20:45 watermelon-server-0.1/node_modules/hono/dist/types/adapter/lambda-edge/index.d.ts
-rw-r--r-- okg4/okg4       105 2026-08-18 20:45 watermelon-server-0.1/node_modules/hono/dist/types/adapter/lambda-edge/conninfo.d.ts
drwxr-xr-x okg4/okg4         0 2026-08-18 20:45 watermelon-server-0.1/node_modules/hono/dist/types/adapter/service-worker/
-rw-r--r-- okg4/okg4       479 2026-08-18 20:45 watermelon-server-0.1/node_modules/hono/dist/types/adapter/service-worker/handler.d.ts
-rw-r--r-- okg4/okg4       875 2026-08-18 20:45 watermelon-server-0.1/node_modules/hono/dist/types/adapter/service-worker/index.d.ts
-rw-r--r-- okg4/okg4       392 2026-08-18 20:45 watermelon-server-0.1/node_modules/hono/dist/types/adapter/service-worker/types.d.ts
drwxr-xr-x okg4/okg4         0 2026-08-18 20:45 watermelon-server-0.1/node_modules/hono/dist/types/adapter/aws-lambda/
-rw-r--r-- okg4/okg4      7907 2026-08-18 20:45 watermelon-server-0.1/node_modules/hono/dist/types/adapter/aws-lambda/handler.d.ts
-rw-r--r-- okg4/okg4       360 2026-08-18 20:45 watermelon-server-0.1/node_modules/hono/dist/types/adapter/aws-lambda/index.d.ts
-rw-r--r-- okg4/okg4       798 2026-08-18 20:45 watermelon-server-0.1/node_modules/hono/dist/types/adapter/aws-lambda/conninfo.d.ts
-rw-r--r-- okg4/okg4      3989 2026-08-18 20:45 watermelon-server-0.1/node_modules/hono/dist/types/adapter/aws-lambda/types.d.ts
drwxr-xr-x okg4/okg4         0 2026-08-18 20:45 watermelon-server-0.1/node_modules/hono/dist/types/adapter/vercel/
-rw-r--r-- okg4/okg4       147 2026-08-18 20:45 watermelon-server-0.1/node_modules/hono/dist/types/adapter/vercel/handler.d.ts
-rw-r--r-- okg4/okg4       125 2026-08-18 20:45 watermelon-server-0.1/node_modules/hono/dist/types/adapter/vercel/index.d.ts
-rw-r--r-- okg4/okg4       105 2026-08-18 20:45 watermelon-server-0.1/node_modules/hono/dist/types/adapter/vercel/conninfo.d.ts
drwxr-xr-x okg4/okg4         0 2026-08-18 20:45 watermelon-server-0.1/node_modules/hono/dist/types/adapter/deno/
-rw-r--r-- okg4/okg4       162 2026-08-18 20:45 watermelon-server-0.1/node_modules/hono/dist/types/adapter/deno/websocket.d.ts
-rw-r--r-- okg4/okg4       234 2026-08-18 20:45 watermelon-server-0.1/node_modules/hono/dist/types/adapter/deno/index.d.ts
-rw-r--r-- okg4/okg4       180 2026-08-18 20:45 watermelon-server-0.1/node_modules/hono/dist/types/adapter/deno/conninfo.d.ts
-rw-r--r-- okg4/okg4       243 2026-08-18 20:45 watermelon-server-0.1/node_modules/hono/dist/types/adapter/deno/serve-static.d.ts
-rw-r--r-- okg4/okg4       400 2026-08-18 20:45 watermelon-server-0.1/node_modules/hono/dist/types/adapter/deno/ssg.d.ts
-rw-r--r-- okg4/okg4     75544 2026-08-18 20:45 watermelon-server-0.1/node_modules/hono/dist/types/types.d.ts
-rw-r--r-- okg4/okg4       897 2026-08-18 20:45 watermelon-server-0.1/node_modules/hono/dist/types/compose.d.ts
drwxr-xr-x okg4/okg4         0 2026-08-18 20:45 watermelon-server-0.1/node_modules/hono/dist/types/utils/
-rw-r--r-- okg4/okg4       179 2026-08-18 20:45 watermelon-server-0.1/node_modules/hono/dist/types/utils/handler.d.ts
-rw-r--r-- okg4/okg4      2575 2026-08-18 20:45 watermelon-server-0.1/node_modules/hono/dist/types/utils/mime.d.ts
-rw-r--r-- okg4/okg4       665 2026-08-18 20:45 watermelon-server-0.1/node_modules/hono/dist/types/utils/color.d.ts
-rw-r--r-- okg4/okg4       115 2026-08-18 20:45 watermelon-server-0.1/node_modules/hono/dist/types/utils/constants.d.ts
-rw-r--r-- okg4/okg4      1835 2026-08-18 20:45 watermelon-server-0.1/node_modules/hono/dist/types/utils/ipaddr.d.ts
-rw-r--r-- okg4/okg4      1932 2026-08-18 20:45 watermelon-server-0.1/node_modules/hono/dist/types/utils/url.d.ts
-rw-r--r-- okg4/okg4      1385 2026-08-18 20:45 watermelon-server-0.1/node_modules/hono/dist/types/utils/http-status.d.ts
-rw-r--r-- okg4/okg4       231 2026-08-18 20:45 watermelon-server-0.1/node_modules/hono/dist/types/utils/concurrent.d.ts
-rw-r--r-- okg4/okg4      3810 2026-08-18 20:45 watermelon-server-0.1/node_modules/hono/dist/types/utils/types.d.ts
-rw-r--r-- okg4/okg4       131 2026-08-18 20:45 watermelon-server-0.1/node_modules/hono/dist/types/utils/basic-auth.d.ts
-rw-r--r-- okg4/okg4       855 2026-08-18 20:45 watermelon-server-0.1/node_modules/hono/dist/types/utils/buffer.d.ts
-rw-r--r-- okg4/okg4       167 2026-08-18 20:45 watermelon-server-0.1/node_modules/hono/dist/types/utils/accept.d.ts
-rw-r--r-- okg4/okg4      2896 2026-08-18 20:45 watermelon-server-0.1/node_modules/hono/dist/types/utils/body.d.ts
drwxr-xr-x okg4/okg4         0 2026-08-18 20:45 watermelon-server-0.1/node_modules/hono/dist/types/utils/jwt/
-rw-r--r-- okg4/okg4       873 2026-08-18 20:45 watermelon-server-0.1/node_modules/hono/dist/types/utils/jwt/index.d.ts
-rw-r--r-- okg4/okg4       665 2026-08-18 20:45 watermelon-server-0.1/node_modules/hono/dist/types/utils/jwt/jwa.d.ts
-rw-r--r-- okg4/okg4       154 2026-08-18 20:45 watermelon-server-0.1/node_modules/hono/dist/types/utils/jwt/utf8.d.ts
-rw-r--r-- okg4/okg4      2498 2026-08-18 20:45 watermelon-server-0.1/node_modules/hono/dist/types/utils/jwt/types.d.ts
-rw-r--r-- okg4/okg4       556 2026-08-18 20:45 watermelon-server-0.1/node_modules/hono/dist/types/utils/jwt/jws.d.ts
-rw-r--r-- okg4/okg4      1685 2026-08-18 20:45 watermelon-server-0.1/node_modules/hono/dist/types/utils/jwt/jwt.d.ts
-rw-r--r-- okg4/okg4       365 2026-08-18 20:45 watermelon-server-0.1/node_modules/hono/dist/types/utils/filepath.d.ts
-rw-r--r-- okg4/okg4       868 2026-08-18 20:45 watermelon-server-0.1/node_modules/hono/dist/types/utils/stream.d.ts
-rw-r--r-- okg4/okg4      1845 2026-08-18 20:45 watermelon-server-0.1/node_modules/hono/dist/types/utils/html.d.ts
-rw-r--r-- okg4/okg4      6584 2026-08-18 20:45 watermelon-server-0.1/node_modules/hono/dist/types/utils/headers.d.ts
-rw-r--r-- okg4/okg4       159 2026-08-18 20:45 watermelon-server-0.1/node_modules/hono/dist/types/utils/compress.d.ts
-rw-r--r-- okg4/okg4       336 2026-08-18 20:45 watermelon-server-0.1/node_modules/hono/dist/types/utils/encode.d.ts
-rw-r--r-- okg4/okg4       530 2026-08-18 20:45 watermelon-server-0.1/node_modules/hono/dist/types/utils/crypto.d.ts
-rw-r--r-- okg4/okg4      1534 2026-08-18 20:45 watermelon-server-0.1/node_modules/hono/dist/types/utils/cookie.d.ts
drwxr-xr-x okg4/okg4         0 2026-08-18 20:45 watermelon-server-0.1/node_modules/hono/dist/types/validator/
-rw-r--r-- okg4/okg4       181 2026-08-18 20:45 watermelon-server-0.1/node_modules/hono/dist/types/validator/index.d.ts
-rw-r--r-- okg4/okg4      2207 2026-08-18 20:45 watermelon-server-0.1/node_modules/hono/dist/types/validator/validator.d.ts
-rw-r--r-- okg4/okg4      1870 2026-08-18 20:45 watermelon-server-0.1/node_modules/hono/dist/types/validator/utils.d.ts
drwxr-xr-x okg4/okg4         0 2026-08-18 20:45 watermelon-server-0.1/node_modules/hono/dist/types/jsx/
-rw-r--r-- okg4/okg4      2280 2026-08-18 20:45 watermelon-server-0.1/node_modules/hono/dist/types/jsx/context.d.ts
-rw-r--r-- okg4/okg4       429 2026-08-18 20:45 watermelon-server-0.1/node_modules/hono/dist/types/jsx/children.d.ts
-rw-r--r-- okg4/okg4      2792 2026-08-18 20:45 watermelon-server-0.1/node_modules/hono/dist/types/jsx/base.d.ts
-rw-r--r-- okg4/okg4       299 2026-08-18 20:45 watermelon-server-0.1/node_modules/hono/dist/types/jsx/constants.d.ts
-rw-r--r-- okg4/okg4      1103 2026-08-18 20:45 watermelon-server-0.1/node_modules/hono/dist/types/jsx/streaming.d.ts
drwxr-xr-x okg4/okg4         0 2026-08-18 20:45 watermelon-server-0.1/node_modules/hono/dist/types/jsx/intrinsic-element/
-rw-r--r-- okg4/okg4       708 2026-08-18 20:45 watermelon-server-0.1/node_modules/hono/dist/types/jsx/intrinsic-element/components.d.ts
-rw-r--r-- okg4/okg4       393 2026-08-18 20:45 watermelon-server-0.1/node_modules/hono/dist/types/jsx/intrinsic-element/common.d.ts
-rw-r--r-- okg4/okg4      5485 2026-08-18 20:45 watermelon-server-0.1/node_modules/hono/dist/types/jsx/index.d.ts
drwxr-xr-x okg4/okg4         0 2026-08-18 20:45 watermelon-server-0.1/node_modules/hono/dist/types/jsx/dom/
-rw-r--r-- okg4/okg4      2489 2026-08-18 20:45 watermelon-server-0.1/node_modules/hono/dist/types/jsx/dom/css.d.ts
-rw-r--r-- okg4/okg4       197 2026-08-18 20:45 watermelon-server-0.1/node_modules/hono/dist/types/jsx/dom/context.d.ts
drwxr-xr-x okg4/okg4         0 2026-08-18 20:45 watermelon-server-0.1/node_modules/hono/dist/types/jsx/dom/intrinsic-element/
-rw-r--r-- okg4/okg4      1043 2026-08-18 20:45 watermelon-server-0.1/node_modules/hono/dist/types/jsx/dom/intrinsic-element/components.d.ts
-rw-r--r-- okg4/okg4      5746 2026-08-18 20:45 watermelon-server-0.1/node_modules/hono/dist/types/jsx/dom/index.d.ts
-rw-r--r-- okg4/okg4       230 2026-08-18 20:45 watermelon-server-0.1/node_modules/hono/dist/types/jsx/dom/jsx-runtime.d.ts
drwxr-xr-x okg4/okg4         0 2026-08-18 20:45 watermelon-server-0.1/node_modules/hono/dist/types/jsx/dom/hooks/
-rw-r--r-- okg4/okg4      1322 2026-08-18 20:45 watermelon-server-0.1/node_modules/hono/dist/types/jsx/dom/hooks/index.d.ts
-rw-r--r-- okg4/okg4       353 2026-08-18 20:45 watermelon-server-0.1/node_modules/hono/dist/types/jsx/dom/components.d.ts
-rw-r--r-- okg4/okg4      2469 2026-08-18 20:45 watermelon-server-0.1/node_modules/hono/dist/types/jsx/dom/render.d.ts
-rw-r--r-- okg4/okg4      1291 2026-08-18 20:45 watermelon-server-0.1/node_modules/hono/dist/types/jsx/dom/client.d.ts
-rw-r--r-- okg4/okg4       328 2026-08-18 20:45 watermelon-server-0.1/node_modules/hono/dist/types/jsx/dom/jsx-dev-runtime.d.ts
-rw-r--r-- okg4/okg4        69 2026-08-18 20:45 watermelon-server-0.1/node_modules/hono/dist/types/jsx/dom/utils.d.ts
-rw-r--r-- okg4/okg4      5784 2026-08-18 20:45 watermelon-server-0.1/node_modules/hono/dist/types/jsx/dom/server.d.ts
-rw-r--r-- okg4/okg4       595 2026-08-18 20:45 watermelon-server-0.1/node_modules/hono/dist/types/jsx/jsx-runtime.d.ts
-rw-r--r-- okg4/okg4      1353 2026-08-18 20:45 watermelon-server-0.1/node_modules/hono/dist/types/jsx/types.d.ts
drwxr-xr-x okg4/okg4         0 2026-08-18 20:45 watermelon-server-0.1/node_modules/hono/dist/types/jsx/hooks/
-rw-r--r-- okg4/okg4      2768 2026-08-18 20:45 watermelon-server-0.1/node_modules/hono/dist/types/jsx/hooks/index.d.ts
-rw-r--r-- okg4/okg4       561 2026-08-18 20:45 watermelon-server-0.1/node_modules/hono/dist/types/jsx/components.d.ts
-rw-r--r-- okg4/okg4       287 2026-08-18 20:45 watermelon-server-0.1/node_modules/hono/dist/types/jsx/jsx-dev-runtime.d.ts
-rw-r--r-- okg4/okg4       350 2026-08-18 20:45 watermelon-server-0.1/node_modules/hono/dist/types/jsx/utils.d.ts
-rw-r--r-- okg4/okg4     32687 2026-08-18 20:45 watermelon-server-0.1/node_modules/hono/dist/types/jsx/intrinsic-elements.d.ts
-rw-r--r-- okg4/okg4      9807 2026-08-18 20:45 watermelon-server-0.1/node_modules/hono/dist/types/request.d.ts
drwxr-xr-x okg4/okg4         0 2026-08-18 20:45 watermelon-server-0.1/node_modules/hono/dist/types/middleware/
drwxr-xr-x okg4/okg4         0 2026-08-18 20:45 watermelon-server-0.1/node_modules/hono/dist/types/middleware/trailing-slash/
-rw-r--r-- okg4/okg4      2956 2026-08-18 20:45 watermelon-server-0.1/node_modules/hono/dist/types/middleware/trailing-slash/index.d.ts
drwxr-xr-x okg4/okg4         0 2026-08-18 20:45 watermelon-server-0.1/node_modules/hono/dist/types/middleware/jsx-renderer/
-rw-r--r-- okg4/okg4      2557 2026-08-18 20:45 watermelon-server-0.1/node_modules/hono/dist/types/middleware/jsx-renderer/index.d.ts
drwxr-xr-x okg4/okg4         0 2026-08-18 20:45 watermelon-server-0.1/node_modules/hono/dist/types/middleware/timeout/
-rw-r--r-- okg4/okg4      1073 2026-08-18 20:45 watermelon-server-0.1/node_modules/hono/dist/types/middleware/timeout/index.d.ts
drwxr-xr-x okg4/okg4         0 2026-08-18 20:45 watermelon-server-0.1/node_modules/hono/dist/types/middleware/language/
-rw-r--r-- okg4/okg4       383 2026-08-18 20:45 watermelon-server-0.1/node_modules/hono/dist/types/middleware/language/index.d.ts
-rw-r--r-- okg4/okg4      4104 2026-08-18 20:45 watermelon-server-0.1/node_modules/hono/dist/types/middleware/language/language.d.ts
drwxr-xr-x okg4/okg4         0 2026-08-18 20:45 watermelon-server-0.1/node_modules/hono/dist/types/middleware/body-limit/
-rw-r--r-- okg4/okg4      1274 2026-08-18 20:45 watermelon-server-0.1/node_modules/hono/dist/types/middleware/body-limit/index.d.ts
drwxr-xr-x okg4/okg4         0 2026-08-18 20:45 watermelon-server-0.1/node_modules/hono/dist/types/middleware/request-id/
-rw-r--r-- okg4/okg4      1172 2026-08-18 20:45 watermelon-server-0.1/node_modules/hono/dist/types/middleware/request-id/request-id.d.ts
-rw-r--r-- okg4/okg4       229 2026-08-18 20:45 watermelon-server-0.1/node_modules/hono/dist/types/middleware/request-id/index.d.ts
drwxr-xr-x okg4/okg4         0 2026-08-18 20:45 watermelon-server-0.1/node_modules/hono/dist/types/middleware/context-storage/
-rw-r--r-- okg4/okg4       975 2026-08-18 20:45 watermelon-server-0.1/node_modules/hono/dist/types/middleware/context-storage/index.d.ts
drwxr-xr-x okg4/okg4         0 2026-08-18 20:45 watermelon-server-0.1/node_modules/hono/dist/types/middleware/compress/
-rw-r--r-- okg4/okg4      1871 2026-08-18 20:45 watermelon-server-0.1/node_modules/hono/dist/types/middleware/compress/index.d.ts
drwxr-xr-x okg4/okg4         0 2026-08-18 20:45 watermelon-server-0.1/node_modules/hono/dist/types/middleware/jwk/
-rw-r--r-- okg4/okg4      3017 2026-08-18 20:45 watermelon-server-0.1/node_modules/hono/dist/types/middleware/jwk/jwk.d.ts
-rw-r--r-- okg4/okg4        29 2026-08-18 20:45 watermelon-server-0.1/node_modules/hono/dist/types/middleware/jwk/index.d.ts
drwxr-xr-x okg4/okg4         0 2026-08-18 20:45 watermelon-server-0.1/node_modules/hono/dist/types/middleware/bearer-auth/
-rw-r--r-- okg4/okg4      4660 2026-08-18 20:45 watermelon-server-0.1/node_modules/hono/dist/types/middleware/bearer-auth/index.d.ts
drwxr-xr-x okg4/okg4         0 2026-08-18 20:45 watermelon-server-0.1/node_modules/hono/dist/types/middleware/logger/
-rw-r--r-- okg4/okg4       635 2026-08-18 20:45 watermelon-server-0.1/node_modules/hono/dist/types/middleware/logger/index.d.ts
drwxr-xr-x okg4/okg4         0 2026-08-18 20:45 watermelon-server-0.1/node_modules/hono/dist/types/middleware/method-override/
-rw-r--r-- okg4/okg4      1434 2026-08-18 20:45 watermelon-server-0.1/node_modules/hono/dist/types/middleware/method-override/index.d.ts
drwxr-xr-x okg4/okg4         0 2026-08-18 20:45 watermelon-server-0.1/node_modules/hono/dist/types/middleware/cache/
-rw-r--r-- okg4/okg4      2616 2026-08-18 20:45 watermelon-server-0.1/node_modules/hono/dist/types/middleware/cache/index.d.ts
drwxr-xr-x okg4/okg4         0 2026-08-18 20:45 watermelon-server-0.1/node_modules/hono/dist/types/middleware/csrf/
-rw-r--r-- okg4/okg4      3177 2026-08-18 20:45 watermelon-server-0.1/node_modules/hono/dist/types/middleware/csrf/index.d.ts
drwxr-xr-x okg4/okg4         0 2026-08-18 20:45 watermelon-server-0.1/node_modules/hono/dist/types/middleware/serve-static/
-rw-r--r-- okg4/okg4       249 2026-08-18 20:45 watermelon-server-0.1/node_modules/hono/dist/types/middleware/serve-static/path.d.ts
-rw-r--r-- okg4/okg4      1291 2026-08-18 20:45 watermelon-server-0.1/node_modules/hono/dist/types/middleware/serve-static/index.d.ts
drwxr-xr-x okg4/okg4         0 2026-08-18 20:45 watermelon-server-0.1/node_modules/hono/dist/types/middleware/ip-restriction/
-rw-r--r-- okg4/okg4      2310 2026-08-18 20:45 watermelon-server-0.1/node_modules/hono/dist/types/middleware/ip-restriction/index.d.ts
drwxr-xr-x okg4/okg4         0 2026-08-18 20:45 watermelon-server-0.1/node_modules/hono/dist/types/middleware/combine/
-rw-r--r-- okg4/okg4      3273 2026-08-18 20:45 watermelon-server-0.1/node_modules/hono/dist/types/middleware/combine/index.d.ts
drwxr-xr-x okg4/okg4         0 2026-08-18 20:45 watermelon-server-0.1/node_modules/hono/dist/types/middleware/jwt/
-rw-r--r-- okg4/okg4       292 2026-08-18 20:45 watermelon-server-0.1/node_modules/hono/dist/types/middleware/jwt/index.d.ts
-rw-r--r-- okg4/okg4      3120 2026-08-18 20:45 watermelon-server-0.1/node_modules/hono/dist/types/middleware/jwt/jwt.d.ts
drwxr-xr-x okg4/okg4         0 2026-08-18 20:45 watermelon-server-0.1/node_modules/hono/dist/types/middleware/etag/
-rw-r--r-- okg4/okg4      1670 2026-08-18 20:45 watermelon-server-0.1/node_modules/hono/dist/types/middleware/etag/index.d.ts
-rw-r--r-- okg4/okg4       203 2026-08-18 20:45 watermelon-server-0.1/node_modules/hono/dist/types/middleware/etag/digest.d.ts
drwxr-xr-x okg4/okg4         0 2026-08-18 20:45 watermelon-server-0.1/node_modules/hono/dist/types/middleware/pretty-json/
-rw-r--r-- okg4/okg4      1013 2026-08-18 20:45 watermelon-server-0.1/node_modules/hono/dist/types/middleware/pretty-json/index.d.ts
drwxr-xr-x okg4/okg4         0 2026-08-18 20:45 watermelon-server-0.1/node_modules/hono/dist/types/middleware/basic-auth/
-rw-r--r-- okg4/okg4      2557 2026-08-18 20:45 watermelon-server-0.1/node_modules/hono/dist/types/middleware/basic-auth/index.d.ts
drwxr-xr-x okg4/okg4         0 2026-08-18 20:45 watermelon-server-0.1/node_modules/hono/dist/types/middleware/method-not-allowed/
-rw-r--r-- okg4/okg4      1643 2026-08-18 20:45 watermelon-server-0.1/node_modules/hono/dist/types/middleware/method-not-allowed/index.d.ts
drwxr-xr-x okg4/okg4         0 2026-08-18 20:45 watermelon-server-0.1/node_modules/hono/dist/types/middleware/secure-headers/
-rw-r--r-- okg4/okg4       336 2026-08-18 20:45 watermelon-server-0.1/node_modules/hono/dist/types/middleware/secure-headers/index.d.ts
-rw-r--r-- okg4/okg4      5845 2026-08-18 20:45 watermelon-server-0.1/node_modules/hono/dist/types/middleware/secure-headers/secure-headers.d.ts
-rw-r--r-- okg4/okg4      1982 2026-08-18 20:45 watermelon-server-0.1/node_modules/hono/dist/types/middleware/secure-headers/permissions-policy.d.ts
drwxr-xr-x okg4/okg4         0 2026-08-18 20:45 watermelon-server-0.1/node_modules/hono/dist/types/middleware/cors/
-rw-r--r-- okg4/okg4      2236 2026-08-18 20:45 watermelon-server-0.1/node_modules/hono/dist/types/middleware/cors/index.d.ts
drwxr-xr-x okg4/okg4         0 2026-08-18 20:45 watermelon-server-0.1/node_modules/hono/dist/types/middleware/powered-by/
-rw-r--r-- okg4/okg4       699 2026-08-18 20:45 watermelon-server-0.1/node_modules/hono/dist/types/middleware/powered-by/index.d.ts
drwxr-xr-x okg4/okg4         0 2026-08-18 20:45 watermelon-server-0.1/node_modules/hono/dist/types/middleware/timing/
-rw-r--r-- okg4/okg4       245 2026-08-18 20:45 watermelon-server-0.1/node_modules/hono/dist/types/middleware/timing/index.d.ts
-rw-r--r-- okg4/okg4      4158 2026-08-18 20:45 watermelon-server-0.1/node_modules/hono/dist/types/middleware/timing/timing.d.ts
drwxr-xr-x okg4/okg4         0 2026-08-18 20:45 watermelon-server-0.1/node_modules/hono/dist/types/request/
-rw-r--r-- okg4/okg4        54 2026-08-18 20:45 watermelon-server-0.1/node_modules/hono/dist/types/request/constants.d.ts
-rw-r--r-- okg4/okg4        25 2026-08-18 20:45 watermelon-server-0.1/node_modules/hono/dist/types/package.json
drwxr-xr-x okg4/okg4         0 2026-08-18 20:45 watermelon-server-0.1/node_modules/hono/dist/types/helper/
drwxr-xr-x okg4/okg4         0 2026-08-18 20:45 watermelon-server-0.1/node_modules/hono/dist/types/helper/dev/
-rw-r--r-- okg4/okg4       579 2026-08-18 20:45 watermelon-server-0.1/node_modules/hono/dist/types/helper/dev/index.d.ts
drwxr-xr-x okg4/okg4         0 2026-08-18 20:45 watermelon-server-0.1/node_modules/hono/dist/types/helper/conninfo/
-rw-r--r-- okg4/okg4       128 2026-08-18 20:45 watermelon-server-0.1/node_modules/hono/dist/types/helper/conninfo/index.d.ts
-rw-r--r-- okg4/okg4       689 2026-08-18 20:45 watermelon-server-0.1/node_modules/hono/dist/types/helper/conninfo/types.d.ts
drwxr-xr-x okg4/okg4         0 2026-08-18 20:45 watermelon-server-0.1/node_modules/hono/dist/types/helper/html/
-rw-r--r-- okg4/okg4       291 2026-08-18 20:45 watermelon-server-0.1/node_modules/hono/dist/types/helper/html/index.d.ts
drwxr-xr-x okg4/okg4         0 2026-08-18 20:45 watermelon-server-0.1/node_modules/hono/dist/types/helper/adapter/
-rw-r--r-- okg4/okg4       586 2026-08-18 20:45 watermelon-server-0.1/node_modules/hono/dist/types/helper/adapter/index.d.ts
drwxr-xr-x okg4/okg4         0 2026-08-18 20:45 watermelon-server-0.1/node_modules/hono/dist/types/helper/cookie/
-rw-r--r-- okg4/okg4      1431 2026-08-18 20:45 watermelon-server-0.1/node_modules/hono/dist/types/helper/cookie/index.d.ts
drwxr-xr-x okg4/okg4         0 2026-08-18 20:45 watermelon-server-0.1/node_modules/hono/dist/types/helper/ssg/
-rw-r--r-- okg4/okg4       895 2026-08-18 20:45 watermelon-server-0.1/node_modules/hono/dist/types/helper/ssg/plugins.d.ts
-rw-r--r-- okg4/okg4       234 2026-08-18 20:45 watermelon-server-0.1/node_modules/hono/dist/types/helper/ssg/index.d.ts
-rw-r--r-- okg4/okg4      3695 2026-08-18 20:45 watermelon-server-0.1/node_modules/hono/dist/types/helper/ssg/ssg.d.ts
-rw-r--r-- okg4/okg4      1358 2026-08-18 20:45 watermelon-server-0.1/node_modules/hono/dist/types/helper/ssg/middleware.d.ts
-rw-r--r-- okg4/okg4       614 2026-08-18 20:45 watermelon-server-0.1/node_modules/hono/dist/types/helper/ssg/utils.d.ts
drwxr-xr-x okg4/okg4         0 2026-08-18 20:45 watermelon-server-0.1/node_modules/hono/dist/types/helper/streaming/
-rw-r--r-- okg4/okg4       573 2026-08-18 20:45 watermelon-server-0.1/node_modules/hono/dist/types/helper/streaming/sse.d.ts
-rw-r--r-- okg4/okg4       214 2026-08-18 20:45 watermelon-server-0.1/node_modules/hono/dist/types/helper/streaming/index.d.ts
-rw-r--r-- okg4/okg4       267 2026-08-18 20:45 watermelon-server-0.1/node_modules/hono/dist/types/helper/streaming/text.d.ts
-rw-r--r-- okg4/okg4       258 2026-08-18 20:45 watermelon-server-0.1/node_modules/hono/dist/types/helper/streaming/stream.d.ts
-rw-r--r-- okg4/okg4        51 2026-08-18 20:45 watermelon-server-0.1/node_modules/hono/dist/types/helper/streaming/utils.d.ts
drwxr-xr-x okg4/okg4         0 2026-08-18 20:45 watermelon-server-0.1/node_modules/hono/dist/types/helper/css/
-rw-r--r-- okg4/okg4      2460 2026-08-18 20:45 watermelon-server-0.1/node_modules/hono/dist/types/helper/css/index.d.ts
-rw-r--r-- okg4/okg4      3026 2026-08-18 20:45 watermelon-server-0.1/node_modules/hono/dist/types/helper/css/common.d.ts
drwxr-xr-x okg4/okg4         0 2026-08-18 20:45 watermelon-server-0.1/node_modules/hono/dist/types/helper/route/
-rw-r--r-- okg4/okg4      2410 2026-08-18 20:45 watermelon-server-0.1/node_modules/hono/dist/types/helper/route/index.d.ts
drwxr-xr-x okg4/okg4         0 2026-08-18 20:45 watermelon-server-0.1/node_modules/hono/dist/types/helper/factory/
-rw-r--r-- okg4/okg4     11128 2026-08-18 20:45 watermelon-server-0.1/node_modules/hono/dist/types/helper/factory/index.d.ts
drwxr-xr-x okg4/okg4         0 2026-08-18 20:45 watermelon-server-0.1/node_modules/hono/dist/types/helper/proxy/
-rw-r--r-- okg4/okg4      2806 2026-08-18 20:45 watermelon-server-0.1/node_modules/hono/dist/types/helper/proxy/index.d.ts
drwxr-xr-x okg4/okg4         0 2026-08-18 20:45 watermelon-server-0.1/node_modules/hono/dist/types/helper/testing/
-rw-r--r-- okg4/okg4       656 2026-08-18 20:45 watermelon-server-0.1/node_modules/hono/dist/types/helper/testing/index.d.ts
drwxr-xr-x okg4/okg4         0 2026-08-18 20:45 watermelon-server-0.1/node_modules/hono/dist/types/helper/accepts/
-rw-r--r-- okg4/okg4        84 2026-08-18 20:45 watermelon-server-0.1/node_modules/hono/dist/types/helper/accepts/index.d.ts
-rw-r--r-- okg4/okg4       847 2026-08-18 20:45 watermelon-server-0.1/node_modules/hono/dist/types/helper/accepts/accepts.d.ts
drwxr-xr-x okg4/okg4         0 2026-08-18 20:45 watermelon-server-0.1/node_modules/hono/dist/types/helper/websocket/
-rw-r--r-- okg4/okg4      2409 2026-08-18 20:45 watermelon-server-0.1/node_modules/hono/dist/types/helper/websocket/index.d.ts
drwxr-xr-x okg4/okg4         0 2026-08-18 20:45 watermelon-server-0.1/node_modules/hono/dist/types/router/
drwxr-xr-x okg4/okg4         0 2026-08-18 20:45 watermelon-server-0.1/node_modules/hono/dist/types/router/smart-router/
-rw-r--r-- okg4/okg4       351 2026-08-18 20:45 watermelon-server-0.1/node_modules/hono/dist/types/router/smart-router/router.d.ts
-rw-r--r-- okg4/okg4        84 2026-08-18 20:45 watermelon-server-0.1/node_modules/hono/dist/types/router/smart-router/index.d.ts
drwxr-xr-x okg4/okg4         0 2026-08-18 20:45 watermelon-server-0.1/node_modules/hono/dist/types/router/trie-router/
-rw-r--r-- okg4/okg4       272 2026-08-18 20:45 watermelon-server-0.1/node_modules/hono/dist/types/router/trie-router/router.d.ts
-rw-r--r-- okg4/okg4        82 2026-08-18 20:45 watermelon-server-0.1/node_modules/hono/dist/types/router/trie-router/index.d.ts
-rw-r--r-- okg4/okg4       296 2026-08-18 20:45 watermelon-server-0.1/node_modules/hono/dist/types/router/trie-router/node.d.ts
drwxr-xr-x okg4/okg4         0 2026-08-18 20:45 watermelon-server-0.1/node_modules/hono/dist/types/router/pattern-router/
-rw-r--r-- okg4/okg4       256 2026-08-18 20:45 watermelon-server-0.1/node_modules/hono/dist/types/router/pattern-router/router.d.ts
-rw-r--r-- okg4/okg4        88 2026-08-18 20:45 watermelon-server-0.1/node_modules/hono/dist/types/router/pattern-router/index.d.ts
drwxr-xr-x okg4/okg4         0 2026-08-18 20:45 watermelon-server-0.1/node_modules/hono/dist/types/router/linear-router/
-rw-r--r-- okg4/okg4       255 2026-08-18 20:45 watermelon-server-0.1/node_modules/hono/dist/types/router/linear-router/router.d.ts
-rw-r--r-- okg4/okg4        86 2026-08-18 20:45 watermelon-server-0.1/node_modules/hono/dist/types/router/linear-router/index.d.ts
drwxr-xr-x okg4/okg4         0 2026-08-18 20:45 watermelon-server-0.1/node_modules/hono/dist/types/router/reg-exp-router/
-rw-r--r-- okg4/okg4       382 2026-08-18 20:45 watermelon-server-0.1/node_modules/hono/dist/types/router/reg-exp-router/router.d.ts
-rw-r--r-- okg4/okg4       296 2026-08-18 20:45 watermelon-server-0.1/node_modules/hono/dist/types/router/reg-exp-router/trie.d.ts
-rw-r--r-- okg4/okg4       182 2026-08-18 20:45 watermelon-server-0.1/node_modules/hono/dist/types/router/reg-exp-router/index.d.ts
-rw-r--r-- okg4/okg4       347 2026-08-18 20:45 watermelon-server-0.1/node_modules/hono/dist/types/router/reg-exp-router/node.d.ts
-rw-r--r-- okg4/okg4       450 2026-08-18 20:45 watermelon-server-0.1/node_modules/hono/dist/types/router/reg-exp-router/matcher.d.ts
-rw-r--r-- okg4/okg4       808 2026-08-18 20:45 watermelon-server-0.1/node_modules/hono/dist/types/router/reg-exp-router/prepared-router.d.ts
drwxr-xr-x okg4/okg4         0 2026-08-18 20:45 watermelon-server-0.1/node_modules/hono/dist/router/
drwxr-xr-x okg4/okg4         0 2026-08-18 20:45 watermelon-server-0.1/node_modules/hono/dist/router/smart-router/
-rw-r--r-- okg4/okg4       105 2026-08-18 20:45 watermelon-server-0.1/node_modules/hono/dist/router/smart-router/index.js
-rw-r--r-- okg4/okg4      1496 2026-08-18 20:45 watermelon-server-0.1/node_modules/hono/dist/router/smart-router/router.js
drwxr-xr-x okg4/okg4         0 2026-08-18 20:45 watermelon-server-0.1/node_modules/hono/dist/router/trie-router/
-rw-r--r-- okg4/okg4       102 2026-08-18 20:45 watermelon-server-0.1/node_modules/hono/dist/router/trie-router/index.js
-rw-r--r-- okg4/okg4      6457 2026-08-18 20:45 watermelon-server-0.1/node_modules/hono/dist/router/trie-router/node.js
-rw-r--r-- okg4/okg4       633 2026-08-18 20:45 watermelon-server-0.1/node_modules/hono/dist/router/trie-router/router.js
drwxr-xr-x okg4/okg4         0 2026-08-18 20:45 watermelon-server-0.1/node_modules/hono/dist/router/pattern-router/
-rw-r--r-- okg4/okg4       111 2026-08-18 20:45 watermelon-server-0.1/node_modules/hono/dist/router/pattern-router/index.js
-rw-r--r-- okg4/okg4      1513 2026-08-18 20:45 watermelon-server-0.1/node_modules/hono/dist/router/pattern-router/router.js
drwxr-xr-x okg4/okg4         0 2026-08-18 20:45 watermelon-server-0.1/node_modules/hono/dist/router/linear-router/
-rw-r--r-- okg4/okg4       108 2026-08-18 20:45 watermelon-server-0.1/node_modules/hono/dist/router/linear-router/index.js
-rw-r--r-- okg4/okg4      4768 2026-08-18 20:45 watermelon-server-0.1/node_modules/hono/dist/router/linear-router/router.js
drwxr-xr-x okg4/okg4         0 2026-08-18 20:45 watermelon-server-0.1/node_modules/hono/dist/router/reg-exp-router/
-rw-r--r-- okg4/okg4      1992 2026-08-18 20:45 watermelon-server-0.1/node_modules/hono/dist/router/reg-exp-router/trie.js
-rw-r--r-- okg4/okg4       274 2026-08-18 20:45 watermelon-server-0.1/node_modules/hono/dist/router/reg-exp-router/index.js
-rw-r--r-- okg4/okg4       670 2026-08-18 20:45 watermelon-server-0.1/node_modules/hono/dist/router/reg-exp-router/matcher.js
-rw-r--r-- okg4/okg4      3872 2026-08-18 20:45 watermelon-server-0.1/node_modules/hono/dist/router/reg-exp-router/node.js
-rw-r--r-- okg4/okg4      4252 2026-08-18 20:45 watermelon-server-0.1/node_modules/hono/dist/router/reg-exp-router/prepared-router.js
-rw-r--r-- okg4/okg4      5817 2026-08-18 20:45 watermelon-server-0.1/node_modules/hono/dist/router/reg-exp-router/router.js
-rw-r--r-- okg4/okg4       442 2026-08-18 20:45 watermelon-server-0.1/node_modules/hono/dist/router.js
-rw-r--r-- okg4/okg4      1101 2026-08-18 20:45 watermelon-server-0.1/node_modules/hono/LICENSE
-rw-r--r-- okg4/okg4     23613 2026-08-18 20:45 watermelon-server-0.1/node_modules/hono/package.json
drwxr-xr-x okg4/okg4         0 2026-08-18 20:45 watermelon-server-0.1/node_modules/@esbuild/
drwxr-xr-x okg4/okg4         0 2026-08-18 20:45 watermelon-server-0.1/node_modules/@rolldown/
drwxr-xr-x okg4/okg4         0 2026-08-18 20:45 watermelon-server-0.1/node_modules/@hono/
drwxr-xr-x okg4/okg4         0 2026-08-18 20:45 watermelon-server-0.1/node_modules/@hono/node-server/
-rw-r--r-- okg4/okg4     10544 2026-08-18 20:45 watermelon-server-0.1/node_modules/@hono/node-server/README.md
drwxr-xr-x okg4/okg4         0 2026-08-18 20:45 watermelon-server-0.1/node_modules/@hono/node-server/dist/
-rw-r--r-- okg4/okg4      5277 2026-08-18 20:45 watermelon-server-0.1/node_modules/@hono/node-server/dist/serve-static.cjs
-rw-r--r-- okg4/okg4      1111 2026-08-18 20:45 watermelon-server-0.1/node_modules/@hono/node-server/dist/early-hints.mjs
-rw-r--r-- okg4/okg4      1195 2026-08-18 20:45 watermelon-server-0.1/node_modules/@hono/node-server/dist/early-hints.cjs
-rw-r--r-- okg4/okg4     44968 2026-08-18 20:45 watermelon-server-0.1/node_modules/@hono/node-server/dist/index.cjs
-rw-r--r-- okg4/okg4      4192 2026-08-18 20:45 watermelon-server-0.1/node_modules/@hono/node-server/dist/index.d.cts
-rw-r--r-- okg4/okg4       696 2026-08-18 20:45 watermelon-server-0.1/node_modules/@hono/node-server/dist/serve-static.d.cts
-rw-r--r-- okg4/okg4      5068 2026-08-18 20:45 watermelon-server-0.1/node_modules/@hono/node-server/dist/serve-static.mjs
-rw-r--r-- okg4/okg4       599 2026-08-18 20:45 watermelon-server-0.1/node_modules/@hono/node-server/dist/conninfo.cjs
-rw-r--r-- okg4/okg4       230 2026-08-18 20:45 watermelon-server-0.1/node_modules/@hono/node-server/dist/conninfo.d.cts
drwxr-xr-x okg4/okg4         0 2026-08-18 20:45 watermelon-server-0.1/node_modules/@hono/node-server/dist/utils/
-rw-r--r-- okg4/okg4       230 2026-08-18 20:45 watermelon-server-0.1/node_modules/@hono/node-server/dist/utils/stream.d.cts
-rw-r--r-- okg4/okg4       238 2026-08-18 20:45 watermelon-server-0.1/node_modules/@hono/node-server/dist/utils/response.mjs
-rw-r--r-- okg4/okg4       127 2026-08-18 20:45 watermelon-server-0.1/node_modules/@hono/node-server/dist/utils/response.d.mts
-rw-r--r-- okg4/okg4      1665 2026-08-18 20:45 watermelon-server-0.1/node_modules/@hono/node-server/dist/utils/stream.mjs
-rw-r--r-- okg4/okg4       230 2026-08-18 20:45 watermelon-server-0.1/node_modules/@hono/node-server/dist/utils/stream.d.mts
-rw-r--r-- okg4/okg4       127 2026-08-18 20:45 watermelon-server-0.1/node_modules/@hono/node-server/dist/utils/response.d.cts
-rw-r--r-- okg4/okg4      1784 2026-08-18 20:45 watermelon-server-0.1/node_modules/@hono/node-server/dist/utils/stream.cjs
-rw-r--r-- okg4/okg4       349 2026-08-18 20:45 watermelon-server-0.1/node_modules/@hono/node-server/dist/utils/response.cjs
-rw-r--r-- okg4/okg4       514 2026-08-18 20:45 watermelon-server-0.1/node_modules/@hono/node-server/dist/conninfo.mjs
-rw-r--r-- okg4/okg4     44659 2026-08-18 20:45 watermelon-server-0.1/node_modules/@hono/node-server/dist/index.mjs
-rw-r--r-- okg4/okg4       229 2026-08-18 20:45 watermelon-server-0.1/node_modules/@hono/node-server/dist/constants-BXAKTxRC.cjs
-rw-r--r-- okg4/okg4      4192 2026-08-18 20:45 watermelon-server-0.1/node_modules/@hono/node-server/dist/index.d.mts
-rw-r--r-- okg4/okg4       591 2026-08-18 20:45 watermelon-server-0.1/node_modules/@hono/node-server/dist/early-hints.d.mts
-rw-r--r-- okg4/okg4       230 2026-08-18 20:45 watermelon-server-0.1/node_modules/@hono/node-server/dist/conninfo.d.mts
-rw-r--r-- okg4/okg4       133 2026-08-18 20:45 watermelon-server-0.1/node_modules/@hono/node-server/dist/constants-BLSFu_RU.mjs
-rw-r--r-- okg4/okg4       591 2026-08-18 20:45 watermelon-server-0.1/node_modules/@hono/node-server/dist/early-hints.d.cts
-rw-r--r-- okg4/okg4       696 2026-08-18 20:45 watermelon-server-0.1/node_modules/@hono/node-server/dist/serve-static.d.mts
-rw-r--r-- okg4/okg4      1101 2026-08-18 20:45 watermelon-server-0.1/node_modules/@hono/node-server/LICENSE
-rw-r--r-- okg4/okg4      3121 2026-08-18 20:45 watermelon-server-0.1/node_modules/@hono/node-server/package.json
drwxr-xr-x okg4/okg4         0 2026-08-18 20:45 watermelon-server-0.1/node_modules/node-addon-api/
-rw-r--r-- okg4/okg4       467 2026-08-18 20:45 watermelon-server-0.1/node_modules/node-addon-api/package-support.json
-rw-r--r-- okg4/okg4         0 2026-08-18 20:45 watermelon-server-0.1/node_modules/node-addon-api/nothing.c
-rw-r--r-- okg4/okg4      6323 2026-08-18 20:45 watermelon-server-0.1/node_modules/node-addon-api/napi-inl.deprecated.h
-rw-r--r-- okg4/okg4    243635 2026-08-18 20:45 watermelon-server-0.1/node_modules/node-addon-api/napi-inl.h
drwxr-xr-x okg4/okg4         0 2026-08-18 20:45 watermelon-server-0.1/node_modules/node-addon-api/tools/
-rw-r--r-- okg4/okg4      2002 2026-08-18 20:45 watermelon-server-0.1/node_modules/node-addon-api/tools/clang-format.js
-rwxr-xr-x okg4/okg4     15001 2026-08-18 20:45 watermelon-server-0.1/node_modules/node-addon-api/tools/conversion.js
-rw-r--r-- okg4/okg4      3217 2026-08-18 20:45 watermelon-server-0.1/node_modules/node-addon-api/tools/README.md
-rw-r--r-- okg4/okg4      3176 2026-08-18 20:45 watermelon-server-0.1/node_modules/node-addon-api/tools/check-napi.js
-rw-r--r-- okg4/okg4      4994 2026-08-18 20:45 watermelon-server-0.1/node_modules/node-addon-api/README.md
-rw-r--r-- okg4/okg4       435 2026-08-18 20:45 watermelon-server-0.1/node_modules/node-addon-api/index.js
-rw-r--r-- okg4/okg4       833 2026-08-18 20:45 watermelon-server-0.1/node_modules/node-addon-api/common.gypi
-rw-r--r-- okg4/okg4      1097 2026-08-18 20:45 watermelon-server-0.1/node_modules/node-addon-api/node_addon_api.gyp
-rw-r--r-- okg4/okg4       132 2026-08-18 20:45 watermelon-server-0.1/node_modules/node-addon-api/node_api.gyp
-rw-r--r-- okg4/okg4    125611 2026-08-18 20:45 watermelon-server-0.1/node_modules/node-addon-api/napi.h
-rw-r--r-- okg4/okg4       560 2026-08-18 20:45 watermelon-server-0.1/node_modules/node-addon-api/except.gypi
-rw-r--r-- okg4/okg4     11032 2026-08-18 20:45 watermelon-server-0.1/node_modules/node-addon-api/package.json
-rw-r--r-- okg4/okg4      1150 2026-08-18 20:45 watermelon-server-0.1/node_modules/node-addon-api/LICENSE.md
-rw-r--r-- okg4/okg4       649 2026-08-18 20:45 watermelon-server-0.1/node_modules/node-addon-api/noexcept.gypi
drwxr-xr-x okg4/okg4         0 2026-08-18 20:45 watermelon-server-0.1/node_modules/@types/
drwxr-xr-x okg4/okg4         0 2026-08-18 20:45 watermelon-server-0.1/node_modules/@types/better-sqlite3/
-rw-r--r-- okg4/okg4       869 2026-08-18 20:45 watermelon-server-0.1/node_modules/@types/better-sqlite3/README.md
-rw-r--r-- okg4/okg4      5626 2026-08-18 20:45 watermelon-server-0.1/node_modules/@types/better-sqlite3/index.d.ts
-rw-r--r-- okg4/okg4      1141 2026-08-18 20:45 watermelon-server-0.1/node_modules/@types/better-sqlite3/LICENSE
-rw-r--r-- okg4/okg4      1912 2026-08-18 20:45 watermelon-server-0.1/node_modules/@types/better-sqlite3/package.json
drwxr-xr-x okg4/okg4         0 2026-08-18 20:45 watermelon-server-0.1/node_modules/@types/node/
-rw-r--r-- okg4/okg4     59905 2026-08-18 20:45 watermelon-server-0.1/node_modules/@types/node/child_process.d.ts
-rw-r--r-- okg4/okg4     23015 2026-08-18 20:45 watermelon-server-0.1/node_modules/@types/node/perf_hooks.d.ts
-rw-r--r-- okg4/okg4      5084 2026-08-18 20:45 watermelon-server-0.1/node_modules/@types/node/globals.d.ts
-rw-r--r-- okg4/okg4     34353 2026-08-18 20:45 watermelon-server-0.1/node_modules/@types/node/dns.d.ts
-rw-r--r-- okg4/okg4      2045 2026-08-18 20:45 watermelon-server-0.1/node_modules/@types/node/sea.d.ts
-rw-r--r-- okg4/okg4     98461 2026-08-18 20:45 watermelon-server-0.1/node_modules/@types/node/http.d.ts
-rw-r--r-- okg4/okg4       491 2026-08-18 20:45 watermelon-server-0.1/node_modules/@types/node/constants.d.ts
-rw-r--r-- okg4/okg4      7351 2026-08-18 20:45 watermelon-server-0.1/node_modules/@types/node/timers.d.ts
-rw-r--r-- okg4/okg4      3780 2026-08-18 20:45 watermelon-server-0.1/node_modules/@types/node/punycode.d.ts
-rw-r--r-- okg4/okg4      1582 2026-08-18 20:45 watermelon-server-0.1/node_modules/@types/node/README.md
-rw-r--r-- okg4/okg4      7639 2026-08-18 20:45 watermelon-server-0.1/node_modules/@types/node/path.d.ts
-rw-r--r-- okg4/okg4      6642 2026-08-18 20:45 watermelon-server-0.1/node_modules/@types/node/querystring.d.ts
-rw-r--r-- okg4/okg4    202016 2026-08-18 20:45 watermelon-server-0.1/node_modules/@types/node/fs.d.ts
-rw-r--r-- okg4/okg4     82607 2026-08-18 20:45 watermelon-server-0.1/node_modules/@types/node/quic.d.ts
-rw-r--r-- okg4/okg4    228362 2026-08-18 20:45 watermelon-server-0.1/node_modules/@types/node/inspector.generated.d.ts
-rw-r--r-- okg4/okg4     16812 2026-08-18 20:45 watermelon-server-0.1/node_modules/@types/node/https.d.ts
drwxr-xr-x okg4/okg4         0 2026-08-18 20:45 watermelon-server-0.1/node_modules/@types/node/stream/
-rw-r--r-- okg4/okg4     17419 2026-08-18 20:45 watermelon-server-0.1/node_modules/@types/node/stream/iter.d.ts
-rw-r--r-- okg4/okg4     12122 2026-08-18 20:45 watermelon-server-0.1/node_modules/@types/node/stream/web.d.ts
-rw-r--r-- okg4/okg4      4272 2026-08-18 20:45 watermelon-server-0.1/node_modules/@types/node/stream/consumers.d.ts
-rw-r--r-- okg4/okg4      7347 2026-08-18 20:45 watermelon-server-0.1/node_modules/@types/node/stream/promises.d.ts
-rw-r--r-- okg4/okg4     25457 2026-08-18 20:45 watermelon-server-0.1/node_modules/@types/node/url.d.ts
-rw-r--r-- okg4/okg4      5019 2026-08-18 20:45 watermelon-server-0.1/node_modules/@types/node/index.d.ts
drwxr-xr-x okg4/okg4         0 2026-08-18 20:45 watermelon-server-0.1/node_modules/@types/node/timers/
-rw-r--r-- okg4/okg4      3383 2026-08-18 20:45 watermelon-server-0.1/node_modules/@types/node/timers/promises.d.ts
-rw-r--r-- okg4/okg4      4250 2026-08-18 20:45 watermelon-server-0.1/node_modules/@types/node/console.d.ts
-rw-r--r-- okg4/okg4    112101 2026-08-18 20:45 watermelon-server-0.1/node_modules/@types/node/process.d.ts
-rw-r--r-- okg4/okg4     47375 2026-08-18 20:45 watermelon-server-0.1/node_modules/@types/node/events.d.ts
-rw-r--r-- okg4/okg4     12198 2026-08-18 20:45 watermelon-server-0.1/node_modules/@types/node/inspector.d.ts
-rw-r--r-- okg4/okg4     11152 2026-08-18 20:45 watermelon-server-0.1/node_modules/@types/node/tty.d.ts
-rw-r--r-- okg4/okg4     19023 2026-08-18 20:45 watermelon-server-0.1/node_modules/@types/node/repl.d.ts
drwxr-xr-x okg4/okg4         0 2026-08-18 20:45 watermelon-server-0.1/node_modules/@types/node/dns/
-rw-r--r-- okg4/okg4     20815 2026-08-18 20:45 watermelon-server-0.1/node_modules/@types/node/dns/promises.d.ts
-rw-r--r-- okg4/okg4     19527 2026-08-18 20:45 watermelon-server-0.1/node_modules/@types/node/cluster.d.ts
-rw-r--r-- okg4/okg4    115345 2026-08-18 20:45 watermelon-server-0.1/node_modules/@types/node/test.d.ts
-rw-r--r-- okg4/okg4     29736 2026-08-18 20:45 watermelon-server-0.1/node_modules/@types/node/worker_threads.d.ts
-rw-r--r-- okg4/okg4      4864 2026-08-18 20:45 watermelon-server-0.1/node_modules/@types/node/globals.typedarray.d.ts
-rw-r--r-- okg4/okg4      6250 2026-08-18 20:45 watermelon-server-0.1/node_modules/@types/node/wasi.d.ts
-rw-r--r-- okg4/okg4     24921 2026-08-18 20:45 watermelon-server-0.1/node_modules/@types/node/dgram.d.ts
-rw-r--r-- okg4/okg4     55387 2026-08-18 20:45 watermelon-server-0.1/node_modules/@types/node/sqlite.d.ts
-rw-r--r-- okg4/okg4     81152 2026-08-18 20:45 watermelon-server-0.1/node_modules/@types/node/buffer.d.ts
-rw-r--r-- okg4/okg4     29929 2026-08-18 20:45 watermelon-server-0.1/node_modules/@types/node/async_hooks.d.ts
drwxr-xr-x okg4/okg4         0 2026-08-18 20:45 watermelon-server-0.1/node_modules/@types/node/fs/
-rw-r--r-- okg4/okg4     63543 2026-08-18 20:45 watermelon-server-0.1/node_modules/@types/node/fs/promises.d.ts
-rw-r--r-- okg4/okg4     22874 2026-08-18 20:45 watermelon-server-0.1/node_modules/@types/node/zlib.d.ts
-rw-r--r-- okg4/okg4     58012 2026-08-18 20:45 watermelon-server-0.1/node_modules/@types/node/tls.d.ts
-rw-r--r-- okg4/okg4      6597 2026-08-18 20:45 watermelon-server-0.1/node_modules/@types/node/domain.d.ts
-rw-r--r-- okg4/okg4     90588 2026-08-18 20:45 watermelon-server-0.1/node_modules/@types/node/stream.d.ts
-rw-r--r-- okg4/okg4      1141 2026-08-18 20:45 watermelon-server-0.1/node_modules/@types/node/LICENSE
-rw-r--r-- okg4/okg4     32983 2026-08-18 20:45 watermelon-server-0.1/node_modules/@types/node/module.d.ts
-rw-r--r-- okg4/okg4     21216 2026-08-18 20:45 watermelon-server-0.1/node_modules/@types/node/readline.d.ts
-rw-r--r-- okg4/okg4     42889 2026-08-18 20:45 watermelon-server-0.1/node_modules/@types/node/v8.d.ts
-rw-r--r-- okg4/okg4     34577 2026-08-18 20:45 watermelon-server-0.1/node_modules/@types/node/diagnostics_channel.d.ts
-rw-r--r-- okg4/okg4     65409 2026-08-18 20:45 watermelon-server-0.1/node_modules/@types/node/util.d.ts
drwxr-xr-x okg4/okg4         0 2026-08-18 20:45 watermelon-server-0.1/node_modules/@types/node/util/
-rw-r--r-- okg4/okg4     23832 2026-08-18 20:45 watermelon-server-0.1/node_modules/@types/node/util/types.d.ts
-rw-r--r-- okg4/okg4     42891 2026-08-18 20:45 watermelon-server-0.1/node_modules/@types/node/assert.d.ts
drwxr-xr-x okg4/okg4         0 2026-08-18 20:45 watermelon-server-0.1/node_modules/@types/node/ts5.6/
-rw-r--r-- okg4/okg4      5344 2026-08-18 20:45 watermelon-server-0.1/node_modules/@types/node/ts5.6/index.d.ts
-rw-r--r-- okg4/okg4      1238 2026-08-18 20:45 watermelon-server-0.1/node_modules/@types/node/ts5.6/globals.typedarray.d.ts
drwxr-xr-x okg4/okg4         0 2026-08-18 20:45 watermelon-server-0.1/node_modules/@types/node/ts5.6/compatibility/
-rw-r--r-- okg4/okg4      3811 2026-08-18 20:45 watermelon-server-0.1/node_modules/@types/node/ts5.6/compatibility/float16array.d.ts
-rw-r--r-- okg4/okg4     21855 2026-08-18 20:45 watermelon-server-0.1/node_modules/@types/node/ts5.6/buffer.buffer.d.ts
-rw-r--r-- okg4/okg4     19278 2026-08-18 20:45 watermelon-server-0.1/node_modules/@types/node/os.d.ts
drwxr-xr-x okg4/okg4         0 2026-08-18 20:45 watermelon-server-0.1/node_modules/@types/node/web-globals/
-rw-r--r-- okg4/okg4      3052 2026-08-18 20:45 watermelon-server-0.1/node_modules/@types/node/web-globals/domexception.d.ts
-rw-r--r-- okg4/okg4      1557 2026-08-18 20:45 watermelon-server-0.1/node_modules/@types/node/web-globals/timers.d.ts
-rw-r--r-- okg4/okg4      1113 2026-08-18 20:45 watermelon-server-0.1/node_modules/@types/node/web-globals/messaging.d.ts
-rw-r--r-- okg4/okg4       800 2026-08-18 20:45 watermelon-server-0.1/node_modules/@types/node/web-globals/url.d.ts
-rw-r--r-- okg4/okg4       902 2026-08-18 20:45 watermelon-server-0.1/node_modules/@types/node/web-globals/blob.d.ts
-rw-r--r-- okg4/okg4      3524 2026-08-18 20:45 watermelon-server-0.1/node_modules/@types/node/web-globals/fetch.d.ts
-rw-r--r-- okg4/okg4       149 2026-08-18 20:45 watermelon-server-0.1/node_modules/@types/node/web-globals/console.d.ts
-rw-r--r-- okg4/okg4      3367 2026-08-18 20:45 watermelon-server-0.1/node_modules/@types/node/web-globals/events.d.ts
-rw-r--r-- okg4/okg4       259 2026-08-18 20:45 watermelon-server-0.1/node_modules/@types/node/web-globals/importmeta.d.ts
-rw-r--r-- okg4/okg4       414 2026-08-18 20:45 watermelon-server-0.1/node_modules/@types/node/web-globals/encoding.d.ts
-rw-r--r-- okg4/okg4       724 2026-08-18 20:45 watermelon-server-0.1/node_modules/@types/node/web-globals/storage.d.ts
-rw-r--r-- okg4/okg4      1989 2026-08-18 20:45 watermelon-server-0.1/node_modules/@types/node/web-globals/abortcontroller.d.ts
-rw-r--r-- okg4/okg4       891 2026-08-18 20:45 watermelon-server-0.1/node_modules/@types/node/web-globals/navigator.d.ts
-rw-r--r-- okg4/okg4      6707 2026-08-18 20:45 watermelon-server-0.1/node_modules/@types/node/web-globals/streams.d.ts
-rw-r--r-- okg4/okg4      2551 2026-08-18 20:45 watermelon-server-0.1/node_modules/@types/node/web-globals/performance.d.ts
-rw-r--r-- okg4/okg4      1449 2026-08-18 20:45 watermelon-server-0.1/node_modules/@types/node/web-globals/crypto.d.ts
-rw-r--r-- okg4/okg4     43748 2026-08-18 20:45 watermelon-server-0.1/node_modules/@types/node/net.d.ts
-rw-r--r-- okg4/okg4     53143 2026-08-18 20:45 watermelon-server-0.1/node_modules/@types/node/vm.d.ts
-rw-r--r-- okg4/okg4     20013 2026-08-18 20:45 watermelon-server-0.1/node_modules/@types/node/ffi.d.ts
-rw-r--r-- okg4/okg4     22604 2026-08-18 20:45 watermelon-server-0.1/node_modules/@types/node/buffer.buffer.d.ts
-rw-r--r-- okg4/okg4      3842 2026-08-18 20:45 watermelon-server-0.1/node_modules/@types/node/trace_events.d.ts
drwxr-xr-x okg4/okg4         0 2026-08-18 20:45 watermelon-server-0.1/node_modules/@types/node/test/
-rw-r--r-- okg4/okg4      2779 2026-08-18 20:45 watermelon-server-0.1/node_modules/@types/node/test/reporters.d.ts
-rw-r--r-- okg4/okg4      4508 2026-08-18 20:45 watermelon-server-0.1/node_modules/@types/node/package.json
-rw-r--r-- okg4/okg4    168272 2026-08-18 20:45 watermelon-server-0.1/node_modules/@types/node/crypto.d.ts
-rw-r--r-- okg4/okg4    119084 2026-08-18 20:45 watermelon-server-0.1/node_modules/@types/node/http2.d.ts
drwxr-xr-x okg4/okg4         0 2026-08-18 20:45 watermelon-server-0.1/node_modules/@types/node/inspector/
-rw-r--r-- okg4/okg4      1471 2026-08-18 20:45 watermelon-server-0.1/node_modules/@types/node/inspector/promises.d.ts
drwxr-xr-x okg4/okg4         0 2026-08-18 20:45 watermelon-server-0.1/node_modules/@types/node/ts5.7/
-rw-r--r-- okg4/okg4      5343 2026-08-18 20:45 watermelon-server-0.1/node_modules/@types/node/ts5.7/index.d.ts
drwxr-xr-x okg4/okg4         0 2026-08-18 20:45 watermelon-server-0.1/node_modules/@types/node/ts5.7/compatibility/
-rw-r--r-- okg4/okg4      3872 2026-08-18 20:45 watermelon-server-0.1/node_modules/@types/node/ts5.7/compatibility/float16array.d.ts
drwxr-xr-x okg4/okg4         0 2026-08-18 20:45 watermelon-server-0.1/node_modules/@types/node/readline/
-rw-r--r-- okg4/okg4      6418 2026-08-18 20:45 watermelon-server-0.1/node_modules/@types/node/readline/promises.d.ts
drwxr-xr-x okg4/okg4         0 2026-08-18 20:45 watermelon-server-0.1/node_modules/@types/node/path/
-rw-r--r-- okg4/okg4       194 2026-08-18 20:45 watermelon-server-0.1/node_modules/@types/node/path/posix.d.ts
-rw-r--r-- okg4/okg4       194 2026-08-18 20:45 watermelon-server-0.1/node_modules/@types/node/path/win32.d.ts
-rw-r--r-- okg4/okg4      1318 2026-08-18 20:45 watermelon-server-0.1/node_modules/@types/node/string_decoder.d.ts
drwxr-xr-x okg4/okg4         0 2026-08-18 20:45 watermelon-server-0.1/node_modules/@types/node/assert/
-rw-r--r-- okg4/okg4      1652 2026-08-18 20:45 watermelon-server-0.1/node_modules/@types/node/assert/strict.d.ts
drwxr-xr-x okg4/okg4         0 2026-08-18 20:45 watermelon-server-0.1/node_modules/@types/node/zlib/
-rw-r--r-- okg4/okg4      5077 2026-08-18 20:45 watermelon-server-0.1/node_modules/@types/node/zlib/iter.d.ts
drwxr-xr-x okg4/okg4         0 2026-08-18 20:45 watermelon-server-0.1/node_modules/@typescript/
drwxr-xr-x okg4/okg4         0 2026-08-18 20:45 watermelon-server-0.1/node_modules/@vitest/
drwxr-xr-x okg4/okg4         0 2026-08-18 20:45 watermelon-server-0.1/node_modules/@standard-schema/
drwxr-xr-x okg4/okg4         0 2026-08-18 20:45 watermelon-server-0.1/node_modules/@esbuild-kit/
-rw-r--r-- okg4/okg4      1083 2026-08-18 01:50 watermelon-server-0.1/LICENSE
-rw-r--r-- okg4/okg4      6072 2026-08-18 20:45 watermelon-server-0.1/Makefile
Executing(%build): /usr/bin/bash -e /var/tmp/rpm-tmp.Fu8sAC
Executing(%install): /usr/bin/bash -e /var/tmp/rpm-tmp.gtKaNR
make[1]: Entering directory '/home/okg4/src/github/saime/linux_tools_education/tools/watermelon-server-ts/.rpmbuild/BUILD/watermelon-server-0.1-build/watermelon-server-0.1'
mkdir -p /home/okg4/src/github/saime/linux_tools_education/tools/watermelon-server-ts/.rpmbuild/BUILD/watermelon-server-0.1-build/BUILDROOT/usr/bin
ln -s /usr/lib64/node_modules/watermelon-server/bin/watermelon-server /home/okg4/src/github/saime/linux_tools_education/tools/watermelon-server-ts/.rpmbuild/BUILD/watermelon-server-0.1-build/BUILDROOT/usr/bin/watermelon-server
install -Dm 755 bin/watermelon-server /home/okg4/src/github/saime/linux_tools_education/tools/watermelon-server-ts/.rpmbuild/BUILD/watermelon-server-0.1-build/BUILDROOT/usr/lib64/node_modules/watermelon-server/bin/watermelon-server
rsync -avz --mkpath --delete node_modules/ /home/okg4/src/github/saime/linux_tools_education/tools/watermelon-server-ts/.rpmbuild/BUILD/watermelon-server-0.1-build/BUILDROOT/usr/lib64/node_modules/watermelon-server/node_modules
sending incremental file list
created 1 directory for /home/okg4/src/github/saime/linux_tools_education/tools/watermelon-server-ts/.rpmbuild/BUILD/watermelon-server-0.1-build/BUILDROOT/usr/lib64/node_modules/watermelon-server/node_modules
./
.package-lock.json
.bin/
@drizzle-team/
@esbuild-kit/
@esbuild/
@hono/
@hono/node-server/
@hono/node-server/LICENSE
@hono/node-server/README.md
@hono/node-server/package.json
@hono/node-server/dist/
@hono/node-server/dist/conninfo.cjs
@hono/node-server/dist/conninfo.d.cts
@hono/node-server/dist/conninfo.d.mts
@hono/node-server/dist/conninfo.mjs
@hono/node-server/dist/constants-BLSFu_RU.mjs
@hono/node-server/dist/constants-BXAKTxRC.cjs
@hono/node-server/dist/early-hints.cjs
@hono/node-server/dist/early-hints.d.cts
@hono/node-server/dist/early-hints.d.mts
@hono/node-server/dist/early-hints.mjs
@hono/node-server/dist/index.cjs
@hono/node-server/dist/index.d.cts
@hono/node-server/dist/index.d.mts
@hono/node-server/dist/index.mjs
@hono/node-server/dist/serve-static.cjs
@hono/node-server/dist/serve-static.d.cts
@hono/node-server/dist/serve-static.d.mts
@hono/node-server/dist/serve-static.mjs
@hono/node-server/dist/utils/
@hono/node-server/dist/utils/response.cjs
@hono/node-server/dist/utils/response.d.cts
@hono/node-server/dist/utils/response.d.mts
@hono/node-server/dist/utils/response.mjs
@hono/node-server/dist/utils/stream.cjs
@hono/node-server/dist/utils/stream.d.cts
@hono/node-server/dist/utils/stream.d.mts
@hono/node-server/dist/utils/stream.mjs
@jridgewell/
@oxc-project/
@rolldown/
@standard-schema/
@types/
@types/better-sqlite3/
@types/better-sqlite3/LICENSE
@types/better-sqlite3/README.md
@types/better-sqlite3/index.d.ts
@types/better-sqlite3/package.json
@types/node/
@types/node/LICENSE
@types/node/README.md
@types/node/assert.d.ts
@types/node/async_hooks.d.ts
@types/node/buffer.buffer.d.ts
@types/node/buffer.d.ts
@types/node/child_process.d.ts
@types/node/cluster.d.ts
@types/node/console.d.ts
@types/node/constants.d.ts
@types/node/crypto.d.ts
@types/node/dgram.d.ts
@types/node/diagnostics_channel.d.ts
@types/node/dns.d.ts
@types/node/domain.d.ts
@types/node/events.d.ts
@types/node/ffi.d.ts
@types/node/fs.d.ts
@types/node/globals.d.ts
@types/node/globals.typedarray.d.ts
@types/node/http.d.ts
@types/node/http2.d.ts
@types/node/https.d.ts
@types/node/index.d.ts
@types/node/inspector.d.ts
@types/node/inspector.generated.d.ts
@types/node/module.d.ts
@types/node/net.d.ts
@types/node/os.d.ts
@types/node/package.json
@types/node/path.d.ts
@types/node/perf_hooks.d.ts
@types/node/process.d.ts
@types/node/punycode.d.ts
@types/node/querystring.d.ts
@types/node/quic.d.ts
@types/node/readline.d.ts
@types/node/repl.d.ts
@types/node/sea.d.ts
@types/node/sqlite.d.ts
@types/node/stream.d.ts
@types/node/string_decoder.d.ts
@types/node/test.d.ts
@types/node/timers.d.ts
@types/node/tls.d.ts
@types/node/trace_events.d.ts
@types/node/tty.d.ts
@types/node/url.d.ts
@types/node/util.d.ts
@types/node/v8.d.ts
@types/node/vm.d.ts
@types/node/wasi.d.ts
@types/node/worker_threads.d.ts
@types/node/zlib.d.ts
@types/node/assert/
@types/node/assert/strict.d.ts
@types/node/dns/
@types/node/dns/promises.d.ts
@types/node/fs/
@types/node/fs/promises.d.ts
@types/node/inspector/
@types/node/inspector/promises.d.ts
@types/node/path/
@types/node/path/posix.d.ts
@types/node/path/win32.d.ts
@types/node/readline/
@types/node/readline/promises.d.ts
@types/node/stream/
@types/node/stream/consumers.d.ts
@types/node/stream/iter.d.ts
@types/node/stream/promises.d.ts
@types/node/stream/web.d.ts
@types/node/test/
@types/node/test/reporters.d.ts
@types/node/timers/
@types/node/timers/promises.d.ts
@types/node/ts5.6/
@types/node/ts5.6/buffer.buffer.d.ts
@types/node/ts5.6/globals.typedarray.d.ts
@types/node/ts5.6/index.d.ts
@types/node/ts5.6/compatibility/
@types/node/ts5.6/compatibility/float16array.d.ts
@types/node/ts5.7/
@types/node/ts5.7/index.d.ts
@types/node/ts5.7/compatibility/
@types/node/ts5.7/compatibility/float16array.d.ts
@types/node/util/
@types/node/util/types.d.ts
@types/node/web-globals/
@types/node/web-globals/abortcontroller.d.ts
@types/node/web-globals/blob.d.ts
@types/node/web-globals/console.d.ts
@types/node/web-globals/crypto.d.ts
@types/node/web-globals/domexception.d.ts
@types/node/web-globals/encoding.d.ts
@types/node/web-globals/events.d.ts
@types/node/web-globals/fetch.d.ts
@types/node/web-globals/importmeta.d.ts
@types/node/web-globals/messaging.d.ts
@types/node/web-globals/navigator.d.ts
@types/node/web-globals/performance.d.ts
@types/node/web-globals/storage.d.ts
@types/node/web-globals/streams.d.ts
@types/node/web-globals/timers.d.ts
@types/node/web-globals/url.d.ts
@types/node/zlib/
@types/node/zlib/iter.d.ts
@typescript/
@vitest/
better-sqlite3/
better-sqlite3/LICENSE
better-sqlite3/README.md
better-sqlite3/binding.gyp
better-sqlite3/package.json
better-sqlite3/build/
better-sqlite3/build/Makefile
better-sqlite3/build/better_sqlite3.target.mk
better-sqlite3/build/binding.Makefile
better-sqlite3/build/config.gypi
better-sqlite3/build/test_extension.target.mk
better-sqlite3/build/Release/
better-sqlite3/build/Release/.deps/
better-sqlite3/build/Release/.deps/Release/
better-sqlite3/build/Release/.deps/Release/obj.target/
better-sqlite3/build/Release/.deps/Release/obj.target/better_sqlite3.stamp.d
better-sqlite3/build/Release/.deps/Release/obj.target/test_extension.stamp.d
better-sqlite3/build/Release/obj.target/
better-sqlite3/build/Release/obj.target/better_sqlite3.stamp
better-sqlite3/build/Release/obj.target/test_extension.stamp
better-sqlite3/deps/
better-sqlite3/deps/common.gypi
better-sqlite3/deps/copy.js
better-sqlite3/deps/defines.gypi
better-sqlite3/deps/download.sh
better-sqlite3/deps/sqlite3.gyp
better-sqlite3/deps/test_extension.c
better-sqlite3/deps/patches/
better-sqlite3/deps/patches/1208.patch
better-sqlite3/deps/sqlite3/
better-sqlite3/deps/sqlite3/sqlite3.c
better-sqlite3/deps/sqlite3/sqlite3.h
better-sqlite3/deps/sqlite3/sqlite3ext.h
better-sqlite3/lib/
better-sqlite3/lib/binding.js
better-sqlite3/lib/darwin-arm64.js
better-sqlite3/lib/darwin-x64.js
better-sqlite3/lib/database.js
better-sqlite3/lib/index.js
better-sqlite3/lib/linux-arm64.js
better-sqlite3/lib/linux-x64.js
better-sqlite3/lib/linuxmusl-arm64.js
better-sqlite3/lib/linuxmusl-x64.js
better-sqlite3/lib/sqlite-error.js
better-sqlite3/lib/util.js
better-sqlite3/lib/win32-arm64.js
better-sqlite3/lib/win32-x64.js
better-sqlite3/lib/methods/
better-sqlite3/lib/methods/aggregate.js
better-sqlite3/lib/methods/backup.js
better-sqlite3/lib/methods/explain.js
better-sqlite3/lib/methods/function.js
better-sqlite3/lib/methods/inspect.js
better-sqlite3/lib/methods/pragma.js
better-sqlite3/lib/methods/serialize.js
better-sqlite3/lib/methods/table.js
better-sqlite3/lib/methods/transaction.js
better-sqlite3/lib/methods/wrappers.js
better-sqlite3/prebuilds/
better-sqlite3/prebuilds/darwin-arm64.node
better-sqlite3/prebuilds/darwin-x64.node
better-sqlite3/prebuilds/linux-arm64.node
better-sqlite3/prebuilds/linux-x64.node
better-sqlite3/prebuilds/linuxmusl-arm64.node
better-sqlite3/prebuilds/linuxmusl-x64.node
better-sqlite3/prebuilds/win32-arm64.node
better-sqlite3/prebuilds/win32-x64.node
better-sqlite3/src/
better-sqlite3/src/addon.cpp
better-sqlite3/src/better_sqlite3.cpp
better-sqlite3/src/objects/
better-sqlite3/src/objects/backup.cpp
better-sqlite3/src/objects/backup.hpp
better-sqlite3/src/objects/database.cpp
better-sqlite3/src/objects/database.hpp
better-sqlite3/src/objects/statement-iterator.cpp
better-sqlite3/src/objects/statement-iterator.hpp
better-sqlite3/src/objects/statement.cpp
better-sqlite3/src/objects/statement.hpp
better-sqlite3/src/util/
better-sqlite3/src/util/bind-map.cpp
better-sqlite3/src/util/binder.cpp
better-sqlite3/src/util/constants.cpp
better-sqlite3/src/util/custom-aggregate.cpp
better-sqlite3/src/util/custom-function.cpp
better-sqlite3/src/util/custom-table.cpp
better-sqlite3/src/util/data-converter.cpp
better-sqlite3/src/util/data.cpp
better-sqlite3/src/util/helpers.cpp
better-sqlite3/src/util/macros.cpp
better-sqlite3/src/util/query-macros.cpp
better-sqlite3/src/util/row-builder.cpp
better-sqlite3/src/util/row-builder.hpp
drizzle-orm/
drizzle-orm/README.md
drizzle-orm/alias.cjs
drizzle-orm/alias.cjs.map
drizzle-orm/alias.d.cts
drizzle-orm/alias.d.ts
drizzle-orm/alias.js
drizzle-orm/alias.js.map
drizzle-orm/batch.cjs
drizzle-orm/batch.cjs.map
drizzle-orm/batch.d.cts
drizzle-orm/batch.d.ts
drizzle-orm/batch.js
drizzle-orm/batch.js.map
drizzle-orm/casing.cjs
drizzle-orm/casing.cjs.map
drizzle-orm/casing.d.cts
drizzle-orm/casing.d.ts
drizzle-orm/casing.js
drizzle-orm/casing.js.map
drizzle-orm/column-builder.cjs
drizzle-orm/column-builder.cjs.map
drizzle-orm/column-builder.d.cts
drizzle-orm/column-builder.d.ts
drizzle-orm/column-builder.js
drizzle-orm/column-builder.js.map
drizzle-orm/column.cjs
drizzle-orm/column.cjs.map
drizzle-orm/column.d.cts
drizzle-orm/column.d.ts
drizzle-orm/column.js
drizzle-orm/column.js.map
drizzle-orm/entity.cjs
drizzle-orm/entity.cjs.map
drizzle-orm/entity.d.cts
drizzle-orm/entity.d.ts
drizzle-orm/entity.js
drizzle-orm/entity.js.map
drizzle-orm/errors.cjs
drizzle-orm/errors.cjs.map
drizzle-orm/errors.d.cts
drizzle-orm/errors.d.ts
drizzle-orm/errors.js
drizzle-orm/errors.js.map
drizzle-orm/index.cjs
drizzle-orm/index.cjs.map
drizzle-orm/index.d.cts
drizzle-orm/index.d.ts
drizzle-orm/index.js
drizzle-orm/index.js.map
drizzle-orm/logger.cjs
drizzle-orm/logger.cjs.map
drizzle-orm/logger.d.cts
drizzle-orm/logger.d.ts
drizzle-orm/logger.js
drizzle-orm/logger.js.map
drizzle-orm/migrator.cjs
drizzle-orm/migrator.cjs.map
drizzle-orm/migrator.d.cts
drizzle-orm/migrator.d.ts
drizzle-orm/migrator.js
drizzle-orm/migrator.js.map
drizzle-orm/operations.cjs
drizzle-orm/operations.cjs.map
drizzle-orm/operations.d.cts
drizzle-orm/operations.d.ts
drizzle-orm/operations.js
drizzle-orm/operations.js.map
drizzle-orm/package.json
drizzle-orm/primary-key.cjs
drizzle-orm/primary-key.cjs.map
drizzle-orm/primary-key.d.cts
drizzle-orm/primary-key.d.ts
drizzle-orm/primary-key.js
drizzle-orm/primary-key.js.map
drizzle-orm/query-promise.cjs
drizzle-orm/query-promise.cjs.map
drizzle-orm/query-promise.d.cts
drizzle-orm/query-promise.d.ts
drizzle-orm/query-promise.js
drizzle-orm/query-promise.js.map
drizzle-orm/relations.cjs
drizzle-orm/relations.cjs.map
drizzle-orm/relations.d.cts
drizzle-orm/relations.d.ts
drizzle-orm/relations.js
drizzle-orm/relations.js.map
drizzle-orm/runnable-query.cjs
drizzle-orm/runnable-query.cjs.map
drizzle-orm/runnable-query.d.cts
drizzle-orm/runnable-query.d.ts
drizzle-orm/runnable-query.js
drizzle-orm/runnable-query.js.map
drizzle-orm/selection-proxy.cjs
drizzle-orm/selection-proxy.cjs.map
drizzle-orm/selection-proxy.d.cts
drizzle-orm/selection-proxy.d.ts
drizzle-orm/selection-proxy.js
drizzle-orm/selection-proxy.js.map
drizzle-orm/session.cjs
drizzle-orm/session.cjs.map
drizzle-orm/session.d.cts
drizzle-orm/session.d.ts
drizzle-orm/session.js
drizzle-orm/session.js.map
drizzle-orm/subquery.cjs
drizzle-orm/subquery.cjs.map
drizzle-orm/subquery.d.cts
drizzle-orm/subquery.d.ts
drizzle-orm/subquery.js
drizzle-orm/subquery.js.map
drizzle-orm/table.cjs
drizzle-orm/table.cjs.map
drizzle-orm/table.d.cts
drizzle-orm/table.d.ts
drizzle-orm/table.js
drizzle-orm/table.js.map
drizzle-orm/table.utils.cjs
drizzle-orm/table.utils.cjs.map
drizzle-orm/table.utils.d.cts
drizzle-orm/table.utils.d.ts
drizzle-orm/table.utils.js
drizzle-orm/table.utils.js.map
drizzle-orm/tracing-utils.cjs
drizzle-orm/tracing-utils.cjs.map
drizzle-orm/tracing-utils.d.cts
drizzle-orm/tracing-utils.d.ts
drizzle-orm/tracing-utils.js
drizzle-orm/tracing-utils.js.map
drizzle-orm/tracing.cjs
drizzle-orm/tracing.cjs.map
drizzle-orm/tracing.d.cts
drizzle-orm/tracing.d.ts
drizzle-orm/tracing.js
drizzle-orm/tracing.js.map
drizzle-orm/utils.cjs
drizzle-orm/utils.cjs.map
drizzle-orm/utils.d.cts
drizzle-orm/utils.d.ts
drizzle-orm/utils.js
drizzle-orm/utils.js.map
drizzle-orm/version.cjs
drizzle-orm/version.cjs.map
drizzle-orm/version.d.cts
drizzle-orm/version.d.ts
drizzle-orm/version.js
drizzle-orm/version.js.map
drizzle-orm/view-common.cjs
drizzle-orm/view-common.cjs.map
drizzle-orm/view-common.d.cts
drizzle-orm/view-common.d.ts
drizzle-orm/view-common.js
drizzle-orm/view-common.js.map
drizzle-orm/aws-data-api/
drizzle-orm/aws-data-api/common/
drizzle-orm/aws-data-api/common/index.cjs
drizzle-orm/aws-data-api/common/index.cjs.map
drizzle-orm/aws-data-api/common/index.d.cts
drizzle-orm/aws-data-api/common/index.d.ts
drizzle-orm/aws-data-api/common/index.js
drizzle-orm/aws-data-api/common/index.js.map
drizzle-orm/aws-data-api/pg/
drizzle-orm/aws-data-api/pg/driver.cjs
drizzle-orm/aws-data-api/pg/driver.cjs.map
drizzle-orm/aws-data-api/pg/driver.d.cts
drizzle-orm/aws-data-api/pg/driver.d.ts
drizzle-orm/aws-data-api/pg/driver.js
drizzle-orm/aws-data-api/pg/driver.js.map
drizzle-orm/aws-data-api/pg/index.cjs
drizzle-orm/aws-data-api/pg/index.cjs.map
drizzle-orm/aws-data-api/pg/index.d.cts
drizzle-orm/aws-data-api/pg/index.d.ts
drizzle-orm/aws-data-api/pg/index.js
drizzle-orm/aws-data-api/pg/index.js.map
drizzle-orm/aws-data-api/pg/migrator.cjs
drizzle-orm/aws-data-api/pg/migrator.cjs.map
drizzle-orm/aws-data-api/pg/migrator.d.cts
drizzle-orm/aws-data-api/pg/migrator.d.ts
drizzle-orm/aws-data-api/pg/migrator.js
drizzle-orm/aws-data-api/pg/migrator.js.map
drizzle-orm/aws-data-api/pg/session.cjs
drizzle-orm/aws-data-api/pg/session.cjs.map
drizzle-orm/aws-data-api/pg/session.d.cts
drizzle-orm/aws-data-api/pg/session.d.ts
drizzle-orm/aws-data-api/pg/session.js
drizzle-orm/aws-data-api/pg/session.js.map
drizzle-orm/better-sqlite3/
drizzle-orm/better-sqlite3/driver.cjs
drizzle-orm/better-sqlite3/driver.cjs.map
drizzle-orm/better-sqlite3/driver.d.cts
drizzle-orm/better-sqlite3/driver.d.ts
drizzle-orm/better-sqlite3/driver.js
drizzle-orm/better-sqlite3/driver.js.map
drizzle-orm/better-sqlite3/index.cjs
drizzle-orm/better-sqlite3/index.cjs.map
drizzle-orm/better-sqlite3/index.d.cts
drizzle-orm/better-sqlite3/index.d.ts
drizzle-orm/better-sqlite3/index.js
drizzle-orm/better-sqlite3/index.js.map
drizzle-orm/better-sqlite3/migrator.cjs
drizzle-orm/better-sqlite3/migrator.cjs.map
drizzle-orm/better-sqlite3/migrator.d.cts
drizzle-orm/better-sqlite3/migrator.d.ts
drizzle-orm/better-sqlite3/migrator.js
drizzle-orm/better-sqlite3/migrator.js.map
drizzle-orm/better-sqlite3/session.cjs
drizzle-orm/better-sqlite3/session.cjs.map
drizzle-orm/better-sqlite3/session.d.cts
drizzle-orm/better-sqlite3/session.d.ts
drizzle-orm/better-sqlite3/session.js
drizzle-orm/better-sqlite3/session.js.map
drizzle-orm/bun-sql/
drizzle-orm/bun-sql/driver.cjs
drizzle-orm/bun-sql/driver.cjs.map
drizzle-orm/bun-sql/driver.d.cts
drizzle-orm/bun-sql/driver.d.ts
drizzle-orm/bun-sql/driver.js
drizzle-orm/bun-sql/driver.js.map
drizzle-orm/bun-sql/index.cjs
drizzle-orm/bun-sql/index.cjs.map
drizzle-orm/bun-sql/index.d.cts
drizzle-orm/bun-sql/index.d.ts
drizzle-orm/bun-sql/index.js
drizzle-orm/bun-sql/index.js.map
drizzle-orm/bun-sql/migrator.cjs
drizzle-orm/bun-sql/migrator.cjs.map
drizzle-orm/bun-sql/migrator.d.cts
drizzle-orm/bun-sql/migrator.d.ts
drizzle-orm/bun-sql/migrator.js
drizzle-orm/bun-sql/migrator.js.map
drizzle-orm/bun-sql/session.cjs
drizzle-orm/bun-sql/session.cjs.map
drizzle-orm/bun-sql/session.d.cts
drizzle-orm/bun-sql/session.d.ts
drizzle-orm/bun-sql/session.js
drizzle-orm/bun-sql/session.js.map
drizzle-orm/bun-sqlite/
drizzle-orm/bun-sqlite/driver.cjs
drizzle-orm/bun-sqlite/driver.cjs.map
drizzle-orm/bun-sqlite/driver.d.cts
drizzle-orm/bun-sqlite/driver.d.ts
drizzle-orm/bun-sqlite/driver.js
drizzle-orm/bun-sqlite/driver.js.map
drizzle-orm/bun-sqlite/index.cjs
drizzle-orm/bun-sqlite/index.cjs.map
drizzle-orm/bun-sqlite/index.d.cts
drizzle-orm/bun-sqlite/index.d.ts
drizzle-orm/bun-sqlite/index.js
drizzle-orm/bun-sqlite/index.js.map
drizzle-orm/bun-sqlite/migrator.cjs
drizzle-orm/bun-sqlite/migrator.cjs.map
drizzle-orm/bun-sqlite/migrator.d.cts
drizzle-orm/bun-sqlite/migrator.d.ts
drizzle-orm/bun-sqlite/migrator.js
drizzle-orm/bun-sqlite/migrator.js.map
drizzle-orm/bun-sqlite/session.cjs
drizzle-orm/bun-sqlite/session.cjs.map
drizzle-orm/bun-sqlite/session.d.cts
drizzle-orm/bun-sqlite/session.d.ts
drizzle-orm/bun-sqlite/session.js
drizzle-orm/bun-sqlite/session.js.map
drizzle-orm/cache/
drizzle-orm/cache/core/
drizzle-orm/cache/core/cache.cjs
drizzle-orm/cache/core/cache.cjs.map
drizzle-orm/cache/core/cache.d.cts
drizzle-orm/cache/core/cache.d.ts
drizzle-orm/cache/core/cache.js
drizzle-orm/cache/core/cache.js.map
drizzle-orm/cache/core/index.cjs
drizzle-orm/cache/core/index.cjs.map
drizzle-orm/cache/core/index.d.cts
drizzle-orm/cache/core/index.d.ts
drizzle-orm/cache/core/index.js
drizzle-orm/cache/core/index.js.map
drizzle-orm/cache/core/types.cjs
drizzle-orm/cache/core/types.cjs.map
drizzle-orm/cache/core/types.d.cts
drizzle-orm/cache/core/types.d.ts
drizzle-orm/cache/core/types.js
drizzle-orm/cache/core/types.js.map
drizzle-orm/cache/upstash/
drizzle-orm/cache/upstash/cache.cjs
drizzle-orm/cache/upstash/cache.cjs.map
drizzle-orm/cache/upstash/cache.d.cts
drizzle-orm/cache/upstash/cache.d.ts
drizzle-orm/cache/upstash/cache.js
drizzle-orm/cache/upstash/cache.js.map
drizzle-orm/cache/upstash/index.cjs
drizzle-orm/cache/upstash/index.cjs.map
drizzle-orm/cache/upstash/index.d.cts
drizzle-orm/cache/upstash/index.d.ts
drizzle-orm/cache/upstash/index.js
drizzle-orm/cache/upstash/index.js.map
drizzle-orm/d1/
drizzle-orm/d1/driver.cjs
drizzle-orm/d1/driver.cjs.map
drizzle-orm/d1/driver.d.cts
drizzle-orm/d1/driver.d.ts
drizzle-orm/d1/driver.js
drizzle-orm/d1/driver.js.map
drizzle-orm/d1/index.cjs
drizzle-orm/d1/index.cjs.map
drizzle-orm/d1/index.d.cts
drizzle-orm/d1/index.d.ts
drizzle-orm/d1/index.js
drizzle-orm/d1/index.js.map
drizzle-orm/d1/migrator.cjs
drizzle-orm/d1/migrator.cjs.map
drizzle-orm/d1/migrator.d.cts
drizzle-orm/d1/migrator.d.ts
drizzle-orm/d1/migrator.js
drizzle-orm/d1/migrator.js.map
drizzle-orm/d1/session.cjs
drizzle-orm/d1/session.cjs.map
drizzle-orm/d1/session.d.cts
drizzle-orm/d1/session.d.ts
drizzle-orm/d1/session.js
drizzle-orm/d1/session.js.map
drizzle-orm/durable-sqlite/
drizzle-orm/durable-sqlite/driver.cjs
drizzle-orm/durable-sqlite/driver.cjs.map
drizzle-orm/durable-sqlite/driver.d.cts
drizzle-orm/durable-sqlite/driver.d.ts
drizzle-orm/durable-sqlite/driver.js
drizzle-orm/durable-sqlite/driver.js.map
drizzle-orm/durable-sqlite/index.cjs
drizzle-orm/durable-sqlite/index.cjs.map
drizzle-orm/durable-sqlite/index.d.cts
drizzle-orm/durable-sqlite/index.d.ts
drizzle-orm/durable-sqlite/index.js
drizzle-orm/durable-sqlite/index.js.map
drizzle-orm/durable-sqlite/migrator.cjs
drizzle-orm/durable-sqlite/migrator.cjs.map
drizzle-orm/durable-sqlite/migrator.d.cts
drizzle-orm/durable-sqlite/migrator.d.ts
drizzle-orm/durable-sqlite/migrator.js
drizzle-orm/durable-sqlite/migrator.js.map
drizzle-orm/durable-sqlite/session.cjs
drizzle-orm/durable-sqlite/session.cjs.map
drizzle-orm/durable-sqlite/session.d.cts
drizzle-orm/durable-sqlite/session.d.ts
drizzle-orm/durable-sqlite/session.js
drizzle-orm/durable-sqlite/session.js.map
drizzle-orm/expo-sqlite/
drizzle-orm/expo-sqlite/driver.cjs
drizzle-orm/expo-sqlite/driver.cjs.map
drizzle-orm/expo-sqlite/driver.d.cts
drizzle-orm/expo-sqlite/driver.d.ts
drizzle-orm/expo-sqlite/driver.js
drizzle-orm/expo-sqlite/driver.js.map
drizzle-orm/expo-sqlite/index.cjs
drizzle-orm/expo-sqlite/index.cjs.map
drizzle-orm/expo-sqlite/index.d.cts
drizzle-orm/expo-sqlite/index.d.ts
drizzle-orm/expo-sqlite/index.js
drizzle-orm/expo-sqlite/index.js.map
drizzle-orm/expo-sqlite/migrator.cjs
drizzle-orm/expo-sqlite/migrator.cjs.map
drizzle-orm/expo-sqlite/migrator.d.cts
drizzle-orm/expo-sqlite/migrator.d.ts
drizzle-orm/expo-sqlite/migrator.js
drizzle-orm/expo-sqlite/migrator.js.map
drizzle-orm/expo-sqlite/query.cjs
drizzle-orm/expo-sqlite/query.cjs.map
drizzle-orm/expo-sqlite/query.d.cts
drizzle-orm/expo-sqlite/query.d.ts
drizzle-orm/expo-sqlite/query.js
drizzle-orm/expo-sqlite/query.js.map
drizzle-orm/expo-sqlite/session.cjs
drizzle-orm/expo-sqlite/session.cjs.map
drizzle-orm/expo-sqlite/session.d.cts
drizzle-orm/expo-sqlite/session.d.ts
drizzle-orm/expo-sqlite/session.js
drizzle-orm/expo-sqlite/session.js.map
drizzle-orm/gel-core/
drizzle-orm/gel-core/alias.cjs
drizzle-orm/gel-core/alias.cjs.map
drizzle-orm/gel-core/alias.d.cts
drizzle-orm/gel-core/alias.d.ts
drizzle-orm/gel-core/alias.js
drizzle-orm/gel-core/alias.js.map
drizzle-orm/gel-core/checks.cjs
drizzle-orm/gel-core/checks.cjs.map
drizzle-orm/gel-core/checks.d.cts
drizzle-orm/gel-core/checks.d.ts
drizzle-orm/gel-core/checks.js
drizzle-orm/gel-core/checks.js.map
drizzle-orm/gel-core/db.cjs
drizzle-orm/gel-core/db.cjs.map
drizzle-orm/gel-core/db.d.cts
drizzle-orm/gel-core/db.d.ts
drizzle-orm/gel-core/db.js
drizzle-orm/gel-core/db.js.map
drizzle-orm/gel-core/dialect.cjs
drizzle-orm/gel-core/dialect.cjs.map
drizzle-orm/gel-core/dialect.d.cts
drizzle-orm/gel-core/dialect.d.ts
drizzle-orm/gel-core/dialect.js
drizzle-orm/gel-core/dialect.js.map
drizzle-orm/gel-core/expressions.cjs
drizzle-orm/gel-core/expressions.cjs.map
drizzle-orm/gel-core/expressions.d.cts
drizzle-orm/gel-core/expressions.d.ts
drizzle-orm/gel-core/expressions.js
drizzle-orm/gel-core/expressions.js.map
drizzle-orm/gel-core/foreign-keys.cjs
drizzle-orm/gel-core/foreign-keys.cjs.map
drizzle-orm/gel-core/foreign-keys.d.cts
drizzle-orm/gel-core/foreign-keys.d.ts
drizzle-orm/gel-core/foreign-keys.js
drizzle-orm/gel-core/foreign-keys.js.map
drizzle-orm/gel-core/index.cjs
drizzle-orm/gel-core/index.cjs.map
drizzle-orm/gel-core/index.d.cts
drizzle-orm/gel-core/index.d.ts
drizzle-orm/gel-core/index.js
drizzle-orm/gel-core/index.js.map
drizzle-orm/gel-core/indexes.cjs
drizzle-orm/gel-core/indexes.cjs.map
drizzle-orm/gel-core/indexes.d.cts
drizzle-orm/gel-core/indexes.d.ts
drizzle-orm/gel-core/indexes.js
drizzle-orm/gel-core/indexes.js.map
drizzle-orm/gel-core/policies.cjs
drizzle-orm/gel-core/policies.cjs.map
drizzle-orm/gel-core/policies.d.cts
drizzle-orm/gel-core/policies.d.ts
drizzle-orm/gel-core/policies.js
drizzle-orm/gel-core/policies.js.map
drizzle-orm/gel-core/primary-keys.cjs
drizzle-orm/gel-core/primary-keys.cjs.map
drizzle-orm/gel-core/primary-keys.d.cts
drizzle-orm/gel-core/primary-keys.d.ts
drizzle-orm/gel-core/primary-keys.js
drizzle-orm/gel-core/primary-keys.js.map
drizzle-orm/gel-core/roles.cjs
drizzle-orm/gel-core/roles.cjs.map
drizzle-orm/gel-core/roles.d.cts
drizzle-orm/gel-core/roles.d.ts
drizzle-orm/gel-core/roles.js
drizzle-orm/gel-core/roles.js.map
drizzle-orm/gel-core/schema.cjs
drizzle-orm/gel-core/schema.cjs.map
drizzle-orm/gel-core/schema.d.cts
drizzle-orm/gel-core/schema.d.ts
drizzle-orm/gel-core/schema.js
drizzle-orm/gel-core/schema.js.map
drizzle-orm/gel-core/sequence.cjs
drizzle-orm/gel-core/sequence.cjs.map
drizzle-orm/gel-core/sequence.d.cts
drizzle-orm/gel-core/sequence.d.ts
drizzle-orm/gel-core/sequence.js
drizzle-orm/gel-core/sequence.js.map
drizzle-orm/gel-core/session.cjs
drizzle-orm/gel-core/session.cjs.map
drizzle-orm/gel-core/session.d.cts
drizzle-orm/gel-core/session.d.ts
drizzle-orm/gel-core/session.js
drizzle-orm/gel-core/session.js.map
drizzle-orm/gel-core/subquery.cjs
drizzle-orm/gel-core/subquery.cjs.map
drizzle-orm/gel-core/subquery.d.cts
drizzle-orm/gel-core/subquery.d.ts
drizzle-orm/gel-core/subquery.js
drizzle-orm/gel-core/subquery.js.map
drizzle-orm/gel-core/table.cjs
drizzle-orm/gel-core/table.cjs.map
drizzle-orm/gel-core/table.d.cts
drizzle-orm/gel-core/table.d.ts
drizzle-orm/gel-core/table.js
drizzle-orm/gel-core/table.js.map
drizzle-orm/gel-core/unique-constraint.cjs
drizzle-orm/gel-core/unique-constraint.cjs.map
drizzle-orm/gel-core/unique-constraint.d.cts
drizzle-orm/gel-core/unique-constraint.d.ts
drizzle-orm/gel-core/unique-constraint.js
drizzle-orm/gel-core/unique-constraint.js.map
drizzle-orm/gel-core/utils.cjs
drizzle-orm/gel-core/utils.cjs.map
drizzle-orm/gel-core/utils.d.cts
drizzle-orm/gel-core/utils.d.ts
drizzle-orm/gel-core/utils.js
drizzle-orm/gel-core/utils.js.map
drizzle-orm/gel-core/view-base.cjs
drizzle-orm/gel-core/view-base.cjs.map
drizzle-orm/gel-core/view-base.d.cts
drizzle-orm/gel-core/view-base.d.ts
drizzle-orm/gel-core/view-base.js
drizzle-orm/gel-core/view-base.js.map
drizzle-orm/gel-core/view-common.cjs
drizzle-orm/gel-core/view-common.cjs.map
drizzle-orm/gel-core/view-common.d.cts
drizzle-orm/gel-core/view-common.d.ts
drizzle-orm/gel-core/view-common.js
drizzle-orm/gel-core/view-common.js.map
drizzle-orm/gel-core/view.cjs
drizzle-orm/gel-core/view.cjs.map
drizzle-orm/gel-core/view.d.cts
drizzle-orm/gel-core/view.d.ts
drizzle-orm/gel-core/view.js
drizzle-orm/gel-core/view.js.map
drizzle-orm/gel-core/columns/
drizzle-orm/gel-core/columns/all.cjs
drizzle-orm/gel-core/columns/all.cjs.map
drizzle-orm/gel-core/columns/all.d.cts
drizzle-orm/gel-core/columns/all.d.ts
drizzle-orm/gel-core/columns/all.js
drizzle-orm/gel-core/columns/all.js.map
drizzle-orm/gel-core/columns/bigint.cjs
drizzle-orm/gel-core/columns/bigint.cjs.map
drizzle-orm/gel-core/columns/bigint.d.cts
drizzle-orm/gel-core/columns/bigint.d.ts
drizzle-orm/gel-core/columns/bigint.js
drizzle-orm/gel-core/columns/bigint.js.map
drizzle-orm/gel-core/columns/bigintT.cjs
drizzle-orm/gel-core/columns/bigintT.cjs.map
drizzle-orm/gel-core/columns/bigintT.d.cts
drizzle-orm/gel-core/columns/bigintT.d.ts
drizzle-orm/gel-core/columns/bigintT.js
drizzle-orm/gel-core/columns/bigintT.js.map
drizzle-orm/gel-core/columns/boolean.cjs
drizzle-orm/gel-core/columns/boolean.cjs.map
drizzle-orm/gel-core/columns/boolean.d.cts
drizzle-orm/gel-core/columns/boolean.d.ts
drizzle-orm/gel-core/columns/boolean.js
drizzle-orm/gel-core/columns/boolean.js.map
drizzle-orm/gel-core/columns/bytes.cjs
drizzle-orm/gel-core/columns/bytes.cjs.map
drizzle-orm/gel-core/columns/bytes.d.cts
drizzle-orm/gel-core/columns/bytes.d.ts
drizzle-orm/gel-core/columns/bytes.js
drizzle-orm/gel-core/columns/bytes.js.map
drizzle-orm/gel-core/columns/common.cjs
drizzle-orm/gel-core/columns/common.cjs.map
drizzle-orm/gel-core/columns/common.d.cts
drizzle-orm/gel-core/columns/common.d.ts
drizzle-orm/gel-core/columns/common.js
drizzle-orm/gel-core/columns/common.js.map
drizzle-orm/gel-core/columns/custom.cjs
drizzle-orm/gel-core/columns/custom.cjs.map
drizzle-orm/gel-core/columns/custom.d.cts
drizzle-orm/gel-core/columns/custom.d.ts
drizzle-orm/gel-core/columns/custom.js
drizzle-orm/gel-core/columns/custom.js.map
drizzle-orm/gel-core/columns/date-duration.cjs
drizzle-orm/gel-core/columns/date-duration.cjs.map
drizzle-orm/gel-core/columns/date-duration.d.cts
drizzle-orm/gel-core/columns/date-duration.d.ts
drizzle-orm/gel-core/columns/date-duration.js
drizzle-orm/gel-core/columns/date-duration.js.map
drizzle-orm/gel-core/columns/date.common.cjs
drizzle-orm/gel-core/columns/date.common.cjs.map
drizzle-orm/gel-core/columns/date.common.d.cts
drizzle-orm/gel-core/columns/date.common.d.ts
drizzle-orm/gel-core/columns/date.common.js
drizzle-orm/gel-core/columns/date.common.js.map
drizzle-orm/gel-core/columns/decimal.cjs
drizzle-orm/gel-core/columns/decimal.cjs.map
drizzle-orm/gel-core/columns/decimal.d.cts
drizzle-orm/gel-core/columns/decimal.d.ts
drizzle-orm/gel-core/columns/decimal.js
drizzle-orm/gel-core/columns/decimal.js.map
drizzle-orm/gel-core/columns/double-precision.cjs
drizzle-orm/gel-core/columns/double-precision.cjs.map
drizzle-orm/gel-core/columns/double-precision.d.cts
drizzle-orm/gel-core/columns/double-precision.d.ts
drizzle-orm/gel-core/columns/double-precision.js
drizzle-orm/gel-core/columns/double-precision.js.map
drizzle-orm/gel-core/columns/duration.cjs
drizzle-orm/gel-core/columns/duration.cjs.map
drizzle-orm/gel-core/columns/duration.d.cts
drizzle-orm/gel-core/columns/duration.d.ts
drizzle-orm/gel-core/columns/duration.js
drizzle-orm/gel-core/columns/duration.js.map
drizzle-orm/gel-core/columns/index.cjs
drizzle-orm/gel-core/columns/index.cjs.map
drizzle-orm/gel-core/columns/index.d.cts
drizzle-orm/gel-core/columns/index.d.ts
drizzle-orm/gel-core/columns/index.js
drizzle-orm/gel-core/columns/index.js.map
drizzle-orm/gel-core/columns/int.common.cjs
drizzle-orm/gel-core/columns/int.common.cjs.map
drizzle-orm/gel-core/columns/int.common.d.cts
drizzle-orm/gel-core/columns/int.common.d.ts
drizzle-orm/gel-core/columns/int.common.js
drizzle-orm/gel-core/columns/int.common.js.map
drizzle-orm/gel-core/columns/integer.cjs
drizzle-orm/gel-core/columns/integer.cjs.map
drizzle-orm/gel-core/columns/integer.d.cts
drizzle-orm/gel-core/columns/integer.d.ts
drizzle-orm/gel-core/columns/integer.js
drizzle-orm/gel-core/columns/integer.js.map
drizzle-orm/gel-core/columns/json.cjs
drizzle-orm/gel-core/columns/json.cjs.map
drizzle-orm/gel-core/columns/json.d.cts
drizzle-orm/gel-core/columns/json.d.ts
drizzle-orm/gel-core/columns/json.js
drizzle-orm/gel-core/columns/json.js.map
drizzle-orm/gel-core/columns/localdate.cjs
drizzle-orm/gel-core/columns/localdate.cjs.map
drizzle-orm/gel-core/columns/localdate.d.cts
drizzle-orm/gel-core/columns/localdate.d.ts
drizzle-orm/gel-core/columns/localdate.js
drizzle-orm/gel-core/columns/localdate.js.map
drizzle-orm/gel-core/columns/localtime.cjs
drizzle-orm/gel-core/columns/localtime.cjs.map
drizzle-orm/gel-core/columns/localtime.d.cts
drizzle-orm/gel-core/columns/localtime.d.ts
drizzle-orm/gel-core/columns/localtime.js
drizzle-orm/gel-core/columns/localtime.js.map
drizzle-orm/gel-core/columns/real.cjs
drizzle-orm/gel-core/columns/real.cjs.map
drizzle-orm/gel-core/columns/real.d.cts
drizzle-orm/gel-core/columns/real.d.ts
drizzle-orm/gel-core/columns/real.js
drizzle-orm/gel-core/columns/real.js.map
drizzle-orm/gel-core/columns/relative-duration.cjs
drizzle-orm/gel-core/columns/relative-duration.cjs.map
drizzle-orm/gel-core/columns/relative-duration.d.cts
drizzle-orm/gel-core/columns/relative-duration.d.ts
drizzle-orm/gel-core/columns/relative-duration.js
drizzle-orm/gel-core/columns/relative-duration.js.map
drizzle-orm/gel-core/columns/smallint.cjs
drizzle-orm/gel-core/columns/smallint.cjs.map
drizzle-orm/gel-core/columns/smallint.d.cts
drizzle-orm/gel-core/columns/smallint.d.ts
drizzle-orm/gel-core/columns/smallint.js
drizzle-orm/gel-core/columns/smallint.js.map
drizzle-orm/gel-core/columns/text.cjs
drizzle-orm/gel-core/columns/text.cjs.map
drizzle-orm/gel-core/columns/text.d.cts
drizzle-orm/gel-core/columns/text.d.ts
drizzle-orm/gel-core/columns/text.js
drizzle-orm/gel-core/columns/text.js.map
drizzle-orm/gel-core/columns/timestamp.cjs
drizzle-orm/gel-core/columns/timestamp.cjs.map
drizzle-orm/gel-core/columns/timestamp.d.cts
drizzle-orm/gel-core/columns/timestamp.d.ts
drizzle-orm/gel-core/columns/timestamp.js
drizzle-orm/gel-core/columns/timestamp.js.map
drizzle-orm/gel-core/columns/timestamptz.cjs
drizzle-orm/gel-core/columns/timestamptz.cjs.map
drizzle-orm/gel-core/columns/timestamptz.d.cts
drizzle-orm/gel-core/columns/timestamptz.d.ts
drizzle-orm/gel-core/columns/timestamptz.js
drizzle-orm/gel-core/columns/timestamptz.js.map
drizzle-orm/gel-core/columns/uuid.cjs
drizzle-orm/gel-core/columns/uuid.cjs.map
drizzle-orm/gel-core/columns/uuid.d.cts
drizzle-orm/gel-core/columns/uuid.d.ts
drizzle-orm/gel-core/columns/uuid.js
drizzle-orm/gel-core/columns/uuid.js.map
drizzle-orm/gel-core/query-builders/
drizzle-orm/gel-core/query-builders/count.cjs
drizzle-orm/gel-core/query-builders/count.cjs.map
drizzle-orm/gel-core/query-builders/count.d.cts
drizzle-orm/gel-core/query-builders/count.d.ts
drizzle-orm/gel-core/query-builders/count.js
drizzle-orm/gel-core/query-builders/count.js.map
drizzle-orm/gel-core/query-builders/delete.cjs
drizzle-orm/gel-core/query-builders/delete.cjs.map
drizzle-orm/gel-core/query-builders/delete.d.cts
drizzle-orm/gel-core/query-builders/delete.d.ts
drizzle-orm/gel-core/query-builders/delete.js
drizzle-orm/gel-core/query-builders/delete.js.map
drizzle-orm/gel-core/query-builders/index.cjs
drizzle-orm/gel-core/query-builders/index.cjs.map
drizzle-orm/gel-core/query-builders/index.d.cts
drizzle-orm/gel-core/query-builders/index.d.ts
drizzle-orm/gel-core/query-builders/index.js
drizzle-orm/gel-core/query-builders/index.js.map
drizzle-orm/gel-core/query-builders/insert.cjs
drizzle-orm/gel-core/query-builders/insert.cjs.map
drizzle-orm/gel-core/query-builders/insert.d.cts
drizzle-orm/gel-core/query-builders/insert.d.ts
drizzle-orm/gel-core/query-builders/insert.js
drizzle-orm/gel-core/query-builders/insert.js.map
drizzle-orm/gel-core/query-builders/query-builder.cjs
drizzle-orm/gel-core/query-builders/query-builder.cjs.map
drizzle-orm/gel-core/query-builders/query-builder.d.cts
drizzle-orm/gel-core/query-builders/query-builder.d.ts
drizzle-orm/gel-core/query-builders/query-builder.js
drizzle-orm/gel-core/query-builders/query-builder.js.map
drizzle-orm/gel-core/query-builders/query.cjs
drizzle-orm/gel-core/query-builders/query.cjs.map
drizzle-orm/gel-core/query-builders/query.d.cts
drizzle-orm/gel-core/query-builders/query.d.ts
drizzle-orm/gel-core/query-builders/query.js
drizzle-orm/gel-core/query-builders/query.js.map
drizzle-orm/gel-core/query-builders/raw.cjs
drizzle-orm/gel-core/query-builders/raw.cjs.map
drizzle-orm/gel-core/query-builders/raw.d.cts
drizzle-orm/gel-core/query-builders/raw.d.ts
drizzle-orm/gel-core/query-builders/raw.js
drizzle-orm/gel-core/query-builders/raw.js.map
drizzle-orm/gel-core/query-builders/refresh-materialized-view.cjs
drizzle-orm/gel-core/query-builders/refresh-materialized-view.cjs.map
drizzle-orm/gel-core/query-builders/refresh-materialized-view.d.cts
drizzle-orm/gel-core/query-builders/refresh-materialized-view.d.ts
drizzle-orm/gel-core/query-builders/refresh-materialized-view.js
drizzle-orm/gel-core/query-builders/refresh-materialized-view.js.map
drizzle-orm/gel-core/query-builders/select.cjs
drizzle-orm/gel-core/query-builders/select.cjs.map
drizzle-orm/gel-core/query-builders/select.d.cts
drizzle-orm/gel-core/query-builders/select.d.ts
drizzle-orm/gel-core/query-builders/select.js
drizzle-orm/gel-core/query-builders/select.js.map
drizzle-orm/gel-core/query-builders/select.types.cjs
drizzle-orm/gel-core/query-builders/select.types.cjs.map
drizzle-orm/gel-core/query-builders/select.types.d.cts
drizzle-orm/gel-core/query-builders/select.types.d.ts
drizzle-orm/gel-core/query-builders/select.types.js
drizzle-orm/gel-core/query-builders/select.types.js.map
drizzle-orm/gel-core/query-builders/update.cjs
drizzle-orm/gel-core/query-builders/update.cjs.map
drizzle-orm/gel-core/query-builders/update.d.cts
drizzle-orm/gel-core/query-builders/update.d.ts
drizzle-orm/gel-core/query-builders/update.js
drizzle-orm/gel-core/query-builders/update.js.map
drizzle-orm/gel/
drizzle-orm/gel/driver.cjs
drizzle-orm/gel/driver.cjs.map
drizzle-orm/gel/driver.d.cts
drizzle-orm/gel/driver.d.ts
drizzle-orm/gel/driver.js
drizzle-orm/gel/driver.js.map
drizzle-orm/gel/index.cjs
drizzle-orm/gel/index.cjs.map
drizzle-orm/gel/index.d.cts
drizzle-orm/gel/index.d.ts
drizzle-orm/gel/index.js
drizzle-orm/gel/index.js.map
drizzle-orm/gel/migrator.cjs
drizzle-orm/gel/migrator.cjs.map
drizzle-orm/gel/migrator.d.cts
drizzle-orm/gel/migrator.d.ts
drizzle-orm/gel/migrator.js
drizzle-orm/gel/migrator.js.map
drizzle-orm/gel/session.cjs
drizzle-orm/gel/session.cjs.map
drizzle-orm/gel/session.d.cts
drizzle-orm/gel/session.d.ts
drizzle-orm/gel/session.js
drizzle-orm/gel/session.js.map
drizzle-orm/knex/
drizzle-orm/knex/index.cjs
drizzle-orm/knex/index.cjs.map
drizzle-orm/knex/index.d.cts
drizzle-orm/knex/index.d.ts
drizzle-orm/knex/index.js
drizzle-orm/knex/index.js.map
drizzle-orm/kysely/
drizzle-orm/kysely/index.cjs
drizzle-orm/kysely/index.cjs.map
drizzle-orm/kysely/index.d.cts
drizzle-orm/kysely/index.d.ts
drizzle-orm/kysely/index.js
drizzle-orm/kysely/index.js.map
drizzle-orm/libsql/
drizzle-orm/libsql/driver-core.cjs
drizzle-orm/libsql/driver-core.cjs.map
drizzle-orm/libsql/driver-core.d.cts
drizzle-orm/libsql/driver-core.d.ts
drizzle-orm/libsql/driver-core.js
drizzle-orm/libsql/driver-core.js.map
drizzle-orm/libsql/driver.cjs
drizzle-orm/libsql/driver.cjs.map
drizzle-orm/libsql/driver.d.cts
drizzle-orm/libsql/driver.d.ts
drizzle-orm/libsql/driver.js
drizzle-orm/libsql/driver.js.map
drizzle-orm/libsql/index.cjs
drizzle-orm/libsql/index.cjs.map
drizzle-orm/libsql/index.d.cts
drizzle-orm/libsql/index.d.ts
drizzle-orm/libsql/index.js
drizzle-orm/libsql/index.js.map
drizzle-orm/libsql/migrator.cjs
drizzle-orm/libsql/migrator.cjs.map
drizzle-orm/libsql/migrator.d.cts
drizzle-orm/libsql/migrator.d.ts
drizzle-orm/libsql/migrator.js
drizzle-orm/libsql/migrator.js.map
drizzle-orm/libsql/session.cjs
drizzle-orm/libsql/session.cjs.map
drizzle-orm/libsql/session.d.cts
drizzle-orm/libsql/session.d.ts
drizzle-orm/libsql/session.js
drizzle-orm/libsql/session.js.map
drizzle-orm/libsql/http/
drizzle-orm/libsql/http/index.cjs
drizzle-orm/libsql/http/index.cjs.map
drizzle-orm/libsql/http/index.d.cts
drizzle-orm/libsql/http/index.d.ts
drizzle-orm/libsql/http/index.js
drizzle-orm/libsql/http/index.js.map
drizzle-orm/libsql/node/
drizzle-orm/libsql/node/index.cjs
drizzle-orm/libsql/node/index.cjs.map
drizzle-orm/libsql/node/index.d.cts
drizzle-orm/libsql/node/index.d.ts
drizzle-orm/libsql/node/index.js
drizzle-orm/libsql/node/index.js.map
drizzle-orm/libsql/sqlite3/
drizzle-orm/libsql/sqlite3/index.cjs
drizzle-orm/libsql/sqlite3/index.cjs.map
drizzle-orm/libsql/sqlite3/index.d.cts
drizzle-orm/libsql/sqlite3/index.d.ts
drizzle-orm/libsql/sqlite3/index.js
drizzle-orm/libsql/sqlite3/index.js.map
drizzle-orm/libsql/wasm/
drizzle-orm/libsql/wasm/index.cjs
drizzle-orm/libsql/wasm/index.cjs.map
drizzle-orm/libsql/wasm/index.d.cts
drizzle-orm/libsql/wasm/index.d.ts
drizzle-orm/libsql/wasm/index.js
drizzle-orm/libsql/wasm/index.js.map
drizzle-orm/libsql/web/
drizzle-orm/libsql/web/index.cjs
drizzle-orm/libsql/web/index.cjs.map
drizzle-orm/libsql/web/index.d.cts
drizzle-orm/libsql/web/index.d.ts
drizzle-orm/libsql/web/index.js
drizzle-orm/libsql/web/index.js.map
drizzle-orm/libsql/ws/
drizzle-orm/libsql/ws/index.cjs
drizzle-orm/libsql/ws/index.cjs.map
drizzle-orm/libsql/ws/index.d.cts
drizzle-orm/libsql/ws/index.d.ts
drizzle-orm/libsql/ws/index.js
drizzle-orm/libsql/ws/index.js.map
drizzle-orm/mysql-core/
drizzle-orm/mysql-core/alias.cjs
drizzle-orm/mysql-core/alias.cjs.map
drizzle-orm/mysql-core/alias.d.cts
drizzle-orm/mysql-core/alias.d.ts
drizzle-orm/mysql-core/alias.js
drizzle-orm/mysql-core/alias.js.map
drizzle-orm/mysql-core/checks.cjs
drizzle-orm/mysql-core/checks.cjs.map
drizzle-orm/mysql-core/checks.d.cts
drizzle-orm/mysql-core/checks.d.ts
drizzle-orm/mysql-core/checks.js
drizzle-orm/mysql-core/checks.js.map
drizzle-orm/mysql-core/db.cjs
drizzle-orm/mysql-core/db.cjs.map
drizzle-orm/mysql-core/db.d.cts
drizzle-orm/mysql-core/db.d.ts
drizzle-orm/mysql-core/db.js
drizzle-orm/mysql-core/db.js.map
drizzle-orm/mysql-core/dialect.cjs
drizzle-orm/mysql-core/dialect.cjs.map
drizzle-orm/mysql-core/dialect.d.cts
drizzle-orm/mysql-core/dialect.d.ts
drizzle-orm/mysql-core/dialect.js
drizzle-orm/mysql-core/dialect.js.map
drizzle-orm/mysql-core/expressions.cjs
drizzle-orm/mysql-core/expressions.cjs.map
drizzle-orm/mysql-core/expressions.d.cts
drizzle-orm/mysql-core/expressions.d.ts
drizzle-orm/mysql-core/expressions.js
drizzle-orm/mysql-core/expressions.js.map
drizzle-orm/mysql-core/foreign-keys.cjs
drizzle-orm/mysql-core/foreign-keys.cjs.map
drizzle-orm/mysql-core/foreign-keys.d.cts
drizzle-orm/mysql-core/foreign-keys.d.ts
drizzle-orm/mysql-core/foreign-keys.js
drizzle-orm/mysql-core/foreign-keys.js.map
drizzle-orm/mysql-core/index.cjs
drizzle-orm/mysql-core/index.cjs.map
drizzle-orm/mysql-core/index.d.cts
drizzle-orm/mysql-core/index.d.ts
drizzle-orm/mysql-core/index.js
drizzle-orm/mysql-core/index.js.map
drizzle-orm/mysql-core/indexes.cjs
drizzle-orm/mysql-core/indexes.cjs.map
drizzle-orm/mysql-core/indexes.d.cts
drizzle-orm/mysql-core/indexes.d.ts
drizzle-orm/mysql-core/indexes.js
drizzle-orm/mysql-core/indexes.js.map
drizzle-orm/mysql-core/primary-keys.cjs
drizzle-orm/mysql-core/primary-keys.cjs.map
drizzle-orm/mysql-core/primary-keys.d.cts
drizzle-orm/mysql-core/primary-keys.d.ts
drizzle-orm/mysql-core/primary-keys.js
drizzle-orm/mysql-core/primary-keys.js.map
drizzle-orm/mysql-core/schema.cjs
drizzle-orm/mysql-core/schema.cjs.map
drizzle-orm/mysql-core/schema.d.cts
drizzle-orm/mysql-core/schema.d.ts
drizzle-orm/mysql-core/schema.js
drizzle-orm/mysql-core/schema.js.map
drizzle-orm/mysql-core/session.cjs
drizzle-orm/mysql-core/session.cjs.map
drizzle-orm/mysql-core/session.d.cts
drizzle-orm/mysql-core/session.d.ts
drizzle-orm/mysql-core/session.js
drizzle-orm/mysql-core/session.js.map
drizzle-orm/mysql-core/subquery.cjs
drizzle-orm/mysql-core/subquery.cjs.map
drizzle-orm/mysql-core/subquery.d.cts
drizzle-orm/mysql-core/subquery.d.ts
drizzle-orm/mysql-core/subquery.js
drizzle-orm/mysql-core/subquery.js.map
drizzle-orm/mysql-core/table.cjs
drizzle-orm/mysql-core/table.cjs.map
drizzle-orm/mysql-core/table.d.cts
drizzle-orm/mysql-core/table.d.ts
drizzle-orm/mysql-core/table.js
drizzle-orm/mysql-core/table.js.map
drizzle-orm/mysql-core/unique-constraint.cjs
drizzle-orm/mysql-core/unique-constraint.cjs.map
drizzle-orm/mysql-core/unique-constraint.d.cts
drizzle-orm/mysql-core/unique-constraint.d.ts
drizzle-orm/mysql-core/unique-constraint.js
drizzle-orm/mysql-core/unique-constraint.js.map
drizzle-orm/mysql-core/utils.cjs
drizzle-orm/mysql-core/utils.cjs.map
drizzle-orm/mysql-core/utils.d.cts
drizzle-orm/mysql-core/utils.d.ts
drizzle-orm/mysql-core/utils.js
drizzle-orm/mysql-core/utils.js.map
drizzle-orm/mysql-core/view-base.cjs
drizzle-orm/mysql-core/view-base.cjs.map
drizzle-orm/mysql-core/view-base.d.cts
drizzle-orm/mysql-core/view-base.d.ts
drizzle-orm/mysql-core/view-base.js
drizzle-orm/mysql-core/view-base.js.map
drizzle-orm/mysql-core/view-common.cjs
drizzle-orm/mysql-core/view-common.cjs.map
drizzle-orm/mysql-core/view-common.d.cts
drizzle-orm/mysql-core/view-common.d.ts
drizzle-orm/mysql-core/view-common.js
drizzle-orm/mysql-core/view-common.js.map
drizzle-orm/mysql-core/view.cjs
drizzle-orm/mysql-core/view.cjs.map
drizzle-orm/mysql-core/view.d.cts
drizzle-orm/mysql-core/view.d.ts
drizzle-orm/mysql-core/view.js
drizzle-orm/mysql-core/view.js.map
drizzle-orm/mysql-core/columns/
drizzle-orm/mysql-core/columns/all.cjs
drizzle-orm/mysql-core/columns/all.cjs.map
drizzle-orm/mysql-core/columns/all.d.cts
drizzle-orm/mysql-core/columns/all.d.ts
drizzle-orm/mysql-core/columns/all.js
drizzle-orm/mysql-core/columns/all.js.map
drizzle-orm/mysql-core/columns/bigint.cjs
drizzle-orm/mysql-core/columns/bigint.cjs.map
drizzle-orm/mysql-core/columns/bigint.d.cts
drizzle-orm/mysql-core/columns/bigint.d.ts
drizzle-orm/mysql-core/columns/bigint.js
drizzle-orm/mysql-core/columns/bigint.js.map
drizzle-orm/mysql-core/columns/binary.cjs
drizzle-orm/mysql-core/columns/binary.cjs.map
drizzle-orm/mysql-core/columns/binary.d.cts
drizzle-orm/mysql-core/columns/binary.d.ts
drizzle-orm/mysql-core/columns/binary.js
drizzle-orm/mysql-core/columns/binary.js.map
drizzle-orm/mysql-core/columns/boolean.cjs
drizzle-orm/mysql-core/columns/boolean.cjs.map
drizzle-orm/mysql-core/columns/boolean.d.cts
drizzle-orm/mysql-core/columns/boolean.d.ts
drizzle-orm/mysql-core/columns/boolean.js
drizzle-orm/mysql-core/columns/boolean.js.map
drizzle-orm/mysql-core/columns/char.cjs
drizzle-orm/mysql-core/columns/char.cjs.map
drizzle-orm/mysql-core/columns/char.d.cts
drizzle-orm/mysql-core/columns/char.d.ts
drizzle-orm/mysql-core/columns/char.js
drizzle-orm/mysql-core/columns/char.js.map
drizzle-orm/mysql-core/columns/common.cjs
drizzle-orm/mysql-core/columns/common.cjs.map
drizzle-orm/mysql-core/columns/common.d.cts
drizzle-orm/mysql-core/columns/common.d.ts
drizzle-orm/mysql-core/columns/common.js
drizzle-orm/mysql-core/columns/common.js.map
drizzle-orm/mysql-core/columns/custom.cjs
drizzle-orm/mysql-core/columns/custom.cjs.map
drizzle-orm/mysql-core/columns/custom.d.cts
drizzle-orm/mysql-core/columns/custom.d.ts
drizzle-orm/mysql-core/columns/custom.js
drizzle-orm/mysql-core/columns/custom.js.map
drizzle-orm/mysql-core/columns/date.cjs
drizzle-orm/mysql-core/columns/date.cjs.map
drizzle-orm/mysql-core/columns/date.common.cjs
drizzle-orm/mysql-core/columns/date.common.cjs.map
drizzle-orm/mysql-core/columns/date.common.d.cts
drizzle-orm/mysql-core/columns/date.common.d.ts
drizzle-orm/mysql-core/columns/date.common.js
drizzle-orm/mysql-core/columns/date.common.js.map
drizzle-orm/mysql-core/columns/date.d.cts
drizzle-orm/mysql-core/columns/date.d.ts
drizzle-orm/mysql-core/columns/date.js
drizzle-orm/mysql-core/columns/date.js.map
drizzle-orm/mysql-core/columns/datetime.cjs
drizzle-orm/mysql-core/columns/datetime.cjs.map
drizzle-orm/mysql-core/columns/datetime.d.cts
drizzle-orm/mysql-core/columns/datetime.d.ts
drizzle-orm/mysql-core/columns/datetime.js
drizzle-orm/mysql-core/columns/datetime.js.map
drizzle-orm/mysql-core/columns/decimal.cjs
drizzle-orm/mysql-core/columns/decimal.cjs.map
drizzle-orm/mysql-core/columns/decimal.d.cts
drizzle-orm/mysql-core/columns/decimal.d.ts
drizzle-orm/mysql-core/columns/decimal.js
drizzle-orm/mysql-core/columns/decimal.js.map
drizzle-orm/mysql-core/columns/double.cjs
drizzle-orm/mysql-core/columns/double.cjs.map
drizzle-orm/mysql-core/columns/double.d.cts
drizzle-orm/mysql-core/columns/double.d.ts
drizzle-orm/mysql-core/columns/double.js
drizzle-orm/mysql-core/columns/double.js.map
drizzle-orm/mysql-core/columns/enum.cjs
drizzle-orm/mysql-core/columns/enum.cjs.map
drizzle-orm/mysql-core/columns/enum.d.cts
drizzle-orm/mysql-core/columns/enum.d.ts
drizzle-orm/mysql-core/columns/enum.js
drizzle-orm/mysql-core/columns/enum.js.map
drizzle-orm/mysql-core/columns/float.cjs
drizzle-orm/mysql-core/columns/float.cjs.map
drizzle-orm/mysql-core/columns/float.d.cts
drizzle-orm/mysql-core/columns/float.d.ts
drizzle-orm/mysql-core/columns/float.js
drizzle-orm/mysql-core/columns/float.js.map
drizzle-orm/mysql-core/columns/index.cjs
drizzle-orm/mysql-core/columns/index.cjs.map
drizzle-orm/mysql-core/columns/index.d.cts
drizzle-orm/mysql-core/columns/index.d.ts
drizzle-orm/mysql-core/columns/index.js
drizzle-orm/mysql-core/columns/index.js.map
drizzle-orm/mysql-core/columns/int.cjs
drizzle-orm/mysql-core/columns/int.cjs.map
drizzle-orm/mysql-core/columns/int.d.cts
drizzle-orm/mysql-core/columns/int.d.ts
drizzle-orm/mysql-core/columns/int.js
drizzle-orm/mysql-core/columns/int.js.map
drizzle-orm/mysql-core/columns/json.cjs
drizzle-orm/mysql-core/columns/json.cjs.map
drizzle-orm/mysql-core/columns/json.d.cts
drizzle-orm/mysql-core/columns/json.d.ts
drizzle-orm/mysql-core/columns/json.js
drizzle-orm/mysql-core/columns/json.js.map
drizzle-orm/mysql-core/columns/mediumint.cjs
drizzle-orm/mysql-core/columns/mediumint.cjs.map
drizzle-orm/mysql-core/columns/mediumint.d.cts
drizzle-orm/mysql-core/columns/mediumint.d.ts
drizzle-orm/mysql-core/columns/mediumint.js
drizzle-orm/mysql-core/columns/mediumint.js.map
drizzle-orm/mysql-core/columns/real.cjs
drizzle-orm/mysql-core/columns/real.cjs.map
drizzle-orm/mysql-core/columns/real.d.cts
drizzle-orm/mysql-core/columns/real.d.ts
drizzle-orm/mysql-core/columns/real.js
drizzle-orm/mysql-core/columns/real.js.map
drizzle-orm/mysql-core/columns/serial.cjs
drizzle-orm/mysql-core/columns/serial.cjs.map
drizzle-orm/mysql-core/columns/serial.d.cts
drizzle-orm/mysql-core/columns/serial.d.ts
drizzle-orm/mysql-core/columns/serial.js
drizzle-orm/mysql-core/columns/serial.js.map
drizzle-orm/mysql-core/columns/smallint.cjs
drizzle-orm/mysql-core/columns/smallint.cjs.map
drizzle-orm/mysql-core/columns/smallint.d.cts
drizzle-orm/mysql-core/columns/smallint.d.ts
drizzle-orm/mysql-core/columns/smallint.js
drizzle-orm/mysql-core/columns/smallint.js.map
drizzle-orm/mysql-core/columns/text.cjs
drizzle-orm/mysql-core/columns/text.cjs.map
drizzle-orm/mysql-core/columns/text.d.cts
drizzle-orm/mysql-core/columns/text.d.ts
drizzle-orm/mysql-core/columns/text.js
drizzle-orm/mysql-core/columns/text.js.map
drizzle-orm/mysql-core/columns/time.cjs
drizzle-orm/mysql-core/columns/time.cjs.map
drizzle-orm/mysql-core/columns/time.d.cts
drizzle-orm/mysql-core/columns/time.d.ts
drizzle-orm/mysql-core/columns/time.js
drizzle-orm/mysql-core/columns/time.js.map
drizzle-orm/mysql-core/columns/timestamp.cjs
drizzle-orm/mysql-core/columns/timestamp.cjs.map
drizzle-orm/mysql-core/columns/timestamp.d.cts
drizzle-orm/mysql-core/columns/timestamp.d.ts
drizzle-orm/mysql-core/columns/timestamp.js
drizzle-orm/mysql-core/columns/timestamp.js.map
drizzle-orm/mysql-core/columns/tinyint.cjs
drizzle-orm/mysql-core/columns/tinyint.cjs.map
drizzle-orm/mysql-core/columns/tinyint.d.cts
drizzle-orm/mysql-core/columns/tinyint.d.ts
drizzle-orm/mysql-core/columns/tinyint.js
drizzle-orm/mysql-core/columns/tinyint.js.map
drizzle-orm/mysql-core/columns/varbinary.cjs
drizzle-orm/mysql-core/columns/varbinary.cjs.map
drizzle-orm/mysql-core/columns/varbinary.d.cts
drizzle-orm/mysql-core/columns/varbinary.d.ts
drizzle-orm/mysql-core/columns/varbinary.js
drizzle-orm/mysql-core/columns/varbinary.js.map
drizzle-orm/mysql-core/columns/varchar.cjs
drizzle-orm/mysql-core/columns/varchar.cjs.map
drizzle-orm/mysql-core/columns/varchar.d.cts
drizzle-orm/mysql-core/columns/varchar.d.ts
drizzle-orm/mysql-core/columns/varchar.js
drizzle-orm/mysql-core/columns/varchar.js.map
drizzle-orm/mysql-core/columns/year.cjs
drizzle-orm/mysql-core/columns/year.cjs.map
drizzle-orm/mysql-core/columns/year.d.cts
drizzle-orm/mysql-core/columns/year.d.ts
drizzle-orm/mysql-core/columns/year.js
drizzle-orm/mysql-core/columns/year.js.map
drizzle-orm/mysql-core/query-builders/
drizzle-orm/mysql-core/query-builders/count.cjs
drizzle-orm/mysql-core/query-builders/count.cjs.map
drizzle-orm/mysql-core/query-builders/count.d.cts
drizzle-orm/mysql-core/query-builders/count.d.ts
drizzle-orm/mysql-core/query-builders/count.js
drizzle-orm/mysql-core/query-builders/count.js.map
drizzle-orm/mysql-core/query-builders/delete.cjs
drizzle-orm/mysql-core/query-builders/delete.cjs.map
drizzle-orm/mysql-core/query-builders/delete.d.cts
drizzle-orm/mysql-core/query-builders/delete.d.ts
drizzle-orm/mysql-core/query-builders/delete.js
drizzle-orm/mysql-core/query-builders/delete.js.map
drizzle-orm/mysql-core/query-builders/index.cjs
drizzle-orm/mysql-core/query-builders/index.cjs.map
drizzle-orm/mysql-core/query-builders/index.d.cts
drizzle-orm/mysql-core/query-builders/index.d.ts
drizzle-orm/mysql-core/query-builders/index.js
drizzle-orm/mysql-core/query-builders/index.js.map
drizzle-orm/mysql-core/query-builders/insert.cjs
drizzle-orm/mysql-core/query-builders/insert.cjs.map
drizzle-orm/mysql-core/query-builders/insert.d.cts
drizzle-orm/mysql-core/query-builders/insert.d.ts
drizzle-orm/mysql-core/query-builders/insert.js
drizzle-orm/mysql-core/query-builders/insert.js.map
drizzle-orm/mysql-core/query-builders/query-builder.cjs
drizzle-orm/mysql-core/query-builders/query-builder.cjs.map
drizzle-orm/mysql-core/query-builders/query-builder.d.cts
drizzle-orm/mysql-core/query-builders/query-builder.d.ts
drizzle-orm/mysql-core/query-builders/query-builder.js
drizzle-orm/mysql-core/query-builders/query-builder.js.map
drizzle-orm/mysql-core/query-builders/query.cjs
drizzle-orm/mysql-core/query-builders/query.cjs.map
drizzle-orm/mysql-core/query-builders/query.d.cts
drizzle-orm/mysql-core/query-builders/query.d.ts
drizzle-orm/mysql-core/query-builders/query.js
drizzle-orm/mysql-core/query-builders/query.js.map
drizzle-orm/mysql-core/query-builders/select.cjs
drizzle-orm/mysql-core/query-builders/select.cjs.map
drizzle-orm/mysql-core/query-builders/select.d.cts
drizzle-orm/mysql-core/query-builders/select.d.ts
drizzle-orm/mysql-core/query-builders/select.js
drizzle-orm/mysql-core/query-builders/select.js.map
drizzle-orm/mysql-core/query-builders/select.types.cjs
drizzle-orm/mysql-core/query-builders/select.types.cjs.map
drizzle-orm/mysql-core/query-builders/select.types.d.cts
drizzle-orm/mysql-core/query-builders/select.types.d.ts
drizzle-orm/mysql-core/query-builders/select.types.js
drizzle-orm/mysql-core/query-builders/select.types.js.map
drizzle-orm/mysql-core/query-builders/update.cjs
drizzle-orm/mysql-core/query-builders/update.cjs.map
drizzle-orm/mysql-core/query-builders/update.d.cts
drizzle-orm/mysql-core/query-builders/update.d.ts
drizzle-orm/mysql-core/query-builders/update.js
drizzle-orm/mysql-core/query-builders/update.js.map
drizzle-orm/mysql-proxy/
drizzle-orm/mysql-proxy/driver.cjs
drizzle-orm/mysql-proxy/driver.cjs.map
drizzle-orm/mysql-proxy/driver.d.cts
drizzle-orm/mysql-proxy/driver.d.ts
drizzle-orm/mysql-proxy/driver.js
drizzle-orm/mysql-proxy/driver.js.map
drizzle-orm/mysql-proxy/index.cjs
drizzle-orm/mysql-proxy/index.cjs.map
drizzle-orm/mysql-proxy/index.d.cts
drizzle-orm/mysql-proxy/index.d.ts
drizzle-orm/mysql-proxy/index.js
drizzle-orm/mysql-proxy/index.js.map
drizzle-orm/mysql-proxy/migrator.cjs
drizzle-orm/mysql-proxy/migrator.cjs.map
drizzle-orm/mysql-proxy/migrator.d.cts
drizzle-orm/mysql-proxy/migrator.d.ts
drizzle-orm/mysql-proxy/migrator.js
drizzle-orm/mysql-proxy/migrator.js.map
drizzle-orm/mysql-proxy/session.cjs
drizzle-orm/mysql-proxy/session.cjs.map
drizzle-orm/mysql-proxy/session.d.cts
drizzle-orm/mysql-proxy/session.d.ts
drizzle-orm/mysql-proxy/session.js
drizzle-orm/mysql-proxy/session.js.map
drizzle-orm/mysql2/
drizzle-orm/mysql2/driver.cjs
drizzle-orm/mysql2/driver.cjs.map
drizzle-orm/mysql2/driver.d.cts
drizzle-orm/mysql2/driver.d.ts
drizzle-orm/mysql2/driver.js
drizzle-orm/mysql2/driver.js.map
drizzle-orm/mysql2/index.cjs
drizzle-orm/mysql2/index.cjs.map
drizzle-orm/mysql2/index.d.cts
drizzle-orm/mysql2/index.d.ts
drizzle-orm/mysql2/index.js
drizzle-orm/mysql2/index.js.map
drizzle-orm/mysql2/migrator.cjs
drizzle-orm/mysql2/migrator.cjs.map
drizzle-orm/mysql2/migrator.d.cts
drizzle-orm/mysql2/migrator.d.ts
drizzle-orm/mysql2/migrator.js
drizzle-orm/mysql2/migrator.js.map
drizzle-orm/mysql2/session.cjs
drizzle-orm/mysql2/session.cjs.map
drizzle-orm/mysql2/session.d.cts
drizzle-orm/mysql2/session.d.ts
drizzle-orm/mysql2/session.js
drizzle-orm/mysql2/session.js.map
drizzle-orm/neon-http/
drizzle-orm/neon-http/driver.cjs
drizzle-orm/neon-http/driver.cjs.map
drizzle-orm/neon-http/driver.d.cts
drizzle-orm/neon-http/driver.d.ts
drizzle-orm/neon-http/driver.js
drizzle-orm/neon-http/driver.js.map
drizzle-orm/neon-http/index.cjs
drizzle-orm/neon-http/index.cjs.map
drizzle-orm/neon-http/index.d.cts
drizzle-orm/neon-http/index.d.ts
drizzle-orm/neon-http/index.js
drizzle-orm/neon-http/index.js.map
drizzle-orm/neon-http/migrator.cjs
drizzle-orm/neon-http/migrator.cjs.map
drizzle-orm/neon-http/migrator.d.cts
drizzle-orm/neon-http/migrator.d.ts
drizzle-orm/neon-http/migrator.js
drizzle-orm/neon-http/migrator.js.map
drizzle-orm/neon-http/session.cjs
drizzle-orm/neon-http/session.cjs.map
drizzle-orm/neon-http/session.d.cts
drizzle-orm/neon-http/session.d.ts
drizzle-orm/neon-http/session.js
drizzle-orm/neon-http/session.js.map
drizzle-orm/neon-serverless/
drizzle-orm/neon-serverless/driver.cjs
drizzle-orm/neon-serverless/driver.cjs.map
drizzle-orm/neon-serverless/driver.d.cts
drizzle-orm/neon-serverless/driver.d.ts
drizzle-orm/neon-serverless/driver.js
drizzle-orm/neon-serverless/driver.js.map
drizzle-orm/neon-serverless/index.cjs
drizzle-orm/neon-serverless/index.cjs.map
drizzle-orm/neon-serverless/index.d.cts
drizzle-orm/neon-serverless/index.d.ts
drizzle-orm/neon-serverless/index.js
drizzle-orm/neon-serverless/index.js.map
drizzle-orm/neon-serverless/migrator.cjs
drizzle-orm/neon-serverless/migrator.cjs.map
drizzle-orm/neon-serverless/migrator.d.cts
drizzle-orm/neon-serverless/migrator.d.ts
drizzle-orm/neon-serverless/migrator.js
drizzle-orm/neon-serverless/migrator.js.map
drizzle-orm/neon-serverless/session.cjs
drizzle-orm/neon-serverless/session.cjs.map
drizzle-orm/neon-serverless/session.d.cts
drizzle-orm/neon-serverless/session.d.ts
drizzle-orm/neon-serverless/session.js
drizzle-orm/neon-serverless/session.js.map
drizzle-orm/neon/
drizzle-orm/neon/index.cjs
drizzle-orm/neon/index.cjs.map
drizzle-orm/neon/index.d.cts
drizzle-orm/neon/index.d.ts
drizzle-orm/neon/index.js
drizzle-orm/neon/index.js.map
drizzle-orm/neon/neon-auth.cjs
drizzle-orm/neon/neon-auth.cjs.map
drizzle-orm/neon/neon-auth.d.cts
drizzle-orm/neon/neon-auth.d.ts
drizzle-orm/neon/neon-auth.js
drizzle-orm/neon/neon-auth.js.map
drizzle-orm/neon/rls.cjs
drizzle-orm/neon/rls.cjs.map
drizzle-orm/neon/rls.d.cts
drizzle-orm/neon/rls.d.ts
drizzle-orm/neon/rls.js
drizzle-orm/neon/rls.js.map
drizzle-orm/node-postgres/
drizzle-orm/node-postgres/driver.cjs
drizzle-orm/node-postgres/driver.cjs.map
drizzle-orm/node-postgres/driver.d.cts
drizzle-orm/node-postgres/driver.d.ts
drizzle-orm/node-postgres/driver.js
drizzle-orm/node-postgres/driver.js.map
drizzle-orm/node-postgres/index.cjs
drizzle-orm/node-postgres/index.cjs.map
drizzle-orm/node-postgres/index.d.cts
drizzle-orm/node-postgres/index.d.ts
drizzle-orm/node-postgres/index.js
drizzle-orm/node-postgres/index.js.map
drizzle-orm/node-postgres/migrator.cjs
drizzle-orm/node-postgres/migrator.cjs.map
drizzle-orm/node-postgres/migrator.d.cts
drizzle-orm/node-postgres/migrator.d.ts
drizzle-orm/node-postgres/migrator.js
drizzle-orm/node-postgres/migrator.js.map
drizzle-orm/node-postgres/session.cjs
drizzle-orm/node-postgres/session.cjs.map
drizzle-orm/node-postgres/session.d.cts
drizzle-orm/node-postgres/session.d.ts
drizzle-orm/node-postgres/session.js
drizzle-orm/node-postgres/session.js.map
drizzle-orm/op-sqlite/
drizzle-orm/op-sqlite/driver.cjs
drizzle-orm/op-sqlite/driver.cjs.map
drizzle-orm/op-sqlite/driver.d.cts
drizzle-orm/op-sqlite/driver.d.ts
drizzle-orm/op-sqlite/driver.js
drizzle-orm/op-sqlite/driver.js.map
drizzle-orm/op-sqlite/index.cjs
drizzle-orm/op-sqlite/index.cjs.map
drizzle-orm/op-sqlite/index.d.cts
drizzle-orm/op-sqlite/index.d.ts
drizzle-orm/op-sqlite/index.js
drizzle-orm/op-sqlite/index.js.map
drizzle-orm/op-sqlite/migrator.cjs
drizzle-orm/op-sqlite/migrator.cjs.map
drizzle-orm/op-sqlite/migrator.d.cts
drizzle-orm/op-sqlite/migrator.d.ts
drizzle-orm/op-sqlite/migrator.js
drizzle-orm/op-sqlite/migrator.js.map
drizzle-orm/op-sqlite/session.cjs
drizzle-orm/op-sqlite/session.cjs.map
drizzle-orm/op-sqlite/session.d.cts
drizzle-orm/op-sqlite/session.d.ts
drizzle-orm/op-sqlite/session.js
drizzle-orm/op-sqlite/session.js.map
drizzle-orm/pg-core/
drizzle-orm/pg-core/alias.cjs
drizzle-orm/pg-core/alias.cjs.map
drizzle-orm/pg-core/alias.d.cts
drizzle-orm/pg-core/alias.d.ts
drizzle-orm/pg-core/alias.js
drizzle-orm/pg-core/alias.js.map
drizzle-orm/pg-core/checks.cjs
drizzle-orm/pg-core/checks.cjs.map
drizzle-orm/pg-core/checks.d.cts
drizzle-orm/pg-core/checks.d.ts
drizzle-orm/pg-core/checks.js
drizzle-orm/pg-core/checks.js.map
drizzle-orm/pg-core/db.cjs
drizzle-orm/pg-core/db.cjs.map
drizzle-orm/pg-core/db.d.cts
drizzle-orm/pg-core/db.d.ts
drizzle-orm/pg-core/db.js
drizzle-orm/pg-core/db.js.map
drizzle-orm/pg-core/dialect.cjs
drizzle-orm/pg-core/dialect.cjs.map
drizzle-orm/pg-core/dialect.d.cts
drizzle-orm/pg-core/dialect.d.ts
drizzle-orm/pg-core/dialect.js
drizzle-orm/pg-core/dialect.js.map
drizzle-orm/pg-core/expressions.cjs
drizzle-orm/pg-core/expressions.cjs.map
drizzle-orm/pg-core/expressions.d.cts
drizzle-orm/pg-core/expressions.d.ts
drizzle-orm/pg-core/expressions.js
drizzle-orm/pg-core/expressions.js.map
drizzle-orm/pg-core/foreign-keys.cjs
drizzle-orm/pg-core/foreign-keys.cjs.map
drizzle-orm/pg-core/foreign-keys.d.cts
drizzle-orm/pg-core/foreign-keys.d.ts
drizzle-orm/pg-core/foreign-keys.js
drizzle-orm/pg-core/foreign-keys.js.map
drizzle-orm/pg-core/index.cjs
drizzle-orm/pg-core/index.cjs.map
drizzle-orm/pg-core/index.d.cts
drizzle-orm/pg-core/index.d.ts
drizzle-orm/pg-core/index.js
drizzle-orm/pg-core/index.js.map
drizzle-orm/pg-core/indexes.cjs
drizzle-orm/pg-core/indexes.cjs.map
drizzle-orm/pg-core/indexes.d.cts
drizzle-orm/pg-core/indexes.d.ts
drizzle-orm/pg-core/indexes.js
drizzle-orm/pg-core/indexes.js.map
drizzle-orm/pg-core/policies.cjs
drizzle-orm/pg-core/policies.cjs.map
drizzle-orm/pg-core/policies.d.cts
drizzle-orm/pg-core/policies.d.ts
drizzle-orm/pg-core/policies.js
drizzle-orm/pg-core/policies.js.map
drizzle-orm/pg-core/primary-keys.cjs
drizzle-orm/pg-core/primary-keys.cjs.map
drizzle-orm/pg-core/primary-keys.d.cts
drizzle-orm/pg-core/primary-keys.d.ts
drizzle-orm/pg-core/primary-keys.js
drizzle-orm/pg-core/primary-keys.js.map
drizzle-orm/pg-core/roles.cjs
drizzle-orm/pg-core/roles.cjs.map
drizzle-orm/pg-core/roles.d.cts
drizzle-orm/pg-core/roles.d.ts
drizzle-orm/pg-core/roles.js
drizzle-orm/pg-core/roles.js.map
drizzle-orm/pg-core/schema.cjs
drizzle-orm/pg-core/schema.cjs.map
drizzle-orm/pg-core/schema.d.cts
drizzle-orm/pg-core/schema.d.ts
drizzle-orm/pg-core/schema.js
drizzle-orm/pg-core/schema.js.map
drizzle-orm/pg-core/sequence.cjs
drizzle-orm/pg-core/sequence.cjs.map
drizzle-orm/pg-core/sequence.d.cts
drizzle-orm/pg-core/sequence.d.ts
drizzle-orm/pg-core/sequence.js
drizzle-orm/pg-core/sequence.js.map
drizzle-orm/pg-core/session.cjs
drizzle-orm/pg-core/session.cjs.map
drizzle-orm/pg-core/session.d.cts
drizzle-orm/pg-core/session.d.ts
drizzle-orm/pg-core/session.js
drizzle-orm/pg-core/session.js.map
drizzle-orm/pg-core/subquery.cjs
drizzle-orm/pg-core/subquery.cjs.map
drizzle-orm/pg-core/subquery.d.cts
drizzle-orm/pg-core/subquery.d.ts
drizzle-orm/pg-core/subquery.js
drizzle-orm/pg-core/subquery.js.map
drizzle-orm/pg-core/table.cjs
drizzle-orm/pg-core/table.cjs.map
drizzle-orm/pg-core/table.d.cts
drizzle-orm/pg-core/table.d.ts
drizzle-orm/pg-core/table.js
drizzle-orm/pg-core/table.js.map
drizzle-orm/pg-core/unique-constraint.cjs
drizzle-orm/pg-core/unique-constraint.cjs.map
drizzle-orm/pg-core/unique-constraint.d.cts
drizzle-orm/pg-core/unique-constraint.d.ts
drizzle-orm/pg-core/unique-constraint.js
drizzle-orm/pg-core/unique-constraint.js.map
drizzle-orm/pg-core/utils.cjs
drizzle-orm/pg-core/utils.cjs.map
drizzle-orm/pg-core/utils.d.cts
drizzle-orm/pg-core/utils.d.ts
drizzle-orm/pg-core/utils.js
drizzle-orm/pg-core/utils.js.map
drizzle-orm/pg-core/view-base.cjs
drizzle-orm/pg-core/view-base.cjs.map
drizzle-orm/pg-core/view-base.d.cts
drizzle-orm/pg-core/view-base.d.ts
drizzle-orm/pg-core/view-base.js
drizzle-orm/pg-core/view-base.js.map
drizzle-orm/pg-core/view-common.cjs
drizzle-orm/pg-core/view-common.cjs.map
drizzle-orm/pg-core/view-common.d.cts
drizzle-orm/pg-core/view-common.d.ts
drizzle-orm/pg-core/view-common.js
drizzle-orm/pg-core/view-common.js.map
drizzle-orm/pg-core/view.cjs
drizzle-orm/pg-core/view.cjs.map
drizzle-orm/pg-core/view.d.cts
drizzle-orm/pg-core/view.d.ts
drizzle-orm/pg-core/view.js
drizzle-orm/pg-core/view.js.map
drizzle-orm/pg-core/columns/
drizzle-orm/pg-core/columns/all.cjs
drizzle-orm/pg-core/columns/all.cjs.map
drizzle-orm/pg-core/columns/all.d.cts
drizzle-orm/pg-core/columns/all.d.ts
drizzle-orm/pg-core/columns/all.js
drizzle-orm/pg-core/columns/all.js.map
drizzle-orm/pg-core/columns/bigint.cjs
drizzle-orm/pg-core/columns/bigint.cjs.map
drizzle-orm/pg-core/columns/bigint.d.cts
drizzle-orm/pg-core/columns/bigint.d.ts
drizzle-orm/pg-core/columns/bigint.js
drizzle-orm/pg-core/columns/bigint.js.map
drizzle-orm/pg-core/columns/bigserial.cjs
drizzle-orm/pg-core/columns/bigserial.cjs.map
drizzle-orm/pg-core/columns/bigserial.d.cts
drizzle-orm/pg-core/columns/bigserial.d.ts
drizzle-orm/pg-core/columns/bigserial.js
drizzle-orm/pg-core/columns/bigserial.js.map
drizzle-orm/pg-core/columns/boolean.cjs
drizzle-orm/pg-core/columns/boolean.cjs.map
drizzle-orm/pg-core/columns/boolean.d.cts
drizzle-orm/pg-core/columns/boolean.d.ts
drizzle-orm/pg-core/columns/boolean.js
drizzle-orm/pg-core/columns/boolean.js.map
drizzle-orm/pg-core/columns/char.cjs
drizzle-orm/pg-core/columns/char.cjs.map
drizzle-orm/pg-core/columns/char.d.cts
drizzle-orm/pg-core/columns/char.d.ts
drizzle-orm/pg-core/columns/char.js
drizzle-orm/pg-core/columns/char.js.map
drizzle-orm/pg-core/columns/cidr.cjs
drizzle-orm/pg-core/columns/cidr.cjs.map
drizzle-orm/pg-core/columns/cidr.d.cts
drizzle-orm/pg-core/columns/cidr.d.ts
drizzle-orm/pg-core/columns/cidr.js
drizzle-orm/pg-core/columns/cidr.js.map
drizzle-orm/pg-core/columns/common.cjs
drizzle-orm/pg-core/columns/common.cjs.map
drizzle-orm/pg-core/columns/common.d.cts
drizzle-orm/pg-core/columns/common.d.ts
drizzle-orm/pg-core/columns/common.js
drizzle-orm/pg-core/columns/common.js.map
drizzle-orm/pg-core/columns/custom.cjs
drizzle-orm/pg-core/columns/custom.cjs.map
drizzle-orm/pg-core/columns/custom.d.cts
drizzle-orm/pg-core/columns/custom.d.ts
drizzle-orm/pg-core/columns/custom.js
drizzle-orm/pg-core/columns/custom.js.map
drizzle-orm/pg-core/columns/date.cjs
drizzle-orm/pg-core/columns/date.cjs.map
drizzle-orm/pg-core/columns/date.common.cjs
drizzle-orm/pg-core/columns/date.common.cjs.map
drizzle-orm/pg-core/columns/date.common.d.cts
drizzle-orm/pg-core/columns/date.common.d.ts
drizzle-orm/pg-core/columns/date.common.js
drizzle-orm/pg-core/columns/date.common.js.map
drizzle-orm/pg-core/columns/date.d.cts
drizzle-orm/pg-core/columns/date.d.ts
drizzle-orm/pg-core/columns/date.js
drizzle-orm/pg-core/columns/date.js.map
drizzle-orm/pg-core/columns/double-precision.cjs
drizzle-orm/pg-core/columns/double-precision.cjs.map
drizzle-orm/pg-core/columns/double-precision.d.cts
drizzle-orm/pg-core/columns/double-precision.d.ts
drizzle-orm/pg-core/columns/double-precision.js
drizzle-orm/pg-core/columns/double-precision.js.map
drizzle-orm/pg-core/columns/enum.cjs
drizzle-orm/pg-core/columns/enum.cjs.map
drizzle-orm/pg-core/columns/enum.d.cts
drizzle-orm/pg-core/columns/enum.d.ts
drizzle-orm/pg-core/columns/enum.js
drizzle-orm/pg-core/columns/enum.js.map
drizzle-orm/pg-core/columns/index.cjs
drizzle-orm/pg-core/columns/index.cjs.map
drizzle-orm/pg-core/columns/index.d.cts
drizzle-orm/pg-core/columns/index.d.ts
drizzle-orm/pg-core/columns/index.js
drizzle-orm/pg-core/columns/index.js.map
drizzle-orm/pg-core/columns/inet.cjs
drizzle-orm/pg-core/columns/inet.cjs.map
drizzle-orm/pg-core/columns/inet.d.cts
drizzle-orm/pg-core/columns/inet.d.ts
drizzle-orm/pg-core/columns/inet.js
drizzle-orm/pg-core/columns/inet.js.map
drizzle-orm/pg-core/columns/int.common.cjs
drizzle-orm/pg-core/columns/int.common.cjs.map
drizzle-orm/pg-core/columns/int.common.d.cts
drizzle-orm/pg-core/columns/int.common.d.ts
drizzle-orm/pg-core/columns/int.common.js
drizzle-orm/pg-core/columns/int.common.js.map
drizzle-orm/pg-core/columns/integer.cjs
drizzle-orm/pg-core/columns/integer.cjs.map
drizzle-orm/pg-core/columns/integer.d.cts
drizzle-orm/pg-core/columns/integer.d.ts
drizzle-orm/pg-core/columns/integer.js
drizzle-orm/pg-core/columns/integer.js.map
drizzle-orm/pg-core/columns/interval.cjs
drizzle-orm/pg-core/columns/interval.cjs.map
drizzle-orm/pg-core/columns/interval.d.cts
drizzle-orm/pg-core/columns/interval.d.ts
drizzle-orm/pg-core/columns/interval.js
drizzle-orm/pg-core/columns/interval.js.map
drizzle-orm/pg-core/columns/json.cjs
drizzle-orm/pg-core/columns/json.cjs.map
drizzle-orm/pg-core/columns/json.d.cts
drizzle-orm/pg-core/columns/json.d.ts
drizzle-orm/pg-core/columns/json.js
drizzle-orm/pg-core/columns/json.js.map
drizzle-orm/pg-core/columns/jsonb.cjs
drizzle-orm/pg-core/columns/jsonb.cjs.map
drizzle-orm/pg-core/columns/jsonb.d.cts
drizzle-orm/pg-core/columns/jsonb.d.ts
drizzle-orm/pg-core/columns/jsonb.js
drizzle-orm/pg-core/columns/jsonb.js.map
drizzle-orm/pg-core/columns/line.cjs
drizzle-orm/pg-core/columns/line.cjs.map
drizzle-orm/pg-core/columns/line.d.cts
drizzle-orm/pg-core/columns/line.d.ts
drizzle-orm/pg-core/columns/line.js
drizzle-orm/pg-core/columns/line.js.map
drizzle-orm/pg-core/columns/macaddr.cjs
drizzle-orm/pg-core/columns/macaddr.cjs.map
drizzle-orm/pg-core/columns/macaddr.d.cts
drizzle-orm/pg-core/columns/macaddr.d.ts
drizzle-orm/pg-core/columns/macaddr.js
drizzle-orm/pg-core/columns/macaddr.js.map
drizzle-orm/pg-core/columns/macaddr8.cjs
drizzle-orm/pg-core/columns/macaddr8.cjs.map
drizzle-orm/pg-core/columns/macaddr8.d.cts
drizzle-orm/pg-core/columns/macaddr8.d.ts
drizzle-orm/pg-core/columns/macaddr8.js
drizzle-orm/pg-core/columns/macaddr8.js.map
drizzle-orm/pg-core/columns/numeric.cjs
drizzle-orm/pg-core/columns/numeric.cjs.map
drizzle-orm/pg-core/columns/numeric.d.cts
drizzle-orm/pg-core/columns/numeric.d.ts
drizzle-orm/pg-core/columns/numeric.js
drizzle-orm/pg-core/columns/numeric.js.map
drizzle-orm/pg-core/columns/point.cjs
drizzle-orm/pg-core/columns/point.cjs.map
drizzle-orm/pg-core/columns/point.d.cts
drizzle-orm/pg-core/columns/point.d.ts
drizzle-orm/pg-core/columns/point.js
drizzle-orm/pg-core/columns/point.js.map
drizzle-orm/pg-core/columns/real.cjs
drizzle-orm/pg-core/columns/real.cjs.map
drizzle-orm/pg-core/columns/real.d.cts
drizzle-orm/pg-core/columns/real.d.ts
drizzle-orm/pg-core/columns/real.js
drizzle-orm/pg-core/columns/real.js.map
drizzle-orm/pg-core/columns/serial.cjs
drizzle-orm/pg-core/columns/serial.cjs.map
drizzle-orm/pg-core/columns/serial.d.cts
drizzle-orm/pg-core/columns/serial.d.ts
drizzle-orm/pg-core/columns/serial.js
drizzle-orm/pg-core/columns/serial.js.map
drizzle-orm/pg-core/columns/smallint.cjs
drizzle-orm/pg-core/columns/smallint.cjs.map
drizzle-orm/pg-core/columns/smallint.d.cts
drizzle-orm/pg-core/columns/smallint.d.ts
drizzle-orm/pg-core/columns/smallint.js
drizzle-orm/pg-core/columns/smallint.js.map
drizzle-orm/pg-core/columns/smallserial.cjs
drizzle-orm/pg-core/columns/smallserial.cjs.map
drizzle-orm/pg-core/columns/smallserial.d.cts
drizzle-orm/pg-core/columns/smallserial.d.ts
drizzle-orm/pg-core/columns/smallserial.js
drizzle-orm/pg-core/columns/smallserial.js.map
drizzle-orm/pg-core/columns/text.cjs
drizzle-orm/pg-core/columns/text.cjs.map
drizzle-orm/pg-core/columns/text.d.cts
drizzle-orm/pg-core/columns/text.d.ts
drizzle-orm/pg-core/columns/text.js
drizzle-orm/pg-core/columns/text.js.map
drizzle-orm/pg-core/columns/time.cjs
drizzle-orm/pg-core/columns/time.cjs.map
drizzle-orm/pg-core/columns/time.d.cts
drizzle-orm/pg-core/columns/time.d.ts
drizzle-orm/pg-core/columns/time.js
drizzle-orm/pg-core/columns/time.js.map
drizzle-orm/pg-core/columns/timestamp.cjs
drizzle-orm/pg-core/columns/timestamp.cjs.map
drizzle-orm/pg-core/columns/timestamp.d.cts
drizzle-orm/pg-core/columns/timestamp.d.ts
drizzle-orm/pg-core/columns/timestamp.js
drizzle-orm/pg-core/columns/timestamp.js.map
drizzle-orm/pg-core/columns/uuid.cjs
drizzle-orm/pg-core/columns/uuid.cjs.map
drizzle-orm/pg-core/columns/uuid.d.cts
drizzle-orm/pg-core/columns/uuid.d.ts
drizzle-orm/pg-core/columns/uuid.js
drizzle-orm/pg-core/columns/uuid.js.map
drizzle-orm/pg-core/columns/varchar.cjs
drizzle-orm/pg-core/columns/varchar.cjs.map
drizzle-orm/pg-core/columns/varchar.d.cts
drizzle-orm/pg-core/columns/varchar.d.ts
drizzle-orm/pg-core/columns/varchar.js
drizzle-orm/pg-core/columns/varchar.js.map
drizzle-orm/pg-core/columns/postgis_extension/
drizzle-orm/pg-core/columns/postgis_extension/geometry.cjs
drizzle-orm/pg-core/columns/postgis_extension/geometry.cjs.map
drizzle-orm/pg-core/columns/postgis_extension/geometry.d.cts
drizzle-orm/pg-core/columns/postgis_extension/geometry.d.ts
drizzle-orm/pg-core/columns/postgis_extension/geometry.js
drizzle-orm/pg-core/columns/postgis_extension/geometry.js.map
drizzle-orm/pg-core/columns/postgis_extension/utils.cjs
drizzle-orm/pg-core/columns/postgis_extension/utils.cjs.map
drizzle-orm/pg-core/columns/postgis_extension/utils.d.cts
drizzle-orm/pg-core/columns/postgis_extension/utils.d.ts
drizzle-orm/pg-core/columns/postgis_extension/utils.js
drizzle-orm/pg-core/columns/postgis_extension/utils.js.map
drizzle-orm/pg-core/columns/vector_extension/
drizzle-orm/pg-core/columns/vector_extension/bit.cjs
drizzle-orm/pg-core/columns/vector_extension/bit.cjs.map
drizzle-orm/pg-core/columns/vector_extension/bit.d.cts
drizzle-orm/pg-core/columns/vector_extension/bit.d.ts
drizzle-orm/pg-core/columns/vector_extension/bit.js
drizzle-orm/pg-core/columns/vector_extension/bit.js.map
drizzle-orm/pg-core/columns/vector_extension/halfvec.cjs
drizzle-orm/pg-core/columns/vector_extension/halfvec.cjs.map
drizzle-orm/pg-core/columns/vector_extension/halfvec.d.cts
drizzle-orm/pg-core/columns/vector_extension/halfvec.d.ts
drizzle-orm/pg-core/columns/vector_extension/halfvec.js
drizzle-orm/pg-core/columns/vector_extension/halfvec.js.map
drizzle-orm/pg-core/columns/vector_extension/sparsevec.cjs
drizzle-orm/pg-core/columns/vector_extension/sparsevec.cjs.map
drizzle-orm/pg-core/columns/vector_extension/sparsevec.d.cts
drizzle-orm/pg-core/columns/vector_extension/sparsevec.d.ts
drizzle-orm/pg-core/columns/vector_extension/sparsevec.js
drizzle-orm/pg-core/columns/vector_extension/sparsevec.js.map
drizzle-orm/pg-core/columns/vector_extension/vector.cjs
drizzle-orm/pg-core/columns/vector_extension/vector.cjs.map
drizzle-orm/pg-core/columns/vector_extension/vector.d.cts
drizzle-orm/pg-core/columns/vector_extension/vector.d.ts
drizzle-orm/pg-core/columns/vector_extension/vector.js
drizzle-orm/pg-core/columns/vector_extension/vector.js.map
drizzle-orm/pg-core/query-builders/
drizzle-orm/pg-core/query-builders/count.cjs
drizzle-orm/pg-core/query-builders/count.cjs.map
drizzle-orm/pg-core/query-builders/count.d.cts
drizzle-orm/pg-core/query-builders/count.d.ts
drizzle-orm/pg-core/query-builders/count.js
drizzle-orm/pg-core/query-builders/count.js.map
drizzle-orm/pg-core/query-builders/delete.cjs
drizzle-orm/pg-core/query-builders/delete.cjs.map
drizzle-orm/pg-core/query-builders/delete.d.cts
drizzle-orm/pg-core/query-builders/delete.d.ts
drizzle-orm/pg-core/query-builders/delete.js
drizzle-orm/pg-core/query-builders/delete.js.map
drizzle-orm/pg-core/query-builders/index.cjs
drizzle-orm/pg-core/query-builders/index.cjs.map
drizzle-orm/pg-core/query-builders/index.d.cts
drizzle-orm/pg-core/query-builders/index.d.ts
drizzle-orm/pg-core/query-builders/index.js
drizzle-orm/pg-core/query-builders/index.js.map
drizzle-orm/pg-core/query-builders/insert.cjs
drizzle-orm/pg-core/query-builders/insert.cjs.map
drizzle-orm/pg-core/query-builders/insert.d.cts
drizzle-orm/pg-core/query-builders/insert.d.ts
drizzle-orm/pg-core/query-builders/insert.js
drizzle-orm/pg-core/query-builders/insert.js.map
drizzle-orm/pg-core/query-builders/query-builder.cjs
drizzle-orm/pg-core/query-builders/query-builder.cjs.map
drizzle-orm/pg-core/query-builders/query-builder.d.cts
drizzle-orm/pg-core/query-builders/query-builder.d.ts
drizzle-orm/pg-core/query-builders/query-builder.js
drizzle-orm/pg-core/query-builders/query-builder.js.map
drizzle-orm/pg-core/query-builders/query.cjs
drizzle-orm/pg-core/query-builders/query.cjs.map
drizzle-orm/pg-core/query-builders/query.d.cts
drizzle-orm/pg-core/query-builders/query.d.ts
drizzle-orm/pg-core/query-builders/query.js
drizzle-orm/pg-core/query-builders/query.js.map
drizzle-orm/pg-core/query-builders/raw.cjs
drizzle-orm/pg-core/query-builders/raw.cjs.map
drizzle-orm/pg-core/query-builders/raw.d.cts
drizzle-orm/pg-core/query-builders/raw.d.ts
drizzle-orm/pg-core/query-builders/raw.js
drizzle-orm/pg-core/query-builders/raw.js.map
drizzle-orm/pg-core/query-builders/refresh-materialized-view.cjs
drizzle-orm/pg-core/query-builders/refresh-materialized-view.cjs.map
drizzle-orm/pg-core/query-builders/refresh-materialized-view.d.cts
drizzle-orm/pg-core/query-builders/refresh-materialized-view.d.ts
drizzle-orm/pg-core/query-builders/refresh-materialized-view.js
drizzle-orm/pg-core/query-builders/refresh-materialized-view.js.map
drizzle-orm/pg-core/query-builders/select.cjs
drizzle-orm/pg-core/query-builders/select.cjs.map
drizzle-orm/pg-core/query-builders/select.d.cts
drizzle-orm/pg-core/query-builders/select.d.ts
drizzle-orm/pg-core/query-builders/select.js
drizzle-orm/pg-core/query-builders/select.js.map
drizzle-orm/pg-core/query-builders/select.types.cjs
drizzle-orm/pg-core/query-builders/select.types.cjs.map
drizzle-orm/pg-core/query-builders/select.types.d.cts
drizzle-orm/pg-core/query-builders/select.types.d.ts
drizzle-orm/pg-core/query-builders/select.types.js
drizzle-orm/pg-core/query-builders/select.types.js.map
drizzle-orm/pg-core/query-builders/update.cjs
drizzle-orm/pg-core/query-builders/update.cjs.map
drizzle-orm/pg-core/query-builders/update.d.cts
drizzle-orm/pg-core/query-builders/update.d.ts
drizzle-orm/pg-core/query-builders/update.js
drizzle-orm/pg-core/query-builders/update.js.map
drizzle-orm/pg-core/utils/
drizzle-orm/pg-core/utils/array.cjs
drizzle-orm/pg-core/utils/array.cjs.map
drizzle-orm/pg-core/utils/array.d.cts
drizzle-orm/pg-core/utils/array.d.ts
drizzle-orm/pg-core/utils/array.js
drizzle-orm/pg-core/utils/array.js.map
drizzle-orm/pg-core/utils/index.cjs
drizzle-orm/pg-core/utils/index.cjs.map
drizzle-orm/pg-core/utils/index.d.cts
drizzle-orm/pg-core/utils/index.d.ts
drizzle-orm/pg-core/utils/index.js
drizzle-orm/pg-core/utils/index.js.map
drizzle-orm/pg-proxy/
drizzle-orm/pg-proxy/driver.cjs
drizzle-orm/pg-proxy/driver.cjs.map
drizzle-orm/pg-proxy/driver.d.cts
drizzle-orm/pg-proxy/driver.d.ts
drizzle-orm/pg-proxy/driver.js
drizzle-orm/pg-proxy/driver.js.map
drizzle-orm/pg-proxy/index.cjs
drizzle-orm/pg-proxy/index.cjs.map
drizzle-orm/pg-proxy/index.d.cts
drizzle-orm/pg-proxy/index.d.ts
drizzle-orm/pg-proxy/index.js
drizzle-orm/pg-proxy/index.js.map
drizzle-orm/pg-proxy/migrator.cjs
drizzle-orm/pg-proxy/migrator.cjs.map
drizzle-orm/pg-proxy/migrator.d.cts
drizzle-orm/pg-proxy/migrator.d.ts
drizzle-orm/pg-proxy/migrator.js
drizzle-orm/pg-proxy/migrator.js.map
drizzle-orm/pg-proxy/session.cjs
drizzle-orm/pg-proxy/session.cjs.map
drizzle-orm/pg-proxy/session.d.cts
drizzle-orm/pg-proxy/session.d.ts
drizzle-orm/pg-proxy/session.js
drizzle-orm/pg-proxy/session.js.map
drizzle-orm/pglite/
drizzle-orm/pglite/driver.cjs
drizzle-orm/pglite/driver.cjs.map
drizzle-orm/pglite/driver.d.cts
drizzle-orm/pglite/driver.d.ts
drizzle-orm/pglite/driver.js
drizzle-orm/pglite/driver.js.map
drizzle-orm/pglite/index.cjs
drizzle-orm/pglite/index.cjs.map
drizzle-orm/pglite/index.d.cts
drizzle-orm/pglite/index.d.ts
drizzle-orm/pglite/index.js
drizzle-orm/pglite/index.js.map
drizzle-orm/pglite/migrator.cjs
drizzle-orm/pglite/migrator.cjs.map
drizzle-orm/pglite/migrator.d.cts
drizzle-orm/pglite/migrator.d.ts
drizzle-orm/pglite/migrator.js
drizzle-orm/pglite/migrator.js.map
drizzle-orm/pglite/session.cjs
drizzle-orm/pglite/session.cjs.map
drizzle-orm/pglite/session.d.cts
drizzle-orm/pglite/session.d.ts
drizzle-orm/pglite/session.js
drizzle-orm/pglite/session.js.map
drizzle-orm/planetscale-serverless/
drizzle-orm/planetscale-serverless/driver.cjs
drizzle-orm/planetscale-serverless/driver.cjs.map
drizzle-orm/planetscale-serverless/driver.d.cts
drizzle-orm/planetscale-serverless/driver.d.ts
drizzle-orm/planetscale-serverless/driver.js
drizzle-orm/planetscale-serverless/driver.js.map
drizzle-orm/planetscale-serverless/index.cjs
drizzle-orm/planetscale-serverless/index.cjs.map
drizzle-orm/planetscale-serverless/index.d.cts
drizzle-orm/planetscale-serverless/index.d.ts
drizzle-orm/planetscale-serverless/index.js
drizzle-orm/planetscale-serverless/index.js.map
drizzle-orm/planetscale-serverless/migrator.cjs
drizzle-orm/planetscale-serverless/migrator.cjs.map
drizzle-orm/planetscale-serverless/migrator.d.cts
drizzle-orm/planetscale-serverless/migrator.d.ts
drizzle-orm/planetscale-serverless/migrator.js
drizzle-orm/planetscale-serverless/migrator.js.map
drizzle-orm/planetscale-serverless/session.cjs
drizzle-orm/planetscale-serverless/session.cjs.map
drizzle-orm/planetscale-serverless/session.d.cts
drizzle-orm/planetscale-serverless/session.d.ts
drizzle-orm/planetscale-serverless/session.js
drizzle-orm/planetscale-serverless/session.js.map
drizzle-orm/postgres-js/
drizzle-orm/postgres-js/driver.cjs
drizzle-orm/postgres-js/driver.cjs.map
drizzle-orm/postgres-js/driver.d.cts
drizzle-orm/postgres-js/driver.d.ts
drizzle-orm/postgres-js/driver.js
drizzle-orm/postgres-js/driver.js.map
drizzle-orm/postgres-js/index.cjs
drizzle-orm/postgres-js/index.cjs.map
drizzle-orm/postgres-js/index.d.cts
drizzle-orm/postgres-js/index.d.ts
drizzle-orm/postgres-js/index.js
drizzle-orm/postgres-js/index.js.map
drizzle-orm/postgres-js/migrator.cjs
drizzle-orm/postgres-js/migrator.cjs.map
drizzle-orm/postgres-js/migrator.d.cts
drizzle-orm/postgres-js/migrator.d.ts
drizzle-orm/postgres-js/migrator.js
drizzle-orm/postgres-js/migrator.js.map
drizzle-orm/postgres-js/session.cjs
drizzle-orm/postgres-js/session.cjs.map
drizzle-orm/postgres-js/session.d.cts
drizzle-orm/postgres-js/session.d.ts
drizzle-orm/postgres-js/session.js
drizzle-orm/postgres-js/session.js.map
drizzle-orm/prisma/
drizzle-orm/prisma/mysql/
drizzle-orm/prisma/mysql/driver.cjs
drizzle-orm/prisma/mysql/driver.cjs.map
drizzle-orm/prisma/mysql/driver.d.cts
drizzle-orm/prisma/mysql/driver.d.ts
drizzle-orm/prisma/mysql/driver.js
drizzle-orm/prisma/mysql/driver.js.map
drizzle-orm/prisma/mysql/index.cjs
drizzle-orm/prisma/mysql/index.cjs.map
drizzle-orm/prisma/mysql/index.d.cts
drizzle-orm/prisma/mysql/index.d.ts
drizzle-orm/prisma/mysql/index.js
drizzle-orm/prisma/mysql/index.js.map
drizzle-orm/prisma/mysql/session.cjs
drizzle-orm/prisma/mysql/session.cjs.map
drizzle-orm/prisma/mysql/session.d.cts
drizzle-orm/prisma/mysql/session.d.ts
drizzle-orm/prisma/mysql/session.js
drizzle-orm/prisma/mysql/session.js.map
drizzle-orm/prisma/pg/
drizzle-orm/prisma/pg/driver.cjs
drizzle-orm/prisma/pg/driver.cjs.map
drizzle-orm/prisma/pg/driver.d.cts
drizzle-orm/prisma/pg/driver.d.ts
drizzle-orm/prisma/pg/driver.js
drizzle-orm/prisma/pg/driver.js.map
drizzle-orm/prisma/pg/index.cjs
drizzle-orm/prisma/pg/index.cjs.map
drizzle-orm/prisma/pg/index.d.cts
drizzle-orm/prisma/pg/index.d.ts
drizzle-orm/prisma/pg/index.js
drizzle-orm/prisma/pg/index.js.map
drizzle-orm/prisma/pg/session.cjs
drizzle-orm/prisma/pg/session.cjs.map
drizzle-orm/prisma/pg/session.d.cts
drizzle-orm/prisma/pg/session.d.ts
drizzle-orm/prisma/pg/session.js
drizzle-orm/prisma/pg/session.js.map
drizzle-orm/prisma/sqlite/
drizzle-orm/prisma/sqlite/driver.cjs
drizzle-orm/prisma/sqlite/driver.cjs.map
drizzle-orm/prisma/sqlite/driver.d.cts
drizzle-orm/prisma/sqlite/driver.d.ts
drizzle-orm/prisma/sqlite/driver.js
drizzle-orm/prisma/sqlite/driver.js.map
drizzle-orm/prisma/sqlite/index.cjs
drizzle-orm/prisma/sqlite/index.cjs.map
drizzle-orm/prisma/sqlite/index.d.cts
drizzle-orm/prisma/sqlite/index.d.ts
drizzle-orm/prisma/sqlite/index.js
drizzle-orm/prisma/sqlite/index.js.map
drizzle-orm/prisma/sqlite/session.cjs
drizzle-orm/prisma/sqlite/session.cjs.map
drizzle-orm/prisma/sqlite/session.d.cts
drizzle-orm/prisma/sqlite/session.d.ts
drizzle-orm/prisma/sqlite/session.js
drizzle-orm/prisma/sqlite/session.js.map
drizzle-orm/query-builders/
drizzle-orm/query-builders/query-builder.cjs
drizzle-orm/query-builders/query-builder.cjs.map
drizzle-orm/query-builders/query-builder.d.cts
drizzle-orm/query-builders/query-builder.d.ts
drizzle-orm/query-builders/query-builder.js
drizzle-orm/query-builders/query-builder.js.map
drizzle-orm/query-builders/select.types.cjs
drizzle-orm/query-builders/select.types.cjs.map
drizzle-orm/query-builders/select.types.d.cts
drizzle-orm/query-builders/select.types.d.ts
drizzle-orm/query-builders/select.types.js
drizzle-orm/query-builders/select.types.js.map
drizzle-orm/singlestore-core/
drizzle-orm/singlestore-core/alias.cjs
drizzle-orm/singlestore-core/alias.cjs.map
drizzle-orm/singlestore-core/alias.d.cts
drizzle-orm/singlestore-core/alias.d.ts
drizzle-orm/singlestore-core/alias.js
drizzle-orm/singlestore-core/alias.js.map
drizzle-orm/singlestore-core/db.cjs
drizzle-orm/singlestore-core/db.cjs.map
drizzle-orm/singlestore-core/db.d.cts
drizzle-orm/singlestore-core/db.d.ts
drizzle-orm/singlestore-core/db.js
drizzle-orm/singlestore-core/db.js.map
drizzle-orm/singlestore-core/dialect.cjs
drizzle-orm/singlestore-core/dialect.cjs.map
drizzle-orm/singlestore-core/dialect.d.cts
drizzle-orm/singlestore-core/dialect.d.ts
drizzle-orm/singlestore-core/dialect.js
drizzle-orm/singlestore-core/dialect.js.map
drizzle-orm/singlestore-core/expressions.cjs
drizzle-orm/singlestore-core/expressions.cjs.map
drizzle-orm/singlestore-core/expressions.d.cts
drizzle-orm/singlestore-core/expressions.d.ts
drizzle-orm/singlestore-core/expressions.js
drizzle-orm/singlestore-core/expressions.js.map
drizzle-orm/singlestore-core/index.cjs
drizzle-orm/singlestore-core/index.cjs.map
drizzle-orm/singlestore-core/index.d.cts
drizzle-orm/singlestore-core/index.d.ts
drizzle-orm/singlestore-core/index.js
drizzle-orm/singlestore-core/index.js.map
drizzle-orm/singlestore-core/indexes.cjs
drizzle-orm/singlestore-core/indexes.cjs.map
drizzle-orm/singlestore-core/indexes.d.cts
drizzle-orm/singlestore-core/indexes.d.ts
drizzle-orm/singlestore-core/indexes.js
drizzle-orm/singlestore-core/indexes.js.map
drizzle-orm/singlestore-core/primary-keys.cjs
drizzle-orm/singlestore-core/primary-keys.cjs.map
drizzle-orm/singlestore-core/primary-keys.d.cts
drizzle-orm/singlestore-core/primary-keys.d.ts
drizzle-orm/singlestore-core/primary-keys.js
drizzle-orm/singlestore-core/primary-keys.js.map
drizzle-orm/singlestore-core/schema.cjs
drizzle-orm/singlestore-core/schema.cjs.map
drizzle-orm/singlestore-core/schema.d.cts
drizzle-orm/singlestore-core/schema.d.ts
drizzle-orm/singlestore-core/schema.js
drizzle-orm/singlestore-core/schema.js.map
drizzle-orm/singlestore-core/session.cjs
drizzle-orm/singlestore-core/session.cjs.map
drizzle-orm/singlestore-core/session.d.cts
drizzle-orm/singlestore-core/session.d.ts
drizzle-orm/singlestore-core/session.js
drizzle-orm/singlestore-core/session.js.map
drizzle-orm/singlestore-core/subquery.cjs
drizzle-orm/singlestore-core/subquery.cjs.map
drizzle-orm/singlestore-core/subquery.d.cts
drizzle-orm/singlestore-core/subquery.d.ts
drizzle-orm/singlestore-core/subquery.js
drizzle-orm/singlestore-core/subquery.js.map
drizzle-orm/singlestore-core/table.cjs
drizzle-orm/singlestore-core/table.cjs.map
drizzle-orm/singlestore-core/table.d.cts
drizzle-orm/singlestore-core/table.d.ts
drizzle-orm/singlestore-core/table.js
drizzle-orm/singlestore-core/table.js.map
drizzle-orm/singlestore-core/unique-constraint.cjs
drizzle-orm/singlestore-core/unique-constraint.cjs.map
drizzle-orm/singlestore-core/unique-constraint.d.cts
drizzle-orm/singlestore-core/unique-constraint.d.ts
drizzle-orm/singlestore-core/unique-constraint.js
drizzle-orm/singlestore-core/unique-constraint.js.map
drizzle-orm/singlestore-core/utils.cjs
drizzle-orm/singlestore-core/utils.cjs.map
drizzle-orm/singlestore-core/utils.d.cts
drizzle-orm/singlestore-core/utils.d.ts
drizzle-orm/singlestore-core/utils.js
drizzle-orm/singlestore-core/utils.js.map
drizzle-orm/singlestore-core/view-base.cjs
drizzle-orm/singlestore-core/view-base.cjs.map
drizzle-orm/singlestore-core/view-base.d.cts
drizzle-orm/singlestore-core/view-base.d.ts
drizzle-orm/singlestore-core/view-base.js
drizzle-orm/singlestore-core/view-base.js.map
drizzle-orm/singlestore-core/view-common.cjs
drizzle-orm/singlestore-core/view-common.cjs.map
drizzle-orm/singlestore-core/view-common.d.cts
drizzle-orm/singlestore-core/view-common.d.ts
drizzle-orm/singlestore-core/view-common.js
drizzle-orm/singlestore-core/view-common.js.map
drizzle-orm/singlestore-core/view.cjs
drizzle-orm/singlestore-core/view.cjs.map
drizzle-orm/singlestore-core/view.d.cts
drizzle-orm/singlestore-core/view.d.ts
drizzle-orm/singlestore-core/view.js
drizzle-orm/singlestore-core/view.js.map
drizzle-orm/singlestore-core/columns/
drizzle-orm/singlestore-core/columns/all.cjs
drizzle-orm/singlestore-core/columns/all.cjs.map
drizzle-orm/singlestore-core/columns/all.d.cts
drizzle-orm/singlestore-core/columns/all.d.ts
drizzle-orm/singlestore-core/columns/all.js
drizzle-orm/singlestore-core/columns/all.js.map
drizzle-orm/singlestore-core/columns/bigint.cjs
drizzle-orm/singlestore-core/columns/bigint.cjs.map
drizzle-orm/singlestore-core/columns/bigint.d.cts
drizzle-orm/singlestore-core/columns/bigint.d.ts
drizzle-orm/singlestore-core/columns/bigint.js
drizzle-orm/singlestore-core/columns/bigint.js.map
drizzle-orm/singlestore-core/columns/binary.cjs
drizzle-orm/singlestore-core/columns/binary.cjs.map
drizzle-orm/singlestore-core/columns/binary.d.cts
drizzle-orm/singlestore-core/columns/binary.d.ts
drizzle-orm/singlestore-core/columns/binary.js
drizzle-orm/singlestore-core/columns/binary.js.map
drizzle-orm/singlestore-core/columns/boolean.cjs
drizzle-orm/singlestore-core/columns/boolean.cjs.map
drizzle-orm/singlestore-core/columns/boolean.d.cts
drizzle-orm/singlestore-core/columns/boolean.d.ts
drizzle-orm/singlestore-core/columns/boolean.js
drizzle-orm/singlestore-core/columns/boolean.js.map
drizzle-orm/singlestore-core/columns/char.cjs
drizzle-orm/singlestore-core/columns/char.cjs.map
drizzle-orm/singlestore-core/columns/char.d.cts
drizzle-orm/singlestore-core/columns/char.d.ts
drizzle-orm/singlestore-core/columns/char.js
drizzle-orm/singlestore-core/columns/char.js.map
drizzle-orm/singlestore-core/columns/common.cjs
drizzle-orm/singlestore-core/columns/common.cjs.map
drizzle-orm/singlestore-core/columns/common.d.cts
drizzle-orm/singlestore-core/columns/common.d.ts
drizzle-orm/singlestore-core/columns/common.js
drizzle-orm/singlestore-core/columns/common.js.map
drizzle-orm/singlestore-core/columns/custom.cjs
drizzle-orm/singlestore-core/columns/custom.cjs.map
drizzle-orm/singlestore-core/columns/custom.d.cts
drizzle-orm/singlestore-core/columns/custom.d.ts
drizzle-orm/singlestore-core/columns/custom.js
drizzle-orm/singlestore-core/columns/custom.js.map
drizzle-orm/singlestore-core/columns/date.cjs
drizzle-orm/singlestore-core/columns/date.cjs.map
drizzle-orm/singlestore-core/columns/date.common.cjs
drizzle-orm/singlestore-core/columns/date.common.cjs.map
drizzle-orm/singlestore-core/columns/date.common.d.cts
drizzle-orm/singlestore-core/columns/date.common.d.ts
drizzle-orm/singlestore-core/columns/date.common.js
drizzle-orm/singlestore-core/columns/date.common.js.map
drizzle-orm/singlestore-core/columns/date.d.cts
drizzle-orm/singlestore-core/columns/date.d.ts
drizzle-orm/singlestore-core/columns/date.js
drizzle-orm/singlestore-core/columns/date.js.map
drizzle-orm/singlestore-core/columns/datetime.cjs
drizzle-orm/singlestore-core/columns/datetime.cjs.map
drizzle-orm/singlestore-core/columns/datetime.d.cts
drizzle-orm/singlestore-core/columns/datetime.d.ts
drizzle-orm/singlestore-core/columns/datetime.js
drizzle-orm/singlestore-core/columns/datetime.js.map
drizzle-orm/singlestore-core/columns/decimal.cjs
drizzle-orm/singlestore-core/columns/decimal.cjs.map
drizzle-orm/singlestore-core/columns/decimal.d.cts
drizzle-orm/singlestore-core/columns/decimal.d.ts
drizzle-orm/singlestore-core/columns/decimal.js
drizzle-orm/singlestore-core/columns/decimal.js.map
drizzle-orm/singlestore-core/columns/double.cjs
drizzle-orm/singlestore-core/columns/double.cjs.map
drizzle-orm/singlestore-core/columns/double.d.cts
drizzle-orm/singlestore-core/columns/double.d.ts
drizzle-orm/singlestore-core/columns/double.js
drizzle-orm/singlestore-core/columns/double.js.map
drizzle-orm/singlestore-core/columns/enum.cjs
drizzle-orm/singlestore-core/columns/enum.cjs.map
drizzle-orm/singlestore-core/columns/enum.d.cts
drizzle-orm/singlestore-core/columns/enum.d.ts
drizzle-orm/singlestore-core/columns/enum.js
drizzle-orm/singlestore-core/columns/enum.js.map
drizzle-orm/singlestore-core/columns/float.cjs
drizzle-orm/singlestore-core/columns/float.cjs.map
drizzle-orm/singlestore-core/columns/float.d.cts
drizzle-orm/singlestore-core/columns/float.d.ts
drizzle-orm/singlestore-core/columns/float.js
drizzle-orm/singlestore-core/columns/float.js.map
drizzle-orm/singlestore-core/columns/index.cjs
drizzle-orm/singlestore-core/columns/index.cjs.map
drizzle-orm/singlestore-core/columns/index.d.cts
drizzle-orm/singlestore-core/columns/index.d.ts
drizzle-orm/singlestore-core/columns/index.js
drizzle-orm/singlestore-core/columns/index.js.map
drizzle-orm/singlestore-core/columns/int.cjs
drizzle-orm/singlestore-core/columns/int.cjs.map
drizzle-orm/singlestore-core/columns/int.d.cts
drizzle-orm/singlestore-core/columns/int.d.ts
drizzle-orm/singlestore-core/columns/int.js
drizzle-orm/singlestore-core/columns/int.js.map
drizzle-orm/singlestore-core/columns/json.cjs
drizzle-orm/singlestore-core/columns/json.cjs.map
drizzle-orm/singlestore-core/columns/json.d.cts
drizzle-orm/singlestore-core/columns/json.d.ts
drizzle-orm/singlestore-core/columns/json.js
drizzle-orm/singlestore-core/columns/json.js.map
drizzle-orm/singlestore-core/columns/mediumint.cjs
drizzle-orm/singlestore-core/columns/mediumint.cjs.map
drizzle-orm/singlestore-core/columns/mediumint.d.cts
drizzle-orm/singlestore-core/columns/mediumint.d.ts
drizzle-orm/singlestore-core/columns/mediumint.js
drizzle-orm/singlestore-core/columns/mediumint.js.map
drizzle-orm/singlestore-core/columns/real.cjs
drizzle-orm/singlestore-core/columns/real.cjs.map
drizzle-orm/singlestore-core/columns/real.d.cts
drizzle-orm/singlestore-core/columns/real.d.ts
drizzle-orm/singlestore-core/columns/real.js
drizzle-orm/singlestore-core/columns/real.js.map
drizzle-orm/singlestore-core/columns/serial.cjs
drizzle-orm/singlestore-core/columns/serial.cjs.map
drizzle-orm/singlestore-core/columns/serial.d.cts
drizzle-orm/singlestore-core/columns/serial.d.ts
drizzle-orm/singlestore-core/columns/serial.js
drizzle-orm/singlestore-core/columns/serial.js.map
drizzle-orm/singlestore-core/columns/smallint.cjs
drizzle-orm/singlestore-core/columns/smallint.cjs.map
drizzle-orm/singlestore-core/columns/smallint.d.cts
drizzle-orm/singlestore-core/columns/smallint.d.ts
drizzle-orm/singlestore-core/columns/smallint.js
drizzle-orm/singlestore-core/columns/smallint.js.map
drizzle-orm/singlestore-core/columns/text.cjs
drizzle-orm/singlestore-core/columns/text.cjs.map
drizzle-orm/singlestore-core/columns/text.d.cts
drizzle-orm/singlestore-core/columns/text.d.ts
drizzle-orm/singlestore-core/columns/text.js
drizzle-orm/singlestore-core/columns/text.js.map
drizzle-orm/singlestore-core/columns/time.cjs
drizzle-orm/singlestore-core/columns/time.cjs.map
drizzle-orm/singlestore-core/columns/time.d.cts
drizzle-orm/singlestore-core/columns/time.d.ts
drizzle-orm/singlestore-core/columns/time.js
drizzle-orm/singlestore-core/columns/time.js.map
drizzle-orm/singlestore-core/columns/timestamp.cjs
drizzle-orm/singlestore-core/columns/timestamp.cjs.map
drizzle-orm/singlestore-core/columns/timestamp.d.cts
drizzle-orm/singlestore-core/columns/timestamp.d.ts
drizzle-orm/singlestore-core/columns/timestamp.js
drizzle-orm/singlestore-core/columns/timestamp.js.map
drizzle-orm/singlestore-core/columns/tinyint.cjs
drizzle-orm/singlestore-core/columns/tinyint.cjs.map
drizzle-orm/singlestore-core/columns/tinyint.d.cts
drizzle-orm/singlestore-core/columns/tinyint.d.ts
drizzle-orm/singlestore-core/columns/tinyint.js
drizzle-orm/singlestore-core/columns/tinyint.js.map
drizzle-orm/singlestore-core/columns/varbinary.cjs
drizzle-orm/singlestore-core/columns/varbinary.cjs.map
drizzle-orm/singlestore-core/columns/varbinary.d.cts
drizzle-orm/singlestore-core/columns/varbinary.d.ts
drizzle-orm/singlestore-core/columns/varbinary.js
drizzle-orm/singlestore-core/columns/varbinary.js.map
drizzle-orm/singlestore-core/columns/varchar.cjs
drizzle-orm/singlestore-core/columns/varchar.cjs.map
drizzle-orm/singlestore-core/columns/varchar.d.cts
drizzle-orm/singlestore-core/columns/varchar.d.ts
drizzle-orm/singlestore-core/columns/varchar.js
drizzle-orm/singlestore-core/columns/varchar.js.map
drizzle-orm/singlestore-core/columns/vector.cjs
drizzle-orm/singlestore-core/columns/vector.cjs.map
drizzle-orm/singlestore-core/columns/vector.d.cts
drizzle-orm/singlestore-core/columns/vector.d.ts
drizzle-orm/singlestore-core/columns/vector.js
drizzle-orm/singlestore-core/columns/vector.js.map
drizzle-orm/singlestore-core/columns/year.cjs
drizzle-orm/singlestore-core/columns/year.cjs.map
drizzle-orm/singlestore-core/columns/year.d.cts
drizzle-orm/singlestore-core/columns/year.d.ts
drizzle-orm/singlestore-core/columns/year.js
drizzle-orm/singlestore-core/columns/year.js.map
drizzle-orm/singlestore-core/query-builders/
drizzle-orm/singlestore-core/query-builders/count.cjs
drizzle-orm/singlestore-core/query-builders/count.cjs.map
drizzle-orm/singlestore-core/query-builders/count.d.cts
drizzle-orm/singlestore-core/query-builders/count.d.ts
drizzle-orm/singlestore-core/query-builders/count.js
drizzle-orm/singlestore-core/query-builders/count.js.map
drizzle-orm/singlestore-core/query-builders/delete.cjs
drizzle-orm/singlestore-core/query-builders/delete.cjs.map
drizzle-orm/singlestore-core/query-builders/delete.d.cts
drizzle-orm/singlestore-core/query-builders/delete.d.ts
drizzle-orm/singlestore-core/query-builders/delete.js
drizzle-orm/singlestore-core/query-builders/delete.js.map
drizzle-orm/singlestore-core/query-builders/index.cjs
drizzle-orm/singlestore-core/query-builders/index.cjs.map
drizzle-orm/singlestore-core/query-builders/index.d.cts
drizzle-orm/singlestore-core/query-builders/index.d.ts
drizzle-orm/singlestore-core/query-builders/index.js
drizzle-orm/singlestore-core/query-builders/index.js.map
drizzle-orm/singlestore-core/query-builders/insert.cjs
drizzle-orm/singlestore-core/query-builders/insert.cjs.map
drizzle-orm/singlestore-core/query-builders/insert.d.cts
drizzle-orm/singlestore-core/query-builders/insert.d.ts
drizzle-orm/singlestore-core/query-builders/insert.js
drizzle-orm/singlestore-core/query-builders/insert.js.map
drizzle-orm/singlestore-core/query-builders/query-builder.cjs
drizzle-orm/singlestore-core/query-builders/query-builder.cjs.map
drizzle-orm/singlestore-core/query-builders/query-builder.d.cts
drizzle-orm/singlestore-core/query-builders/query-builder.d.ts
drizzle-orm/singlestore-core/query-builders/query-builder.js
drizzle-orm/singlestore-core/query-builders/query-builder.js.map
drizzle-orm/singlestore-core/query-builders/query.cjs
drizzle-orm/singlestore-core/query-builders/query.cjs.map
drizzle-orm/singlestore-core/query-builders/query.d.cts
drizzle-orm/singlestore-core/query-builders/query.d.ts
drizzle-orm/singlestore-core/query-builders/query.js
drizzle-orm/singlestore-core/query-builders/query.js.map
drizzle-orm/singlestore-core/query-builders/select.cjs
drizzle-orm/singlestore-core/query-builders/select.cjs.map
drizzle-orm/singlestore-core/query-builders/select.d.cts
drizzle-orm/singlestore-core/query-builders/select.d.ts
drizzle-orm/singlestore-core/query-builders/select.js
drizzle-orm/singlestore-core/query-builders/select.js.map
drizzle-orm/singlestore-core/query-builders/select.types.cjs
drizzle-orm/singlestore-core/query-builders/select.types.cjs.map
drizzle-orm/singlestore-core/query-builders/select.types.d.cts
drizzle-orm/singlestore-core/query-builders/select.types.d.ts
drizzle-orm/singlestore-core/query-builders/select.types.js
drizzle-orm/singlestore-core/query-builders/select.types.js.map
drizzle-orm/singlestore-core/query-builders/update.cjs
drizzle-orm/singlestore-core/query-builders/update.cjs.map
drizzle-orm/singlestore-core/query-builders/update.d.cts
drizzle-orm/singlestore-core/query-builders/update.d.ts
drizzle-orm/singlestore-core/query-builders/update.js
drizzle-orm/singlestore-core/query-builders/update.js.map
drizzle-orm/singlestore-proxy/
drizzle-orm/singlestore-proxy/driver.cjs
drizzle-orm/singlestore-proxy/driver.cjs.map
drizzle-orm/singlestore-proxy/driver.d.cts
drizzle-orm/singlestore-proxy/driver.d.ts
drizzle-orm/singlestore-proxy/driver.js
drizzle-orm/singlestore-proxy/driver.js.map
drizzle-orm/singlestore-proxy/index.cjs
drizzle-orm/singlestore-proxy/index.cjs.map
drizzle-orm/singlestore-proxy/index.d.cts
drizzle-orm/singlestore-proxy/index.d.ts
drizzle-orm/singlestore-proxy/index.js
drizzle-orm/singlestore-proxy/index.js.map
drizzle-orm/singlestore-proxy/migrator.cjs
drizzle-orm/singlestore-proxy/migrator.cjs.map
drizzle-orm/singlestore-proxy/migrator.d.cts
drizzle-orm/singlestore-proxy/migrator.d.ts
drizzle-orm/singlestore-proxy/migrator.js
drizzle-orm/singlestore-proxy/migrator.js.map
drizzle-orm/singlestore-proxy/session.cjs
drizzle-orm/singlestore-proxy/session.cjs.map
drizzle-orm/singlestore-proxy/session.d.cts
drizzle-orm/singlestore-proxy/session.d.ts
drizzle-orm/singlestore-proxy/session.js
drizzle-orm/singlestore-proxy/session.js.map
drizzle-orm/singlestore/
drizzle-orm/singlestore/driver.cjs
drizzle-orm/singlestore/driver.cjs.map
drizzle-orm/singlestore/driver.d.cts
drizzle-orm/singlestore/driver.d.ts
drizzle-orm/singlestore/driver.js
drizzle-orm/singlestore/driver.js.map
drizzle-orm/singlestore/index.cjs
drizzle-orm/singlestore/index.cjs.map
drizzle-orm/singlestore/index.d.cts
drizzle-orm/singlestore/index.d.ts
drizzle-orm/singlestore/index.js
drizzle-orm/singlestore/index.js.map
drizzle-orm/singlestore/migrator.cjs
drizzle-orm/singlestore/migrator.cjs.map
drizzle-orm/singlestore/migrator.d.cts
drizzle-orm/singlestore/migrator.d.ts
drizzle-orm/singlestore/migrator.js
drizzle-orm/singlestore/migrator.js.map
drizzle-orm/singlestore/session.cjs
drizzle-orm/singlestore/session.cjs.map
drizzle-orm/singlestore/session.d.cts
drizzle-orm/singlestore/session.d.ts
drizzle-orm/singlestore/session.js
drizzle-orm/singlestore/session.js.map
drizzle-orm/sql-js/
drizzle-orm/sql-js/driver.cjs
drizzle-orm/sql-js/driver.cjs.map
drizzle-orm/sql-js/driver.d.cts
drizzle-orm/sql-js/driver.d.ts
drizzle-orm/sql-js/driver.js
drizzle-orm/sql-js/driver.js.map
drizzle-orm/sql-js/index.cjs
drizzle-orm/sql-js/index.cjs.map
drizzle-orm/sql-js/index.d.cts
drizzle-orm/sql-js/index.d.ts
drizzle-orm/sql-js/index.js
drizzle-orm/sql-js/index.js.map
drizzle-orm/sql-js/migrator.cjs
drizzle-orm/sql-js/migrator.cjs.map
drizzle-orm/sql-js/migrator.d.cts
drizzle-orm/sql-js/migrator.d.ts
drizzle-orm/sql-js/migrator.js
drizzle-orm/sql-js/migrator.js.map
drizzle-orm/sql-js/session.cjs
drizzle-orm/sql-js/session.cjs.map
drizzle-orm/sql-js/session.d.cts
drizzle-orm/sql-js/session.d.ts
drizzle-orm/sql-js/session.js
drizzle-orm/sql-js/session.js.map
drizzle-orm/sql/
drizzle-orm/sql/index.cjs
drizzle-orm/sql/index.cjs.map
drizzle-orm/sql/index.d.cts
drizzle-orm/sql/index.d.ts
drizzle-orm/sql/index.js
drizzle-orm/sql/index.js.map
drizzle-orm/sql/sql.cjs
drizzle-orm/sql/sql.cjs.map
drizzle-orm/sql/sql.d.cts
drizzle-orm/sql/sql.d.ts
drizzle-orm/sql/sql.js
drizzle-orm/sql/sql.js.map
drizzle-orm/sql/expressions/
drizzle-orm/sql/expressions/conditions.cjs
drizzle-orm/sql/expressions/conditions.cjs.map
drizzle-orm/sql/expressions/conditions.d.cts
drizzle-orm/sql/expressions/conditions.d.ts
drizzle-orm/sql/expressions/conditions.js
drizzle-orm/sql/expressions/conditions.js.map
drizzle-orm/sql/expressions/index.cjs
drizzle-orm/sql/expressions/index.cjs.map
drizzle-orm/sql/expressions/index.d.cts
drizzle-orm/sql/expressions/index.d.ts
drizzle-orm/sql/expressions/index.js
drizzle-orm/sql/expressions/index.js.map
drizzle-orm/sql/expressions/select.cjs
drizzle-orm/sql/expressions/select.cjs.map
drizzle-orm/sql/expressions/select.d.cts
drizzle-orm/sql/expressions/select.d.ts
drizzle-orm/sql/expressions/select.js
drizzle-orm/sql/expressions/select.js.map
drizzle-orm/sql/functions/
drizzle-orm/sql/functions/aggregate.cjs
drizzle-orm/sql/functions/aggregate.cjs.map
drizzle-orm/sql/functions/aggregate.d.cts
drizzle-orm/sql/functions/aggregate.d.ts
drizzle-orm/sql/functions/aggregate.js
drizzle-orm/sql/functions/aggregate.js.map
drizzle-orm/sql/functions/index.cjs
drizzle-orm/sql/functions/index.cjs.map
drizzle-orm/sql/functions/index.d.cts
drizzle-orm/sql/functions/index.d.ts
drizzle-orm/sql/functions/index.js
drizzle-orm/sql/functions/index.js.map
drizzle-orm/sql/functions/vector.cjs
drizzle-orm/sql/functions/vector.cjs.map
drizzle-orm/sql/functions/vector.d.cts
drizzle-orm/sql/functions/vector.d.ts
drizzle-orm/sql/functions/vector.js
drizzle-orm/sql/functions/vector.js.map
drizzle-orm/sqlite-core/
drizzle-orm/sqlite-core/alias.cjs
drizzle-orm/sqlite-core/alias.cjs.map
drizzle-orm/sqlite-core/alias.d.cts
drizzle-orm/sqlite-core/alias.d.ts
drizzle-orm/sqlite-core/alias.js
drizzle-orm/sqlite-core/alias.js.map
drizzle-orm/sqlite-core/checks.cjs
drizzle-orm/sqlite-core/checks.cjs.map
drizzle-orm/sqlite-core/checks.d.cts
drizzle-orm/sqlite-core/checks.d.ts
drizzle-orm/sqlite-core/checks.js
drizzle-orm/sqlite-core/checks.js.map
drizzle-orm/sqlite-core/db.cjs
drizzle-orm/sqlite-core/db.cjs.map
drizzle-orm/sqlite-core/db.d.cts
drizzle-orm/sqlite-core/db.d.ts
drizzle-orm/sqlite-core/db.js
drizzle-orm/sqlite-core/db.js.map
drizzle-orm/sqlite-core/dialect.cjs
drizzle-orm/sqlite-core/dialect.cjs.map
drizzle-orm/sqlite-core/dialect.d.cts
drizzle-orm/sqlite-core/dialect.d.ts
drizzle-orm/sqlite-core/dialect.js
drizzle-orm/sqlite-core/dialect.js.map
drizzle-orm/sqlite-core/expressions.cjs
drizzle-orm/sqlite-core/expressions.cjs.map
drizzle-orm/sqlite-core/expressions.d.cts
drizzle-orm/sqlite-core/expressions.d.ts
drizzle-orm/sqlite-core/expressions.js
drizzle-orm/sqlite-core/expressions.js.map
drizzle-orm/sqlite-core/foreign-keys.cjs
drizzle-orm/sqlite-core/foreign-keys.cjs.map
drizzle-orm/sqlite-core/foreign-keys.d.cts
drizzle-orm/sqlite-core/foreign-keys.d.ts
drizzle-orm/sqlite-core/foreign-keys.js
drizzle-orm/sqlite-core/foreign-keys.js.map
drizzle-orm/sqlite-core/index.cjs
drizzle-orm/sqlite-core/index.cjs.map
drizzle-orm/sqlite-core/index.d.cts
drizzle-orm/sqlite-core/index.d.ts
drizzle-orm/sqlite-core/index.js
drizzle-orm/sqlite-core/index.js.map
drizzle-orm/sqlite-core/indexes.cjs
drizzle-orm/sqlite-core/indexes.cjs.map
drizzle-orm/sqlite-core/indexes.d.cts
drizzle-orm/sqlite-core/indexes.d.ts
drizzle-orm/sqlite-core/indexes.js
drizzle-orm/sqlite-core/indexes.js.map
drizzle-orm/sqlite-core/primary-keys.cjs
drizzle-orm/sqlite-core/primary-keys.cjs.map
drizzle-orm/sqlite-core/primary-keys.d.cts
drizzle-orm/sqlite-core/primary-keys.d.ts
drizzle-orm/sqlite-core/primary-keys.js
drizzle-orm/sqlite-core/primary-keys.js.map
drizzle-orm/sqlite-core/session.cjs
drizzle-orm/sqlite-core/session.cjs.map
drizzle-orm/sqlite-core/session.d.cts
drizzle-orm/sqlite-core/session.d.ts
drizzle-orm/sqlite-core/session.js
drizzle-orm/sqlite-core/session.js.map
drizzle-orm/sqlite-core/subquery.cjs
drizzle-orm/sqlite-core/subquery.cjs.map
drizzle-orm/sqlite-core/subquery.d.cts
drizzle-orm/sqlite-core/subquery.d.ts
drizzle-orm/sqlite-core/subquery.js
drizzle-orm/sqlite-core/subquery.js.map
drizzle-orm/sqlite-core/table.cjs
drizzle-orm/sqlite-core/table.cjs.map
drizzle-orm/sqlite-core/table.d.cts
drizzle-orm/sqlite-core/table.d.ts
drizzle-orm/sqlite-core/table.js
drizzle-orm/sqlite-core/table.js.map
drizzle-orm/sqlite-core/unique-constraint.cjs
drizzle-orm/sqlite-core/unique-constraint.cjs.map
drizzle-orm/sqlite-core/unique-constraint.d.cts
drizzle-orm/sqlite-core/unique-constraint.d.ts
drizzle-orm/sqlite-core/unique-constraint.js
drizzle-orm/sqlite-core/unique-constraint.js.map
drizzle-orm/sqlite-core/utils.cjs
drizzle-orm/sqlite-core/utils.cjs.map
drizzle-orm/sqlite-core/utils.d.cts
drizzle-orm/sqlite-core/utils.d.ts
drizzle-orm/sqlite-core/utils.js
drizzle-orm/sqlite-core/utils.js.map
drizzle-orm/sqlite-core/view-base.cjs
drizzle-orm/sqlite-core/view-base.cjs.map
drizzle-orm/sqlite-core/view-base.d.cts
drizzle-orm/sqlite-core/view-base.d.ts
drizzle-orm/sqlite-core/view-base.js
drizzle-orm/sqlite-core/view-base.js.map
drizzle-orm/sqlite-core/view-common.cjs
drizzle-orm/sqlite-core/view-common.cjs.map
drizzle-orm/sqlite-core/view-common.d.cts
drizzle-orm/sqlite-core/view-common.d.ts
drizzle-orm/sqlite-core/view-common.js
drizzle-orm/sqlite-core/view-common.js.map
drizzle-orm/sqlite-core/view.cjs
drizzle-orm/sqlite-core/view.cjs.map
drizzle-orm/sqlite-core/view.d.cts
drizzle-orm/sqlite-core/view.d.ts
drizzle-orm/sqlite-core/view.js
drizzle-orm/sqlite-core/view.js.map
drizzle-orm/sqlite-core/columns/
drizzle-orm/sqlite-core/columns/all.cjs
drizzle-orm/sqlite-core/columns/all.cjs.map
drizzle-orm/sqlite-core/columns/all.d.cts
drizzle-orm/sqlite-core/columns/all.d.ts
drizzle-orm/sqlite-core/columns/all.js
drizzle-orm/sqlite-core/columns/all.js.map
drizzle-orm/sqlite-core/columns/blob.cjs
drizzle-orm/sqlite-core/columns/blob.cjs.map
drizzle-orm/sqlite-core/columns/blob.d.cts
drizzle-orm/sqlite-core/columns/blob.d.ts
drizzle-orm/sqlite-core/columns/blob.js
drizzle-orm/sqlite-core/columns/blob.js.map
drizzle-orm/sqlite-core/columns/common.cjs
drizzle-orm/sqlite-core/columns/common.cjs.map
drizzle-orm/sqlite-core/columns/common.d.cts
drizzle-orm/sqlite-core/columns/common.d.ts
drizzle-orm/sqlite-core/columns/common.js
drizzle-orm/sqlite-core/columns/common.js.map
drizzle-orm/sqlite-core/columns/custom.cjs
drizzle-orm/sqlite-core/columns/custom.cjs.map
drizzle-orm/sqlite-core/columns/custom.d.cts
drizzle-orm/sqlite-core/columns/custom.d.ts
drizzle-orm/sqlite-core/columns/custom.js
drizzle-orm/sqlite-core/columns/custom.js.map
drizzle-orm/sqlite-core/columns/index.cjs
drizzle-orm/sqlite-core/columns/index.cjs.map
drizzle-orm/sqlite-core/columns/index.d.cts
drizzle-orm/sqlite-core/columns/index.d.ts
drizzle-orm/sqlite-core/columns/index.js
drizzle-orm/sqlite-core/columns/index.js.map
drizzle-orm/sqlite-core/columns/integer.cjs
drizzle-orm/sqlite-core/columns/integer.cjs.map
drizzle-orm/sqlite-core/columns/integer.d.cts
drizzle-orm/sqlite-core/columns/integer.d.ts
drizzle-orm/sqlite-core/columns/integer.js
drizzle-orm/sqlite-core/columns/integer.js.map
drizzle-orm/sqlite-core/columns/numeric.cjs
drizzle-orm/sqlite-core/columns/numeric.cjs.map
drizzle-orm/sqlite-core/columns/numeric.d.cts
drizzle-orm/sqlite-core/columns/numeric.d.ts
drizzle-orm/sqlite-core/columns/numeric.js
drizzle-orm/sqlite-core/columns/numeric.js.map
drizzle-orm/sqlite-core/columns/real.cjs
drizzle-orm/sqlite-core/columns/real.cjs.map
drizzle-orm/sqlite-core/columns/real.d.cts
drizzle-orm/sqlite-core/columns/real.d.ts
drizzle-orm/sqlite-core/columns/real.js
drizzle-orm/sqlite-core/columns/real.js.map
drizzle-orm/sqlite-core/columns/text.cjs
drizzle-orm/sqlite-core/columns/text.cjs.map
drizzle-orm/sqlite-core/columns/text.d.cts
drizzle-orm/sqlite-core/columns/text.d.ts
drizzle-orm/sqlite-core/columns/text.js
drizzle-orm/sqlite-core/columns/text.js.map
drizzle-orm/sqlite-core/query-builders/
drizzle-orm/sqlite-core/query-builders/count.cjs
drizzle-orm/sqlite-core/query-builders/count.cjs.map
drizzle-orm/sqlite-core/query-builders/count.d.cts
drizzle-orm/sqlite-core/query-builders/count.d.ts
drizzle-orm/sqlite-core/query-builders/count.js
drizzle-orm/sqlite-core/query-builders/count.js.map
drizzle-orm/sqlite-core/query-builders/delete.cjs
drizzle-orm/sqlite-core/query-builders/delete.cjs.map
drizzle-orm/sqlite-core/query-builders/delete.d.cts
drizzle-orm/sqlite-core/query-builders/delete.d.ts
drizzle-orm/sqlite-core/query-builders/delete.js
drizzle-orm/sqlite-core/query-builders/delete.js.map
drizzle-orm/sqlite-core/query-builders/index.cjs
drizzle-orm/sqlite-core/query-builders/index.cjs.map
drizzle-orm/sqlite-core/query-builders/index.d.cts
drizzle-orm/sqlite-core/query-builders/index.d.ts
drizzle-orm/sqlite-core/query-builders/index.js
drizzle-orm/sqlite-core/query-builders/index.js.map
drizzle-orm/sqlite-core/query-builders/insert.cjs
drizzle-orm/sqlite-core/query-builders/insert.cjs.map
drizzle-orm/sqlite-core/query-builders/insert.d.cts
drizzle-orm/sqlite-core/query-builders/insert.d.ts
drizzle-orm/sqlite-core/query-builders/insert.js
drizzle-orm/sqlite-core/query-builders/insert.js.map
drizzle-orm/sqlite-core/query-builders/query-builder.cjs
drizzle-orm/sqlite-core/query-builders/query-builder.cjs.map
drizzle-orm/sqlite-core/query-builders/query-builder.d.cts
drizzle-orm/sqlite-core/query-builders/query-builder.d.ts
drizzle-orm/sqlite-core/query-builders/query-builder.js
drizzle-orm/sqlite-core/query-builders/query-builder.js.map
drizzle-orm/sqlite-core/query-builders/query.cjs
drizzle-orm/sqlite-core/query-builders/query.cjs.map
drizzle-orm/sqlite-core/query-builders/query.d.cts
drizzle-orm/sqlite-core/query-builders/query.d.ts
drizzle-orm/sqlite-core/query-builders/query.js
drizzle-orm/sqlite-core/query-builders/query.js.map
drizzle-orm/sqlite-core/query-builders/raw.cjs
drizzle-orm/sqlite-core/query-builders/raw.cjs.map
drizzle-orm/sqlite-core/query-builders/raw.d.cts
drizzle-orm/sqlite-core/query-builders/raw.d.ts
drizzle-orm/sqlite-core/query-builders/raw.js
drizzle-orm/sqlite-core/query-builders/raw.js.map
drizzle-orm/sqlite-core/query-builders/select.cjs
drizzle-orm/sqlite-core/query-builders/select.cjs.map
drizzle-orm/sqlite-core/query-builders/select.d.cts
drizzle-orm/sqlite-core/query-builders/select.d.ts
drizzle-orm/sqlite-core/query-builders/select.js
drizzle-orm/sqlite-core/query-builders/select.js.map
drizzle-orm/sqlite-core/query-builders/select.types.cjs
drizzle-orm/sqlite-core/query-builders/select.types.cjs.map
drizzle-orm/sqlite-core/query-builders/select.types.d.cts
drizzle-orm/sqlite-core/query-builders/select.types.d.ts
drizzle-orm/sqlite-core/query-builders/select.types.js
drizzle-orm/sqlite-core/query-builders/select.types.js.map
drizzle-orm/sqlite-core/query-builders/update.cjs
drizzle-orm/sqlite-core/query-builders/update.cjs.map
drizzle-orm/sqlite-core/query-builders/update.d.cts
drizzle-orm/sqlite-core/query-builders/update.d.ts
drizzle-orm/sqlite-core/query-builders/update.js
drizzle-orm/sqlite-core/query-builders/update.js.map
drizzle-orm/sqlite-proxy/
drizzle-orm/sqlite-proxy/driver.cjs
drizzle-orm/sqlite-proxy/driver.cjs.map
drizzle-orm/sqlite-proxy/driver.d.cts
drizzle-orm/sqlite-proxy/driver.d.ts
drizzle-orm/sqlite-proxy/driver.js
drizzle-orm/sqlite-proxy/driver.js.map
drizzle-orm/sqlite-proxy/index.cjs
drizzle-orm/sqlite-proxy/index.cjs.map
drizzle-orm/sqlite-proxy/index.d.cts
drizzle-orm/sqlite-proxy/index.d.ts
drizzle-orm/sqlite-proxy/index.js
drizzle-orm/sqlite-proxy/index.js.map
drizzle-orm/sqlite-proxy/migrator.cjs
drizzle-orm/sqlite-proxy/migrator.cjs.map
drizzle-orm/sqlite-proxy/migrator.d.cts
drizzle-orm/sqlite-proxy/migrator.d.ts
drizzle-orm/sqlite-proxy/migrator.js
drizzle-orm/sqlite-proxy/migrator.js.map
drizzle-orm/sqlite-proxy/session.cjs
drizzle-orm/sqlite-proxy/session.cjs.map
drizzle-orm/sqlite-proxy/session.d.cts
drizzle-orm/sqlite-proxy/session.d.ts
drizzle-orm/sqlite-proxy/session.js
drizzle-orm/sqlite-proxy/session.js.map
drizzle-orm/supabase/
drizzle-orm/supabase/index.cjs
drizzle-orm/supabase/index.cjs.map
drizzle-orm/supabase/index.d.cts
drizzle-orm/supabase/index.d.ts
drizzle-orm/supabase/index.js
drizzle-orm/supabase/index.js.map
drizzle-orm/supabase/rls.cjs
drizzle-orm/supabase/rls.cjs.map
drizzle-orm/supabase/rls.d.cts
drizzle-orm/supabase/rls.d.ts
drizzle-orm/supabase/rls.js
drizzle-orm/supabase/rls.js.map
drizzle-orm/tidb-serverless/
drizzle-orm/tidb-serverless/driver.cjs
drizzle-orm/tidb-serverless/driver.cjs.map
drizzle-orm/tidb-serverless/driver.d.cts
drizzle-orm/tidb-serverless/driver.d.ts
drizzle-orm/tidb-serverless/driver.js
drizzle-orm/tidb-serverless/driver.js.map
drizzle-orm/tidb-serverless/index.cjs
drizzle-orm/tidb-serverless/index.cjs.map
drizzle-orm/tidb-serverless/index.d.cts
drizzle-orm/tidb-serverless/index.d.ts
drizzle-orm/tidb-serverless/index.js
drizzle-orm/tidb-serverless/index.js.map
drizzle-orm/tidb-serverless/migrator.cjs
drizzle-orm/tidb-serverless/migrator.cjs.map
drizzle-orm/tidb-serverless/migrator.d.cts
drizzle-orm/tidb-serverless/migrator.d.ts
drizzle-orm/tidb-serverless/migrator.js
drizzle-orm/tidb-serverless/migrator.js.map
drizzle-orm/tidb-serverless/session.cjs
drizzle-orm/tidb-serverless/session.cjs.map
drizzle-orm/tidb-serverless/session.d.cts
drizzle-orm/tidb-serverless/session.d.ts
drizzle-orm/tidb-serverless/session.js
drizzle-orm/tidb-serverless/session.js.map
drizzle-orm/vercel-postgres/
drizzle-orm/vercel-postgres/driver.cjs
drizzle-orm/vercel-postgres/driver.cjs.map
drizzle-orm/vercel-postgres/driver.d.cts
drizzle-orm/vercel-postgres/driver.d.ts
drizzle-orm/vercel-postgres/driver.js
drizzle-orm/vercel-postgres/driver.js.map
drizzle-orm/vercel-postgres/index.cjs
drizzle-orm/vercel-postgres/index.cjs.map
drizzle-orm/vercel-postgres/index.d.cts
drizzle-orm/vercel-postgres/index.d.ts
drizzle-orm/vercel-postgres/index.js
drizzle-orm/vercel-postgres/index.js.map
drizzle-orm/vercel-postgres/migrator.cjs
drizzle-orm/vercel-postgres/migrator.cjs.map
drizzle-orm/vercel-postgres/migrator.d.cts
drizzle-orm/vercel-postgres/migrator.d.ts
drizzle-orm/vercel-postgres/migrator.js
drizzle-orm/vercel-postgres/migrator.js.map
drizzle-orm/vercel-postgres/session.cjs
drizzle-orm/vercel-postgres/session.cjs.map
drizzle-orm/vercel-postgres/session.d.cts
drizzle-orm/vercel-postgres/session.d.ts
drizzle-orm/vercel-postgres/session.js
drizzle-orm/vercel-postgres/session.js.map
drizzle-orm/xata-http/
drizzle-orm/xata-http/driver.cjs
drizzle-orm/xata-http/driver.cjs.map
drizzle-orm/xata-http/driver.d.cts
drizzle-orm/xata-http/driver.d.ts
drizzle-orm/xata-http/driver.js
drizzle-orm/xata-http/driver.js.map
drizzle-orm/xata-http/index.cjs
drizzle-orm/xata-http/index.cjs.map
drizzle-orm/xata-http/index.d.cts
drizzle-orm/xata-http/index.d.ts
drizzle-orm/xata-http/index.js
drizzle-orm/xata-http/index.js.map
drizzle-orm/xata-http/migrator.cjs
drizzle-orm/xata-http/migrator.cjs.map
drizzle-orm/xata-http/migrator.d.cts
drizzle-orm/xata-http/migrator.d.ts
drizzle-orm/xata-http/migrator.js
drizzle-orm/xata-http/migrator.js.map
drizzle-orm/xata-http/session.cjs
drizzle-orm/xata-http/session.cjs.map
drizzle-orm/xata-http/session.d.cts
drizzle-orm/xata-http/session.d.ts
drizzle-orm/xata-http/session.js
drizzle-orm/xata-http/session.js.map
hono/
hono/LICENSE
hono/README.md
hono/package.json
hono/dist/
hono/dist/compose.js
hono/dist/context.js
hono/dist/hono-base.js
hono/dist/hono.js
hono/dist/http-exception.js
hono/dist/index.js
hono/dist/request.js
hono/dist/router.js
hono/dist/types.js
hono/dist/adapter/
hono/dist/adapter/aws-lambda/
hono/dist/adapter/aws-lambda/conninfo.js
hono/dist/adapter/aws-lambda/handler.js
hono/dist/adapter/aws-lambda/index.js
hono/dist/adapter/aws-lambda/types.js
hono/dist/adapter/bun/
hono/dist/adapter/bun/conninfo.js
hono/dist/adapter/bun/index.js
hono/dist/adapter/bun/serve-static.js
hono/dist/adapter/bun/server.js
hono/dist/adapter/bun/ssg.js
hono/dist/adapter/bun/websocket.js
hono/dist/adapter/cloudflare-pages/
hono/dist/adapter/cloudflare-pages/conninfo.js
hono/dist/adapter/cloudflare-pages/handler.js
hono/dist/adapter/cloudflare-pages/index.js
hono/dist/adapter/cloudflare-workers/
hono/dist/adapter/cloudflare-workers/conninfo.js
hono/dist/adapter/cloudflare-workers/index.js
hono/dist/adapter/cloudflare-workers/serve-static-module.js
hono/dist/adapter/cloudflare-workers/serve-static.js
hono/dist/adapter/cloudflare-workers/utils.js
hono/dist/adapter/cloudflare-workers/websocket.js
hono/dist/adapter/deno/
hono/dist/adapter/deno/conninfo.js
hono/dist/adapter/deno/deno.d.js
hono/dist/adapter/deno/index.js
hono/dist/adapter/deno/serve-static.js
hono/dist/adapter/deno/ssg.js
hono/dist/adapter/deno/websocket.js
hono/dist/adapter/lambda-edge/
hono/dist/adapter/lambda-edge/conninfo.js
hono/dist/adapter/lambda-edge/handler.js
hono/dist/adapter/lambda-edge/index.js
hono/dist/adapter/netlify/
hono/dist/adapter/netlify/conninfo.js
hono/dist/adapter/netlify/handler.js
hono/dist/adapter/netlify/index.js
hono/dist/adapter/netlify/mod.js
hono/dist/adapter/service-worker/
hono/dist/adapter/service-worker/handler.js
hono/dist/adapter/service-worker/index.js
hono/dist/adapter/service-worker/types.js
hono/dist/adapter/vercel/
hono/dist/adapter/vercel/conninfo.js
hono/dist/adapter/vercel/handler.js
hono/dist/adapter/vercel/index.js
hono/dist/cjs/
hono/dist/cjs/compose.js
hono/dist/cjs/context.js
hono/dist/cjs/hono-base.js
hono/dist/cjs/hono.js
hono/dist/cjs/http-exception.js
hono/dist/cjs/index.js
hono/dist/cjs/package.json
hono/dist/cjs/request.js
hono/dist/cjs/router.js
hono/dist/cjs/types.js
hono/dist/cjs/adapter/
hono/dist/cjs/adapter/aws-lambda/
hono/dist/cjs/adapter/aws-lambda/conninfo.js
hono/dist/cjs/adapter/aws-lambda/handler.js
hono/dist/cjs/adapter/aws-lambda/index.js
hono/dist/cjs/adapter/aws-lambda/types.js
hono/dist/cjs/adapter/bun/
hono/dist/cjs/adapter/bun/conninfo.js
hono/dist/cjs/adapter/bun/index.js
hono/dist/cjs/adapter/bun/serve-static.js
hono/dist/cjs/adapter/bun/server.js
hono/dist/cjs/adapter/bun/ssg.js
hono/dist/cjs/adapter/bun/websocket.js
hono/dist/cjs/adapter/cloudflare-pages/
hono/dist/cjs/adapter/cloudflare-pages/conninfo.js
hono/dist/cjs/adapter/cloudflare-pages/handler.js
hono/dist/cjs/adapter/cloudflare-pages/index.js
hono/dist/cjs/adapter/cloudflare-workers/
hono/dist/cjs/adapter/cloudflare-workers/conninfo.js
hono/dist/cjs/adapter/cloudflare-workers/index.js
hono/dist/cjs/adapter/cloudflare-workers/serve-static-module.js
hono/dist/cjs/adapter/cloudflare-workers/serve-static.js
hono/dist/cjs/adapter/cloudflare-workers/utils.js
hono/dist/cjs/adapter/cloudflare-workers/websocket.js
hono/dist/cjs/adapter/deno/
hono/dist/cjs/adapter/deno/conninfo.js
hono/dist/cjs/adapter/deno/deno.d.js
hono/dist/cjs/adapter/deno/index.js
hono/dist/cjs/adapter/deno/serve-static.js
hono/dist/cjs/adapter/deno/ssg.js
hono/dist/cjs/adapter/deno/websocket.js
hono/dist/cjs/adapter/lambda-edge/
hono/dist/cjs/adapter/lambda-edge/conninfo.js
hono/dist/cjs/adapter/lambda-edge/handler.js
hono/dist/cjs/adapter/lambda-edge/index.js
hono/dist/cjs/adapter/netlify/
hono/dist/cjs/adapter/netlify/conninfo.js
hono/dist/cjs/adapter/netlify/handler.js
hono/dist/cjs/adapter/netlify/index.js
hono/dist/cjs/adapter/netlify/mod.js
hono/dist/cjs/adapter/service-worker/
hono/dist/cjs/adapter/service-worker/handler.js
hono/dist/cjs/adapter/service-worker/index.js
hono/dist/cjs/adapter/service-worker/types.js
hono/dist/cjs/adapter/vercel/
hono/dist/cjs/adapter/vercel/conninfo.js
hono/dist/cjs/adapter/vercel/handler.js
hono/dist/cjs/adapter/vercel/index.js
hono/dist/cjs/client/
hono/dist/cjs/client/client.js
hono/dist/cjs/client/fetch-result-please.js
hono/dist/cjs/client/index.js
hono/dist/cjs/client/types.js
hono/dist/cjs/client/utils.js
hono/dist/cjs/helper/
hono/dist/cjs/helper/accepts/
hono/dist/cjs/helper/accepts/accepts.js
hono/dist/cjs/helper/accepts/index.js
hono/dist/cjs/helper/adapter/
hono/dist/cjs/helper/adapter/index.js
hono/dist/cjs/helper/conninfo/
hono/dist/cjs/helper/conninfo/index.js
hono/dist/cjs/helper/conninfo/types.js
hono/dist/cjs/helper/cookie/
hono/dist/cjs/helper/cookie/index.js
hono/dist/cjs/helper/css/
hono/dist/cjs/helper/css/common.js
hono/dist/cjs/helper/css/index.js
hono/dist/cjs/helper/dev/
hono/dist/cjs/helper/dev/index.js
hono/dist/cjs/helper/factory/
hono/dist/cjs/helper/factory/index.js
hono/dist/cjs/helper/html/
hono/dist/cjs/helper/html/index.js
hono/dist/cjs/helper/proxy/
hono/dist/cjs/helper/proxy/index.js
hono/dist/cjs/helper/route/
hono/dist/cjs/helper/route/index.js
hono/dist/cjs/helper/ssg/
hono/dist/cjs/helper/ssg/index.js
hono/dist/cjs/helper/ssg/middleware.js
hono/dist/cjs/helper/ssg/plugins.js
hono/dist/cjs/helper/ssg/ssg.js
hono/dist/cjs/helper/ssg/utils.js
hono/dist/cjs/helper/streaming/
hono/dist/cjs/helper/streaming/index.js
hono/dist/cjs/helper/streaming/sse.js
hono/dist/cjs/helper/streaming/stream.js
hono/dist/cjs/helper/streaming/text.js
hono/dist/cjs/helper/streaming/utils.js
hono/dist/cjs/helper/testing/
hono/dist/cjs/helper/testing/index.js
hono/dist/cjs/helper/websocket/
hono/dist/cjs/helper/websocket/index.js
hono/dist/cjs/jsx/
hono/dist/cjs/jsx/base.js
hono/dist/cjs/jsx/children.js
hono/dist/cjs/jsx/components.js
hono/dist/cjs/jsx/constants.js
hono/dist/cjs/jsx/context.js
hono/dist/cjs/jsx/index.js
hono/dist/cjs/jsx/intrinsic-elements.js
hono/dist/cjs/jsx/jsx-dev-runtime.js
hono/dist/cjs/jsx/jsx-runtime.js
hono/dist/cjs/jsx/streaming.js
hono/dist/cjs/jsx/types.js
hono/dist/cjs/jsx/utils.js
hono/dist/cjs/jsx/dom/
hono/dist/cjs/jsx/dom/client.js
hono/dist/cjs/jsx/dom/components.js
hono/dist/cjs/jsx/dom/context.js
hono/dist/cjs/jsx/dom/css.js
hono/dist/cjs/jsx/dom/index.js
hono/dist/cjs/jsx/dom/jsx-dev-runtime.js
hono/dist/cjs/jsx/dom/jsx-runtime.js
hono/dist/cjs/jsx/dom/render.js
hono/dist/cjs/jsx/dom/server.js
hono/dist/cjs/jsx/dom/utils.js
hono/dist/cjs/jsx/dom/hooks/
hono/dist/cjs/jsx/dom/hooks/index.js
hono/dist/cjs/jsx/dom/intrinsic-element/
hono/dist/cjs/jsx/dom/intrinsic-element/components.js
hono/dist/cjs/jsx/hooks/
hono/dist/cjs/jsx/hooks/index.js
hono/dist/cjs/jsx/intrinsic-element/
hono/dist/cjs/jsx/intrinsic-element/common.js
hono/dist/cjs/jsx/intrinsic-element/components.js
hono/dist/cjs/middleware/
hono/dist/cjs/middleware/basic-auth/
hono/dist/cjs/middleware/basic-auth/index.js
hono/dist/cjs/middleware/bearer-auth/
hono/dist/cjs/middleware/bearer-auth/index.js
hono/dist/cjs/middleware/body-limit/
hono/dist/cjs/middleware/body-limit/index.js
hono/dist/cjs/middleware/cache/
hono/dist/cjs/middleware/cache/index.js
hono/dist/cjs/middleware/combine/
hono/dist/cjs/middleware/combine/index.js
hono/dist/cjs/middleware/compress/
hono/dist/cjs/middleware/compress/index.js
hono/dist/cjs/middleware/context-storage/
hono/dist/cjs/middleware/context-storage/index.js
hono/dist/cjs/middleware/cors/
hono/dist/cjs/middleware/cors/index.js
hono/dist/cjs/middleware/csrf/
hono/dist/cjs/middleware/csrf/index.js
hono/dist/cjs/middleware/etag/
hono/dist/cjs/middleware/etag/digest.js
hono/dist/cjs/middleware/etag/index.js
hono/dist/cjs/middleware/ip-restriction/
hono/dist/cjs/middleware/ip-restriction/index.js
hono/dist/cjs/middleware/jsx-renderer/
hono/dist/cjs/middleware/jsx-renderer/index.js
hono/dist/cjs/middleware/jwk/
hono/dist/cjs/middleware/jwk/index.js
hono/dist/cjs/middleware/jwk/jwk.js
hono/dist/cjs/middleware/jwt/
hono/dist/cjs/middleware/jwt/index.js
hono/dist/cjs/middleware/jwt/jwt.js
hono/dist/cjs/middleware/language/
hono/dist/cjs/middleware/language/index.js
hono/dist/cjs/middleware/language/language.js
hono/dist/cjs/middleware/logger/
hono/dist/cjs/middleware/logger/index.js
hono/dist/cjs/middleware/method-not-allowed/
hono/dist/cjs/middleware/method-not-allowed/index.js
hono/dist/cjs/middleware/method-override/
hono/dist/cjs/middleware/method-override/index.js
hono/dist/cjs/middleware/powered-by/
hono/dist/cjs/middleware/powered-by/index.js
hono/dist/cjs/middleware/pretty-json/
hono/dist/cjs/middleware/pretty-json/index.js
hono/dist/cjs/middleware/request-id/
hono/dist/cjs/middleware/request-id/index.js
hono/dist/cjs/middleware/request-id/request-id.js
hono/dist/cjs/middleware/secure-headers/
hono/dist/cjs/middleware/secure-headers/index.js
hono/dist/cjs/middleware/secure-headers/permissions-policy.js
hono/dist/cjs/middleware/secure-headers/secure-headers.js
hono/dist/cjs/middleware/serve-static/
hono/dist/cjs/middleware/serve-static/index.js
hono/dist/cjs/middleware/serve-static/path.js
hono/dist/cjs/middleware/timeout/
hono/dist/cjs/middleware/timeout/index.js
hono/dist/cjs/middleware/timing/
hono/dist/cjs/middleware/timing/index.js
hono/dist/cjs/middleware/timing/timing.js
hono/dist/cjs/middleware/trailing-slash/
hono/dist/cjs/middleware/trailing-slash/index.js
hono/dist/cjs/preset/
hono/dist/cjs/preset/quick.js
hono/dist/cjs/preset/tiny.js
hono/dist/cjs/request/
hono/dist/cjs/request/constants.js
hono/dist/cjs/router/
hono/dist/cjs/router/linear-router/
hono/dist/cjs/router/linear-router/index.js
hono/dist/cjs/router/linear-router/router.js
hono/dist/cjs/router/pattern-router/
hono/dist/cjs/router/pattern-router/index.js
hono/dist/cjs/router/pattern-router/router.js
hono/dist/cjs/router/reg-exp-router/
hono/dist/cjs/router/reg-exp-router/index.js
hono/dist/cjs/router/reg-exp-router/matcher.js
hono/dist/cjs/router/reg-exp-router/node.js
hono/dist/cjs/router/reg-exp-router/prepared-router.js
hono/dist/cjs/router/reg-exp-router/router.js
hono/dist/cjs/router/reg-exp-router/trie.js
hono/dist/cjs/router/smart-router/
hono/dist/cjs/router/smart-router/index.js
hono/dist/cjs/router/smart-router/router.js
hono/dist/cjs/router/trie-router/
hono/dist/cjs/router/trie-router/index.js
hono/dist/cjs/router/trie-router/node.js
hono/dist/cjs/router/trie-router/router.js
hono/dist/cjs/utils/
hono/dist/cjs/utils/accept.js
hono/dist/cjs/utils/basic-auth.js
hono/dist/cjs/utils/body.js
hono/dist/cjs/utils/buffer.js
hono/dist/cjs/utils/color.js
hono/dist/cjs/utils/compress.js
hono/dist/cjs/utils/concurrent.js
hono/dist/cjs/utils/constants.js
hono/dist/cjs/utils/cookie.js
hono/dist/cjs/utils/crypto.js
hono/dist/cjs/utils/encode.js
hono/dist/cjs/utils/filepath.js
hono/dist/cjs/utils/handler.js
hono/dist/cjs/utils/headers.js
hono/dist/cjs/utils/html.js
hono/dist/cjs/utils/http-status.js
hono/dist/cjs/utils/ipaddr.js
hono/dist/cjs/utils/mime.js
hono/dist/cjs/utils/stream.js
hono/dist/cjs/utils/types.js
hono/dist/cjs/utils/url.js
hono/dist/cjs/utils/jwt/
hono/dist/cjs/utils/jwt/index.js
hono/dist/cjs/utils/jwt/jwa.js
hono/dist/cjs/utils/jwt/jws.js
hono/dist/cjs/utils/jwt/jwt.js
hono/dist/cjs/utils/jwt/types.js
hono/dist/cjs/utils/jwt/utf8.js
hono/dist/cjs/validator/
hono/dist/cjs/validator/index.js
hono/dist/cjs/validator/utils.js
hono/dist/cjs/validator/validator.js
hono/dist/client/
hono/dist/client/client.js
hono/dist/client/fetch-result-please.js
hono/dist/client/index.js
hono/dist/client/types.js
hono/dist/client/utils.js
hono/dist/helper/
hono/dist/helper/accepts/
hono/dist/helper/accepts/accepts.js
hono/dist/helper/accepts/index.js
hono/dist/helper/adapter/
hono/dist/helper/adapter/index.js
hono/dist/helper/conninfo/
hono/dist/helper/conninfo/index.js
hono/dist/helper/conninfo/types.js
hono/dist/helper/cookie/
hono/dist/helper/cookie/index.js
hono/dist/helper/css/
hono/dist/helper/css/common.js
hono/dist/helper/css/index.js
hono/dist/helper/dev/
hono/dist/helper/dev/index.js
hono/dist/helper/factory/
hono/dist/helper/factory/index.js
hono/dist/helper/html/
hono/dist/helper/html/index.js
hono/dist/helper/proxy/
hono/dist/helper/proxy/index.js
hono/dist/helper/route/
hono/dist/helper/route/index.js
hono/dist/helper/ssg/
hono/dist/helper/ssg/index.js
hono/dist/helper/ssg/middleware.js
hono/dist/helper/ssg/plugins.js
hono/dist/helper/ssg/ssg.js
hono/dist/helper/ssg/utils.js
hono/dist/helper/streaming/
hono/dist/helper/streaming/index.js
hono/dist/helper/streaming/sse.js
hono/dist/helper/streaming/stream.js
hono/dist/helper/streaming/text.js
hono/dist/helper/streaming/utils.js
hono/dist/helper/testing/
hono/dist/helper/testing/index.js
hono/dist/helper/websocket/
hono/dist/helper/websocket/index.js
hono/dist/jsx/
hono/dist/jsx/base.js
hono/dist/jsx/children.js
hono/dist/jsx/components.js
hono/dist/jsx/constants.js
hono/dist/jsx/context.js
hono/dist/jsx/index.js
hono/dist/jsx/intrinsic-elements.js
hono/dist/jsx/jsx-dev-runtime.js
hono/dist/jsx/jsx-runtime.js
hono/dist/jsx/streaming.js
hono/dist/jsx/types.js
hono/dist/jsx/utils.js
hono/dist/jsx/dom/
hono/dist/jsx/dom/client.js
hono/dist/jsx/dom/components.js
hono/dist/jsx/dom/context.js
hono/dist/jsx/dom/css.js
hono/dist/jsx/dom/index.js
hono/dist/jsx/dom/jsx-dev-runtime.js
hono/dist/jsx/dom/jsx-runtime.js
hono/dist/jsx/dom/render.js
hono/dist/jsx/dom/server.js
hono/dist/jsx/dom/utils.js
hono/dist/jsx/dom/hooks/
hono/dist/jsx/dom/hooks/index.js
hono/dist/jsx/dom/intrinsic-element/
hono/dist/jsx/dom/intrinsic-element/components.js
hono/dist/jsx/hooks/
hono/dist/jsx/hooks/index.js
hono/dist/jsx/intrinsic-element/
hono/dist/jsx/intrinsic-element/common.js
hono/dist/jsx/intrinsic-element/components.js
hono/dist/middleware/
hono/dist/middleware/basic-auth/
hono/dist/middleware/basic-auth/index.js
hono/dist/middleware/bearer-auth/
hono/dist/middleware/bearer-auth/index.js
hono/dist/middleware/body-limit/
hono/dist/middleware/body-limit/index.js
hono/dist/middleware/cache/
hono/dist/middleware/cache/index.js
hono/dist/middleware/combine/
hono/dist/middleware/combine/index.js
hono/dist/middleware/compress/
hono/dist/middleware/compress/index.js
hono/dist/middleware/context-storage/
hono/dist/middleware/context-storage/index.js
hono/dist/middleware/cors/
hono/dist/middleware/cors/index.js
hono/dist/middleware/csrf/
hono/dist/middleware/csrf/index.js
hono/dist/middleware/etag/
hono/dist/middleware/etag/digest.js
hono/dist/middleware/etag/index.js
hono/dist/middleware/ip-restriction/
hono/dist/middleware/ip-restriction/index.js
hono/dist/middleware/jsx-renderer/
hono/dist/middleware/jsx-renderer/index.js
hono/dist/middleware/jwk/
hono/dist/middleware/jwk/index.js
hono/dist/middleware/jwk/jwk.js
hono/dist/middleware/jwt/
hono/dist/middleware/jwt/index.js
hono/dist/middleware/jwt/jwt.js
hono/dist/middleware/language/
hono/dist/middleware/language/index.js
hono/dist/middleware/language/language.js
hono/dist/middleware/logger/
hono/dist/middleware/logger/index.js
hono/dist/middleware/method-not-allowed/
hono/dist/middleware/method-not-allowed/index.js
hono/dist/middleware/method-override/
hono/dist/middleware/method-override/index.js
hono/dist/middleware/powered-by/
hono/dist/middleware/powered-by/index.js
hono/dist/middleware/pretty-json/
hono/dist/middleware/pretty-json/index.js
hono/dist/middleware/request-id/
hono/dist/middleware/request-id/index.js
hono/dist/middleware/request-id/request-id.js
hono/dist/middleware/secure-headers/
hono/dist/middleware/secure-headers/index.js
hono/dist/middleware/secure-headers/permissions-policy.js
hono/dist/middleware/secure-headers/secure-headers.js
hono/dist/middleware/serve-static/
hono/dist/middleware/serve-static/index.js
hono/dist/middleware/serve-static/path.js
hono/dist/middleware/timeout/
hono/dist/middleware/timeout/index.js
hono/dist/middleware/timing/
hono/dist/middleware/timing/index.js
hono/dist/middleware/timing/timing.js
hono/dist/middleware/trailing-slash/
hono/dist/middleware/trailing-slash/index.js
hono/dist/preset/
hono/dist/preset/quick.js
hono/dist/preset/tiny.js
hono/dist/request/
hono/dist/request/constants.js
hono/dist/router/
hono/dist/router/linear-router/
hono/dist/router/linear-router/index.js
hono/dist/router/linear-router/router.js
hono/dist/router/pattern-router/
hono/dist/router/pattern-router/index.js
hono/dist/router/pattern-router/router.js
hono/dist/router/reg-exp-router/
hono/dist/router/reg-exp-router/index.js
hono/dist/router/reg-exp-router/matcher.js
hono/dist/router/reg-exp-router/node.js
hono/dist/router/reg-exp-router/prepared-router.js
hono/dist/router/reg-exp-router/router.js
hono/dist/router/reg-exp-router/trie.js
hono/dist/router/smart-router/
hono/dist/router/smart-router/index.js
hono/dist/router/smart-router/router.js
hono/dist/router/trie-router/
hono/dist/router/trie-router/index.js
hono/dist/router/trie-router/node.js
hono/dist/router/trie-router/router.js
hono/dist/types/
hono/dist/types/compose.d.ts
hono/dist/types/context.d.ts
hono/dist/types/hono-base.d.ts
hono/dist/types/hono.d.ts
hono/dist/types/http-exception.d.ts
hono/dist/types/index.d.ts
hono/dist/types/package.json
hono/dist/types/request.d.ts
hono/dist/types/router.d.ts
hono/dist/types/types.d.ts
hono/dist/types/adapter/
hono/dist/types/adapter/aws-lambda/
hono/dist/types/adapter/aws-lambda/conninfo.d.ts
hono/dist/types/adapter/aws-lambda/handler.d.ts
hono/dist/types/adapter/aws-lambda/index.d.ts
hono/dist/types/adapter/aws-lambda/types.d.ts
hono/dist/types/adapter/bun/
hono/dist/types/adapter/bun/conninfo.d.ts
hono/dist/types/adapter/bun/index.d.ts
hono/dist/types/adapter/bun/serve-static.d.ts
hono/dist/types/adapter/bun/server.d.ts
hono/dist/types/adapter/bun/ssg.d.ts
hono/dist/types/adapter/bun/websocket.d.ts
hono/dist/types/adapter/cloudflare-pages/
hono/dist/types/adapter/cloudflare-pages/conninfo.d.ts
hono/dist/types/adapter/cloudflare-pages/handler.d.ts
hono/dist/types/adapter/cloudflare-pages/index.d.ts
hono/dist/types/adapter/cloudflare-workers/
hono/dist/types/adapter/cloudflare-workers/conninfo.d.ts
hono/dist/types/adapter/cloudflare-workers/index.d.ts
hono/dist/types/adapter/cloudflare-workers/serve-static-module.d.ts
hono/dist/types/adapter/cloudflare-workers/serve-static.d.ts
hono/dist/types/adapter/cloudflare-workers/utils.d.ts
hono/dist/types/adapter/cloudflare-workers/websocket.d.ts
hono/dist/types/adapter/deno/
hono/dist/types/adapter/deno/conninfo.d.ts
hono/dist/types/adapter/deno/index.d.ts
hono/dist/types/adapter/deno/serve-static.d.ts
hono/dist/types/adapter/deno/ssg.d.ts
hono/dist/types/adapter/deno/websocket.d.ts
hono/dist/types/adapter/lambda-edge/
hono/dist/types/adapter/lambda-edge/conninfo.d.ts
hono/dist/types/adapter/lambda-edge/handler.d.ts
hono/dist/types/adapter/lambda-edge/index.d.ts
hono/dist/types/adapter/netlify/
hono/dist/types/adapter/netlify/conninfo.d.ts
hono/dist/types/adapter/netlify/handler.d.ts
hono/dist/types/adapter/netlify/index.d.ts
hono/dist/types/adapter/netlify/mod.d.ts
hono/dist/types/adapter/service-worker/
hono/dist/types/adapter/service-worker/handler.d.ts
hono/dist/types/adapter/service-worker/index.d.ts
hono/dist/types/adapter/service-worker/types.d.ts
hono/dist/types/adapter/vercel/
hono/dist/types/adapter/vercel/conninfo.d.ts
hono/dist/types/adapter/vercel/handler.d.ts
hono/dist/types/adapter/vercel/index.d.ts
hono/dist/types/client/
hono/dist/types/client/client.d.ts
hono/dist/types/client/fetch-result-please.d.ts
hono/dist/types/client/index.d.ts
hono/dist/types/client/types.d.ts
hono/dist/types/client/utils.d.ts
hono/dist/types/helper/
hono/dist/types/helper/accepts/
hono/dist/types/helper/accepts/accepts.d.ts
hono/dist/types/helper/accepts/index.d.ts
hono/dist/types/helper/adapter/
hono/dist/types/helper/adapter/index.d.ts
hono/dist/types/helper/conninfo/
hono/dist/types/helper/conninfo/index.d.ts
hono/dist/types/helper/conninfo/types.d.ts
hono/dist/types/helper/cookie/
hono/dist/types/helper/cookie/index.d.ts
hono/dist/types/helper/css/
hono/dist/types/helper/css/common.d.ts
hono/dist/types/helper/css/index.d.ts
hono/dist/types/helper/dev/
hono/dist/types/helper/dev/index.d.ts
hono/dist/types/helper/factory/
hono/dist/types/helper/factory/index.d.ts
hono/dist/types/helper/html/
hono/dist/types/helper/html/index.d.ts
hono/dist/types/helper/proxy/
hono/dist/types/helper/proxy/index.d.ts
hono/dist/types/helper/route/
hono/dist/types/helper/route/index.d.ts
hono/dist/types/helper/ssg/
hono/dist/types/helper/ssg/index.d.ts
hono/dist/types/helper/ssg/middleware.d.ts
hono/dist/types/helper/ssg/plugins.d.ts
hono/dist/types/helper/ssg/ssg.d.ts
hono/dist/types/helper/ssg/utils.d.ts
hono/dist/types/helper/streaming/
hono/dist/types/helper/streaming/index.d.ts
hono/dist/types/helper/streaming/sse.d.ts
hono/dist/types/helper/streaming/stream.d.ts
hono/dist/types/helper/streaming/text.d.ts
hono/dist/types/helper/streaming/utils.d.ts
hono/dist/types/helper/testing/
hono/dist/types/helper/testing/index.d.ts
hono/dist/types/helper/websocket/
hono/dist/types/helper/websocket/index.d.ts
hono/dist/types/jsx/
hono/dist/types/jsx/base.d.ts
hono/dist/types/jsx/children.d.ts
hono/dist/types/jsx/components.d.ts
hono/dist/types/jsx/constants.d.ts
hono/dist/types/jsx/context.d.ts
hono/dist/types/jsx/index.d.ts
hono/dist/types/jsx/intrinsic-elements.d.ts
hono/dist/types/jsx/jsx-dev-runtime.d.ts
hono/dist/types/jsx/jsx-runtime.d.ts
hono/dist/types/jsx/streaming.d.ts
hono/dist/types/jsx/types.d.ts
hono/dist/types/jsx/utils.d.ts
hono/dist/types/jsx/dom/
hono/dist/types/jsx/dom/client.d.ts
hono/dist/types/jsx/dom/components.d.ts
hono/dist/types/jsx/dom/context.d.ts
hono/dist/types/jsx/dom/css.d.ts
hono/dist/types/jsx/dom/index.d.ts
hono/dist/types/jsx/dom/jsx-dev-runtime.d.ts
hono/dist/types/jsx/dom/jsx-runtime.d.ts
hono/dist/types/jsx/dom/render.d.ts
hono/dist/types/jsx/dom/server.d.ts
hono/dist/types/jsx/dom/utils.d.ts
hono/dist/types/jsx/dom/hooks/
hono/dist/types/jsx/dom/hooks/index.d.ts
hono/dist/types/jsx/dom/intrinsic-element/
hono/dist/types/jsx/dom/intrinsic-element/components.d.ts
hono/dist/types/jsx/hooks/
hono/dist/types/jsx/hooks/index.d.ts
hono/dist/types/jsx/intrinsic-element/
hono/dist/types/jsx/intrinsic-element/common.d.ts
hono/dist/types/jsx/intrinsic-element/components.d.ts
hono/dist/types/middleware/
hono/dist/types/middleware/basic-auth/
hono/dist/types/middleware/basic-auth/index.d.ts
hono/dist/types/middleware/bearer-auth/
hono/dist/types/middleware/bearer-auth/index.d.ts
hono/dist/types/middleware/body-limit/
hono/dist/types/middleware/body-limit/index.d.ts
hono/dist/types/middleware/cache/
hono/dist/types/middleware/cache/index.d.ts
hono/dist/types/middleware/combine/
hono/dist/types/middleware/combine/index.d.ts
hono/dist/types/middleware/compress/
hono/dist/types/middleware/compress/index.d.ts
hono/dist/types/middleware/context-storage/
hono/dist/types/middleware/context-storage/index.d.ts
hono/dist/types/middleware/cors/
hono/dist/types/middleware/cors/index.d.ts
hono/dist/types/middleware/csrf/
hono/dist/types/middleware/csrf/index.d.ts
hono/dist/types/middleware/etag/
hono/dist/types/middleware/etag/digest.d.ts
hono/dist/types/middleware/etag/index.d.ts
hono/dist/types/middleware/ip-restriction/
hono/dist/types/middleware/ip-restriction/index.d.ts
hono/dist/types/middleware/jsx-renderer/
hono/dist/types/middleware/jsx-renderer/index.d.ts
hono/dist/types/middleware/jwk/
hono/dist/types/middleware/jwk/index.d.ts
hono/dist/types/middleware/jwk/jwk.d.ts
hono/dist/types/middleware/jwt/
hono/dist/types/middleware/jwt/index.d.ts
hono/dist/types/middleware/jwt/jwt.d.ts
hono/dist/types/middleware/language/
hono/dist/types/middleware/language/index.d.ts
hono/dist/types/middleware/language/language.d.ts
hono/dist/types/middleware/logger/
hono/dist/types/middleware/logger/index.d.ts
hono/dist/types/middleware/method-not-allowed/
hono/dist/types/middleware/method-not-allowed/index.d.ts
hono/dist/types/middleware/method-override/
hono/dist/types/middleware/method-override/index.d.ts
hono/dist/types/middleware/powered-by/
hono/dist/types/middleware/powered-by/index.d.ts
hono/dist/types/middleware/pretty-json/
hono/dist/types/middleware/pretty-json/index.d.ts
hono/dist/types/middleware/request-id/
hono/dist/types/middleware/request-id/index.d.ts
hono/dist/types/middleware/request-id/request-id.d.ts
hono/dist/types/middleware/secure-headers/
hono/dist/types/middleware/secure-headers/index.d.ts
hono/dist/types/middleware/secure-headers/permissions-policy.d.ts
hono/dist/types/middleware/secure-headers/secure-headers.d.ts
hono/dist/types/middleware/serve-static/
hono/dist/types/middleware/serve-static/index.d.ts
hono/dist/types/middleware/serve-static/path.d.ts
hono/dist/types/middleware/timeout/
hono/dist/types/middleware/timeout/index.d.ts
hono/dist/types/middleware/timing/
hono/dist/types/middleware/timing/index.d.ts
hono/dist/types/middleware/timing/timing.d.ts
hono/dist/types/middleware/trailing-slash/
hono/dist/types/middleware/trailing-slash/index.d.ts
hono/dist/types/preset/
hono/dist/types/preset/quick.d.ts
hono/dist/types/preset/tiny.d.ts
hono/dist/types/request/
hono/dist/types/request/constants.d.ts
hono/dist/types/router/
hono/dist/types/router/linear-router/
hono/dist/types/router/linear-router/index.d.ts
hono/dist/types/router/linear-router/router.d.ts
hono/dist/types/router/pattern-router/
hono/dist/types/router/pattern-router/index.d.ts
hono/dist/types/router/pattern-router/router.d.ts
hono/dist/types/router/reg-exp-router/
hono/dist/types/router/reg-exp-router/index.d.ts
hono/dist/types/router/reg-exp-router/matcher.d.ts
hono/dist/types/router/reg-exp-router/node.d.ts
hono/dist/types/router/reg-exp-router/prepared-router.d.ts
hono/dist/types/router/reg-exp-router/router.d.ts
hono/dist/types/router/reg-exp-router/trie.d.ts
hono/dist/types/router/smart-router/
hono/dist/types/router/smart-router/index.d.ts
hono/dist/types/router/smart-router/router.d.ts
hono/dist/types/router/trie-router/
hono/dist/types/router/trie-router/index.d.ts
hono/dist/types/router/trie-router/node.d.ts
hono/dist/types/router/trie-router/router.d.ts
hono/dist/types/utils/
hono/dist/types/utils/accept.d.ts
hono/dist/types/utils/basic-auth.d.ts
hono/dist/types/utils/body.d.ts
hono/dist/types/utils/buffer.d.ts
hono/dist/types/utils/color.d.ts
hono/dist/types/utils/compress.d.ts
hono/dist/types/utils/concurrent.d.ts
hono/dist/types/utils/constants.d.ts
hono/dist/types/utils/cookie.d.ts
hono/dist/types/utils/crypto.d.ts
hono/dist/types/utils/encode.d.ts
hono/dist/types/utils/filepath.d.ts
hono/dist/types/utils/handler.d.ts
hono/dist/types/utils/headers.d.ts
hono/dist/types/utils/html.d.ts
hono/dist/types/utils/http-status.d.ts
hono/dist/types/utils/ipaddr.d.ts
hono/dist/types/utils/mime.d.ts
hono/dist/types/utils/stream.d.ts
hono/dist/types/utils/types.d.ts
hono/dist/types/utils/url.d.ts
hono/dist/types/utils/jwt/
hono/dist/types/utils/jwt/index.d.ts
hono/dist/types/utils/jwt/jwa.d.ts
hono/dist/types/utils/jwt/jws.d.ts
hono/dist/types/utils/jwt/jwt.d.ts
hono/dist/types/utils/jwt/types.d.ts
hono/dist/types/utils/jwt/utf8.d.ts
hono/dist/types/validator/
hono/dist/types/validator/index.d.ts
hono/dist/types/validator/utils.d.ts
hono/dist/types/validator/validator.d.ts
hono/dist/utils/
hono/dist/utils/accept.js
hono/dist/utils/basic-auth.js
hono/dist/utils/body.js
hono/dist/utils/buffer.js
hono/dist/utils/color.js
hono/dist/utils/compress.js
hono/dist/utils/concurrent.js
hono/dist/utils/constants.js
hono/dist/utils/cookie.js
hono/dist/utils/crypto.js
hono/dist/utils/encode.js
hono/dist/utils/filepath.js
hono/dist/utils/handler.js
hono/dist/utils/headers.js
hono/dist/utils/html.js
hono/dist/utils/http-status.js
hono/dist/utils/ipaddr.js
hono/dist/utils/mime.js
hono/dist/utils/stream.js
hono/dist/utils/types.js
hono/dist/utils/url.js
hono/dist/utils/jwt/
hono/dist/utils/jwt/index.js
hono/dist/utils/jwt/jwa.js
hono/dist/utils/jwt/jws.js
hono/dist/utils/jwt/jwt.js
hono/dist/utils/jwt/types.js
hono/dist/utils/jwt/utf8.js
hono/dist/validator/
hono/dist/validator/index.js
hono/dist/validator/utils.js
hono/dist/validator/validator.js
node-addon-api/
node-addon-api/LICENSE.md
node-addon-api/README.md
node-addon-api/common.gypi
node-addon-api/except.gypi
node-addon-api/index.js
node-addon-api/napi-inl.deprecated.h
node-addon-api/napi-inl.h
node-addon-api/napi.h
node-addon-api/node_addon_api.gyp
node-addon-api/node_api.gyp
node-addon-api/noexcept.gypi
node-addon-api/nothing.c
node-addon-api/package-support.json
node-addon-api/package.json
node-addon-api/tools/
node-addon-api/tools/README.md
node-addon-api/tools/check-napi.js
node-addon-api/tools/clang-format.js
node-addon-api/tools/conversion.js
undici-types/
undici-types/LICENSE
undici-types/README.md
undici-types/agent.d.ts
undici-types/api.d.ts
undici-types/balanced-pool.d.ts
undici-types/cache-interceptor.d.ts
undici-types/cache.d.ts
undici-types/client-stats.d.ts
undici-types/client.d.ts
undici-types/connector.d.ts
undici-types/content-type.d.ts
undici-types/cookies.d.ts
undici-types/diagnostics-channel.d.ts
undici-types/dispatcher.d.ts
undici-types/dispatcher1-wrapper.d.ts
undici-types/env-http-proxy-agent.d.ts
undici-types/errors.d.ts
undici-types/eventsource.d.ts
undici-types/fetch.d.ts
undici-types/formdata.d.ts
undici-types/global-dispatcher.d.ts
undici-types/global-origin.d.ts
undici-types/h2c-client.d.ts
undici-types/handlers.d.ts
undici-types/header.d.ts
undici-types/index.d.ts
undici-types/interceptors.d.ts
undici-types/mock-agent.d.ts
undici-types/mock-call-history.d.ts
undici-types/mock-client.d.ts
undici-types/mock-errors.d.ts
undici-types/mock-interceptor.d.ts
undici-types/mock-pool.d.ts
undici-types/package.json
undici-types/patch.d.ts
undici-types/pool-stats.d.ts
undici-types/pool.d.ts
undici-types/proxy-agent.d.ts
undici-types/readable.d.ts
undici-types/retry-agent.d.ts
undici-types/retry-handler.d.ts
undici-types/round-robin-pool.d.ts
undici-types/snapshot-agent.d.ts
undici-types/socks5-proxy-agent.d.ts
undici-types/util.d.ts
undici-types/utility.d.ts
undici-types/webidl.d.ts
undici-types/websocket.d.ts
zod/
zod/LICENSE
zod/README.md
zod/index.cjs
zod/index.d.cts
zod/index.d.ts
zod/index.js
zod/package.json
zod/locales/
zod/locales/index.cjs
zod/locales/index.d.cts
zod/locales/index.d.ts
zod/locales/index.js
zod/locales/package.json
zod/mini/
zod/mini/index.cjs
zod/mini/index.d.cts
zod/mini/index.d.ts
zod/mini/index.js
zod/mini/package.json
zod/src/
zod/src/index.ts
zod/src/locales/
zod/src/locales/index.ts
zod/src/mini/
zod/src/mini/index.ts
zod/src/v3/
zod/src/v3/ZodError.ts
zod/src/v3/errors.ts
zod/src/v3/external.ts
zod/src/v3/index.ts
zod/src/v3/standard-schema.ts
zod/src/v3/types.ts
zod/src/v3/benchmarks/
zod/src/v3/benchmarks/datetime.ts
zod/src/v3/benchmarks/discriminatedUnion.ts
zod/src/v3/benchmarks/index.ts
zod/src/v3/benchmarks/ipv4.ts
zod/src/v3/benchmarks/object.ts
zod/src/v3/benchmarks/primitives.ts
zod/src/v3/benchmarks/realworld.ts
zod/src/v3/benchmarks/string.ts
zod/src/v3/benchmarks/union.ts
zod/src/v3/helpers/
zod/src/v3/helpers/enumUtil.ts
zod/src/v3/helpers/errorUtil.ts
zod/src/v3/helpers/parseUtil.ts
zod/src/v3/helpers/partialUtil.ts
zod/src/v3/helpers/typeAliases.ts
zod/src/v3/helpers/util.ts
zod/src/v3/locales/
zod/src/v3/locales/en.ts
zod/src/v3/tests/
zod/src/v3/tests/Mocker.ts
zod/src/v3/tests/all-errors.test.ts
zod/src/v3/tests/anyunknown.test.ts
zod/src/v3/tests/array.test.ts
zod/src/v3/tests/async-parsing.test.ts
zod/src/v3/tests/async-refinements.test.ts
zod/src/v3/tests/base.test.ts
zod/src/v3/tests/bigint.test.ts
zod/src/v3/tests/branded.test.ts
zod/src/v3/tests/catch.test.ts
zod/src/v3/tests/coerce.test.ts
zod/src/v3/tests/complex.test.ts
zod/src/v3/tests/custom.test.ts
zod/src/v3/tests/date.test.ts
zod/src/v3/tests/deepmasking.test.ts
zod/src/v3/tests/default.test.ts
zod/src/v3/tests/description.test.ts
zod/src/v3/tests/discriminated-unions.test.ts
zod/src/v3/tests/enum.test.ts
zod/src/v3/tests/error.test.ts
zod/src/v3/tests/firstparty.test.ts
zod/src/v3/tests/firstpartyschematypes.test.ts
zod/src/v3/tests/function.test.ts
zod/src/v3/tests/generics.test.ts
zod/src/v3/tests/instanceof.test.ts
zod/src/v3/tests/intersection.test.ts
zod/src/v3/tests/language-server.source.ts
zod/src/v3/tests/language-server.test.ts
zod/src/v3/tests/literal.test.ts
zod/src/v3/tests/map.test.ts
zod/src/v3/tests/masking.test.ts
zod/src/v3/tests/mocker.test.ts
zod/src/v3/tests/nan.test.ts
zod/src/v3/tests/nativeEnum.test.ts
zod/src/v3/tests/nullable.test.ts
zod/src/v3/tests/number.test.ts
zod/src/v3/tests/object-augmentation.test.ts
zod/src/v3/tests/object-in-es5-env.test.ts
zod/src/v3/tests/object.test.ts
zod/src/v3/tests/optional.test.ts
zod/src/v3/tests/parseUtil.test.ts
zod/src/v3/tests/parser.test.ts
zod/src/v3/tests/partials.test.ts
zod/src/v3/tests/pickomit.test.ts
zod/src/v3/tests/pipeline.test.ts
zod/src/v3/tests/preprocess.test.ts
zod/src/v3/tests/primitive.test.ts
zod/src/v3/tests/promise.test.ts
zod/src/v3/tests/readonly.test.ts
zod/src/v3/tests/record.test.ts
zod/src/v3/tests/recursive.test.ts
zod/src/v3/tests/refine.test.ts
zod/src/v3/tests/safeparse.test.ts
zod/src/v3/tests/set.test.ts
zod/src/v3/tests/standard-schema.test.ts
zod/src/v3/tests/string.test.ts
zod/src/v3/tests/transformer.test.ts
zod/src/v3/tests/tuple.test.ts
zod/src/v3/tests/unions.test.ts
zod/src/v3/tests/validations.test.ts
zod/src/v3/tests/void.test.ts
zod/src/v4-mini/
zod/src/v4-mini/index.ts
zod/src/v4/
zod/src/v4/index.ts
zod/src/v4/classic/
zod/src/v4/classic/checks.ts
zod/src/v4/classic/coerce.ts
zod/src/v4/classic/compat.ts
zod/src/v4/classic/errors.ts
zod/src/v4/classic/external.ts
zod/src/v4/classic/from-json-schema.ts
zod/src/v4/classic/index.ts
zod/src/v4/classic/iso.ts
zod/src/v4/classic/parse.ts
zod/src/v4/classic/schemas.ts
zod/src/v4/classic/tests/
zod/src/v4/classic/tests/anyunknown.test.ts
zod/src/v4/classic/tests/apply.test.ts
zod/src/v4/classic/tests/array.test.ts
zod/src/v4/classic/tests/assignability.test.ts
zod/src/v4/classic/tests/async-parsing.test.ts
zod/src/v4/classic/tests/async-refinements.test.ts
zod/src/v4/classic/tests/base.test.ts
zod/src/v4/classic/tests/bigint.test.ts
zod/src/v4/classic/tests/brand.test.ts
zod/src/v4/classic/tests/catch.test.ts
zod/src/v4/classic/tests/coalesce.test.ts
zod/src/v4/classic/tests/codec-examples.test.ts
zod/src/v4/classic/tests/codec.test.ts
zod/src/v4/classic/tests/coerce.test.ts
zod/src/v4/classic/tests/continuability.test.ts
zod/src/v4/classic/tests/custom.test.ts
zod/src/v4/classic/tests/date.test.ts
zod/src/v4/classic/tests/datetime.test.ts
zod/src/v4/classic/tests/default.test.ts
zod/src/v4/classic/tests/describe-meta-checks.test.ts
zod/src/v4/classic/tests/description.test.ts
zod/src/v4/classic/tests/detached-methods.test.ts
zod/src/v4/classic/tests/discriminated-unions.test.ts
zod/src/v4/classic/tests/enum.test.ts
zod/src/v4/classic/tests/error-utils.test.ts
zod/src/v4/classic/tests/error.test.ts
zod/src/v4/classic/tests/file.test.ts
zod/src/v4/classic/tests/firstparty.test.ts
zod/src/v4/classic/tests/fix-json-issue.test.ts
zod/src/v4/classic/tests/from-json-schema.test.ts
zod/src/v4/classic/tests/function.test.ts
zod/src/v4/classic/tests/generics.test.ts
zod/src/v4/classic/tests/global-config.test.ts
zod/src/v4/classic/tests/hash.test.ts
zod/src/v4/classic/tests/index.test.ts
zod/src/v4/classic/tests/instanceof.test.ts
zod/src/v4/classic/tests/intersection.test.ts
zod/src/v4/classic/tests/jitless-allows-eval.test.ts
zod/src/v4/classic/tests/json.test.ts
zod/src/v4/classic/tests/lazy.test.ts
zod/src/v4/classic/tests/literal.test.ts
zod/src/v4/classic/tests/locales_ka.test.ts
zod/src/v4/classic/tests/locales_ro.test.ts
zod/src/v4/classic/tests/map.test.ts
zod/src/v4/classic/tests/nan.test.ts
zod/src/v4/classic/tests/nested-refine.test.ts
zod/src/v4/classic/tests/nonoptional.test.ts
zod/src/v4/classic/tests/nullable.test.ts
zod/src/v4/classic/tests/number.test.ts
zod/src/v4/classic/tests/object.test.ts
zod/src/v4/classic/tests/optional.test.ts
zod/src/v4/classic/tests/partial.test.ts
zod/src/v4/classic/tests/pickomit.test.ts
zod/src/v4/classic/tests/pipe.test.ts
zod/src/v4/classic/tests/prefault.test.ts
zod/src/v4/classic/tests/preprocess-types.test.ts
zod/src/v4/classic/tests/preprocess.test.ts
zod/src/v4/classic/tests/primitive.test.ts
zod/src/v4/classic/tests/promise.test.ts
zod/src/v4/classic/tests/prototypes.test.ts
zod/src/v4/classic/tests/readonly.test.ts
zod/src/v4/classic/tests/record.test.ts
zod/src/v4/classic/tests/recursive-types.test.ts
zod/src/v4/classic/tests/refine.test.ts
zod/src/v4/classic/tests/registries.test.ts
zod/src/v4/classic/tests/set.test.ts
zod/src/v4/classic/tests/standard-schema.test.ts
zod/src/v4/classic/tests/string-formats.test.ts
zod/src/v4/classic/tests/string.test.ts
zod/src/v4/classic/tests/stringbool.test.ts
zod/src/v4/classic/tests/template-literal.test.ts
zod/src/v4/classic/tests/to-json-schema-methods.test.ts
zod/src/v4/classic/tests/to-json-schema.test.ts
zod/src/v4/classic/tests/transform.test.ts
zod/src/v4/classic/tests/tuple.test.ts
zod/src/v4/classic/tests/union.test.ts
zod/src/v4/classic/tests/url.test.ts
zod/src/v4/classic/tests/validations.test.ts
zod/src/v4/classic/tests/void.test.ts
zod/src/v4/core/
zod/src/v4/core/api.ts
zod/src/v4/core/checks.ts
zod/src/v4/core/config.ts
zod/src/v4/core/core.ts
zod/src/v4/core/doc.ts
zod/src/v4/core/errors.ts
zod/src/v4/core/index.ts
zod/src/v4/core/json-schema-generator.ts
zod/src/v4/core/json-schema-processors.ts
zod/src/v4/core/json-schema.ts
zod/src/v4/core/parse.ts
zod/src/v4/core/regexes.ts
zod/src/v4/core/registries.ts
zod/src/v4/core/schemas.ts
zod/src/v4/core/standard-schema.ts
zod/src/v4/core/to-json-schema.ts
zod/src/v4/core/util.ts
zod/src/v4/core/versions.ts
zod/src/v4/core/zsf.ts
zod/src/v4/core/tests/
zod/src/v4/core/tests/extend.test.ts
zod/src/v4/core/tests/index.test.ts
zod/src/v4/core/tests/record-constructor.test.ts
zod/src/v4/core/tests/recursive-tuples.test.ts
zod/src/v4/core/tests/locales/
zod/src/v4/core/tests/locales/be.test.ts
zod/src/v4/core/tests/locales/el.test.ts
zod/src/v4/core/tests/locales/en.test.ts
zod/src/v4/core/tests/locales/es.test.ts
zod/src/v4/core/tests/locales/fr.test.ts
zod/src/v4/core/tests/locales/he.test.ts
zod/src/v4/core/tests/locales/hr.test.ts
zod/src/v4/core/tests/locales/nl.test.ts
zod/src/v4/core/tests/locales/ru.test.ts
zod/src/v4/core/tests/locales/tr.test.ts
zod/src/v4/core/tests/locales/uz.test.ts
zod/src/v4/locales/
zod/src/v4/locales/ar.ts
zod/src/v4/locales/az.ts
zod/src/v4/locales/be.ts
zod/src/v4/locales/bg.ts
zod/src/v4/locales/ca.ts
zod/src/v4/locales/cs.ts
zod/src/v4/locales/da.ts
zod/src/v4/locales/de.ts
zod/src/v4/locales/el.ts
zod/src/v4/locales/en.ts
zod/src/v4/locales/eo.ts
zod/src/v4/locales/es.ts
zod/src/v4/locales/fa.ts
zod/src/v4/locales/fi.ts
zod/src/v4/locales/fr-CA.ts
zod/src/v4/locales/fr.ts
zod/src/v4/locales/he.ts
zod/src/v4/locales/hr.ts
zod/src/v4/locales/hu.ts
zod/src/v4/locales/hy.ts
zod/src/v4/locales/id.ts
zod/src/v4/locales/index.ts
zod/src/v4/locales/is.ts
zod/src/v4/locales/it.ts
zod/src/v4/locales/ja.ts
zod/src/v4/locales/ka.ts
zod/src/v4/locales/kh.ts
zod/src/v4/locales/km.ts
zod/src/v4/locales/ko.ts
zod/src/v4/locales/lt.ts
zod/src/v4/locales/mk.ts
zod/src/v4/locales/ms.ts
zod/src/v4/locales/nl.ts
zod/src/v4/locales/no.ts
zod/src/v4/locales/ota.ts
zod/src/v4/locales/pl.ts
zod/src/v4/locales/ps.ts
zod/src/v4/locales/pt.ts
zod/src/v4/locales/ro.ts
zod/src/v4/locales/ru.ts
zod/src/v4/locales/sl.ts
zod/src/v4/locales/sv.ts
zod/src/v4/locales/ta.ts
zod/src/v4/locales/th.ts
zod/src/v4/locales/tr.ts
zod/src/v4/locales/ua.ts
zod/src/v4/locales/uk.ts
zod/src/v4/locales/ur.ts
zod/src/v4/locales/uz.ts
zod/src/v4/locales/vi.ts
zod/src/v4/locales/yo.ts
zod/src/v4/locales/zh-CN.ts
zod/src/v4/locales/zh-TW.ts
zod/src/v4/mini/
zod/src/v4/mini/checks.ts
zod/src/v4/mini/coerce.ts
zod/src/v4/mini/external.ts
zod/src/v4/mini/index.ts
zod/src/v4/mini/iso.ts
zod/src/v4/mini/parse.ts
zod/src/v4/mini/schemas.ts
zod/src/v4/mini/tests/
zod/src/v4/mini/tests/apply.test.ts
zod/src/v4/mini/tests/assignability.test.ts
zod/src/v4/mini/tests/brand.test.ts
zod/src/v4/mini/tests/checks.test.ts
zod/src/v4/mini/tests/codec.test.ts
zod/src/v4/mini/tests/computed.test.ts
zod/src/v4/mini/tests/error.test.ts
zod/src/v4/mini/tests/functions.test.ts
zod/src/v4/mini/tests/index.test.ts
zod/src/v4/mini/tests/number.test.ts
zod/src/v4/mini/tests/object.test.ts
zod/src/v4/mini/tests/prototypes.test.ts
zod/src/v4/mini/tests/recursive-types.test.ts
zod/src/v4/mini/tests/standard-schema.test.ts
zod/src/v4/mini/tests/string.test.ts
zod/v3/
zod/v3/ZodError.cjs
zod/v3/ZodError.d.cts
zod/v3/ZodError.d.ts
zod/v3/ZodError.js
zod/v3/errors.cjs
zod/v3/errors.d.cts
zod/v3/errors.d.ts
zod/v3/errors.js
zod/v3/external.cjs
zod/v3/external.d.cts
zod/v3/external.d.ts
zod/v3/external.js
zod/v3/index.cjs
zod/v3/index.d.cts
zod/v3/index.d.ts
zod/v3/index.js
zod/v3/package.json
zod/v3/standard-schema.cjs
zod/v3/standard-schema.d.cts
zod/v3/standard-schema.d.ts
zod/v3/standard-schema.js
zod/v3/types.cjs
zod/v3/types.d.cts
zod/v3/types.d.ts
zod/v3/types.js
zod/v3/helpers/
zod/v3/helpers/enumUtil.cjs
zod/v3/helpers/enumUtil.d.cts
zod/v3/helpers/enumUtil.d.ts
zod/v3/helpers/enumUtil.js
zod/v3/helpers/errorUtil.cjs
zod/v3/helpers/errorUtil.d.cts
zod/v3/helpers/errorUtil.d.ts
zod/v3/helpers/errorUtil.js
zod/v3/helpers/parseUtil.cjs
zod/v3/helpers/parseUtil.d.cts
zod/v3/helpers/parseUtil.d.ts
zod/v3/helpers/parseUtil.js
zod/v3/helpers/partialUtil.cjs
zod/v3/helpers/partialUtil.d.cts
zod/v3/helpers/partialUtil.d.ts
zod/v3/helpers/partialUtil.js
zod/v3/helpers/typeAliases.cjs
zod/v3/helpers/typeAliases.d.cts
zod/v3/helpers/typeAliases.d.ts
zod/v3/helpers/typeAliases.js
zod/v3/helpers/util.cjs
zod/v3/helpers/util.d.cts
zod/v3/helpers/util.d.ts
zod/v3/helpers/util.js
zod/v3/locales/
zod/v3/locales/en.cjs
zod/v3/locales/en.d.cts
zod/v3/locales/en.d.ts
zod/v3/locales/en.js
zod/v4-mini/
zod/v4-mini/index.cjs
zod/v4-mini/index.d.cts
zod/v4-mini/index.d.ts
zod/v4-mini/index.js
zod/v4-mini/package.json
zod/v4/
zod/v4/index.cjs
zod/v4/index.d.cts
zod/v4/index.d.ts
zod/v4/index.js
zod/v4/package.json
zod/v4/classic/
zod/v4/classic/checks.cjs
zod/v4/classic/checks.d.cts
zod/v4/classic/checks.d.ts
zod/v4/classic/checks.js
zod/v4/classic/coerce.cjs
zod/v4/classic/coerce.d.cts
zod/v4/classic/coerce.d.ts
zod/v4/classic/coerce.js
zod/v4/classic/compat.cjs
zod/v4/classic/compat.d.cts
zod/v4/classic/compat.d.ts
zod/v4/classic/compat.js
zod/v4/classic/errors.cjs
zod/v4/classic/errors.d.cts
zod/v4/classic/errors.d.ts
zod/v4/classic/errors.js
zod/v4/classic/external.cjs
zod/v4/classic/external.d.cts
zod/v4/classic/external.d.ts
zod/v4/classic/external.js
zod/v4/classic/from-json-schema.cjs
zod/v4/classic/from-json-schema.d.cts
zod/v4/classic/from-json-schema.d.ts
zod/v4/classic/from-json-schema.js
zod/v4/classic/index.cjs
zod/v4/classic/index.d.cts
zod/v4/classic/index.d.ts
zod/v4/classic/index.js
zod/v4/classic/iso.cjs
zod/v4/classic/iso.d.cts
zod/v4/classic/iso.d.ts
zod/v4/classic/iso.js
zod/v4/classic/package.json
zod/v4/classic/parse.cjs
zod/v4/classic/parse.d.cts
zod/v4/classic/parse.d.ts
zod/v4/classic/parse.js
zod/v4/classic/schemas.cjs
zod/v4/classic/schemas.d.cts
zod/v4/classic/schemas.d.ts
zod/v4/classic/schemas.js
zod/v4/core/
zod/v4/core/api.cjs
zod/v4/core/api.d.cts
zod/v4/core/api.d.ts
zod/v4/core/api.js
zod/v4/core/checks.cjs
zod/v4/core/checks.d.cts
zod/v4/core/checks.d.ts
zod/v4/core/checks.js
zod/v4/core/core.cjs
zod/v4/core/core.d.cts
zod/v4/core/core.d.ts
zod/v4/core/core.js
zod/v4/core/doc.cjs
zod/v4/core/doc.d.cts
zod/v4/core/doc.d.ts
zod/v4/core/doc.js
zod/v4/core/errors.cjs
zod/v4/core/errors.d.cts
zod/v4/core/errors.d.ts
zod/v4/core/errors.js
zod/v4/core/index.cjs
zod/v4/core/index.d.cts
zod/v4/core/index.d.ts
zod/v4/core/index.js
zod/v4/core/json-schema-generator.cjs
zod/v4/core/json-schema-generator.d.cts
zod/v4/core/json-schema-generator.d.ts
zod/v4/core/json-schema-generator.js
zod/v4/core/json-schema-processors.cjs
zod/v4/core/json-schema-processors.d.cts
zod/v4/core/json-schema-processors.d.ts
zod/v4/core/json-schema-processors.js
zod/v4/core/json-schema.cjs
zod/v4/core/json-schema.d.cts
zod/v4/core/json-schema.d.ts
zod/v4/core/json-schema.js
zod/v4/core/package.json
zod/v4/core/parse.cjs
zod/v4/core/parse.d.cts
zod/v4/core/parse.d.ts
zod/v4/core/parse.js
zod/v4/core/regexes.cjs
zod/v4/core/regexes.d.cts
zod/v4/core/regexes.d.ts
zod/v4/core/regexes.js
zod/v4/core/registries.cjs
zod/v4/core/registries.d.cts
zod/v4/core/registries.d.ts
zod/v4/core/registries.js
zod/v4/core/schemas.cjs
zod/v4/core/schemas.d.cts
zod/v4/core/schemas.d.ts
zod/v4/core/schemas.js
zod/v4/core/standard-schema.cjs
zod/v4/core/standard-schema.d.cts
zod/v4/core/standard-schema.d.ts
zod/v4/core/standard-schema.js
zod/v4/core/to-json-schema.cjs
zod/v4/core/to-json-schema.d.cts
zod/v4/core/to-json-schema.d.ts
zod/v4/core/to-json-schema.js
zod/v4/core/util.cjs
zod/v4/core/util.d.cts
zod/v4/core/util.d.ts
zod/v4/core/util.js
zod/v4/core/versions.cjs
zod/v4/core/versions.d.cts
zod/v4/core/versions.d.ts
zod/v4/core/versions.js
zod/v4/locales/
zod/v4/locales/ar.cjs
zod/v4/locales/ar.d.cts
zod/v4/locales/ar.d.ts
zod/v4/locales/ar.js
zod/v4/locales/az.cjs
zod/v4/locales/az.d.cts
zod/v4/locales/az.d.ts
zod/v4/locales/az.js
zod/v4/locales/be.cjs
zod/v4/locales/be.d.cts
zod/v4/locales/be.d.ts
zod/v4/locales/be.js
zod/v4/locales/bg.cjs
zod/v4/locales/bg.d.cts
zod/v4/locales/bg.d.ts
zod/v4/locales/bg.js
zod/v4/locales/ca.cjs
zod/v4/locales/ca.d.cts
zod/v4/locales/ca.d.ts
zod/v4/locales/ca.js
zod/v4/locales/cs.cjs
zod/v4/locales/cs.d.cts
zod/v4/locales/cs.d.ts
zod/v4/locales/cs.js
zod/v4/locales/da.cjs
zod/v4/locales/da.d.cts
zod/v4/locales/da.d.ts
zod/v4/locales/da.js
zod/v4/locales/de.cjs
zod/v4/locales/de.d.cts
zod/v4/locales/de.d.ts
zod/v4/locales/de.js
zod/v4/locales/el.cjs
zod/v4/locales/el.d.cts
zod/v4/locales/el.d.ts
zod/v4/locales/el.js
zod/v4/locales/en.cjs
zod/v4/locales/en.d.cts
zod/v4/locales/en.d.ts
zod/v4/locales/en.js
zod/v4/locales/eo.cjs
zod/v4/locales/eo.d.cts
zod/v4/locales/eo.d.ts
zod/v4/locales/eo.js
zod/v4/locales/es.cjs
zod/v4/locales/es.d.cts
zod/v4/locales/es.d.ts
zod/v4/locales/es.js
zod/v4/locales/fa.cjs
zod/v4/locales/fa.d.cts
zod/v4/locales/fa.d.ts
zod/v4/locales/fa.js
zod/v4/locales/fi.cjs
zod/v4/locales/fi.d.cts
zod/v4/locales/fi.d.ts
zod/v4/locales/fi.js
zod/v4/locales/fr-CA.cjs
zod/v4/locales/fr-CA.d.cts
zod/v4/locales/fr-CA.d.ts
zod/v4/locales/fr-CA.js
zod/v4/locales/fr.cjs
zod/v4/locales/fr.d.cts
zod/v4/locales/fr.d.ts
zod/v4/locales/fr.js
zod/v4/locales/he.cjs
zod/v4/locales/he.d.cts
zod/v4/locales/he.d.ts
zod/v4/locales/he.js
zod/v4/locales/hr.cjs
zod/v4/locales/hr.d.cts
zod/v4/locales/hr.d.ts
zod/v4/locales/hr.js
zod/v4/locales/hu.cjs
zod/v4/locales/hu.d.cts
zod/v4/locales/hu.d.ts
zod/v4/locales/hu.js
zod/v4/locales/hy.cjs
zod/v4/locales/hy.d.cts
zod/v4/locales/hy.d.ts
zod/v4/locales/hy.js
zod/v4/locales/id.cjs
zod/v4/locales/id.d.cts
zod/v4/locales/id.d.ts
zod/v4/locales/id.js
zod/v4/locales/index.cjs
zod/v4/locales/index.d.cts
zod/v4/locales/index.d.ts
zod/v4/locales/index.js
zod/v4/locales/is.cjs
zod/v4/locales/is.d.cts
zod/v4/locales/is.d.ts
zod/v4/locales/is.js
zod/v4/locales/it.cjs
zod/v4/locales/it.d.cts
zod/v4/locales/it.d.ts
zod/v4/locales/it.js
zod/v4/locales/ja.cjs
zod/v4/locales/ja.d.cts
zod/v4/locales/ja.d.ts
zod/v4/locales/ja.js
zod/v4/locales/ka.cjs
zod/v4/locales/ka.d.cts
zod/v4/locales/ka.d.ts
zod/v4/locales/ka.js
zod/v4/locales/kh.cjs
zod/v4/locales/kh.d.cts
zod/v4/locales/kh.d.ts
zod/v4/locales/kh.js
zod/v4/locales/km.cjs
zod/v4/locales/km.d.cts
zod/v4/locales/km.d.ts
zod/v4/locales/km.js
zod/v4/locales/ko.cjs
zod/v4/locales/ko.d.cts
zod/v4/locales/ko.d.ts
zod/v4/locales/ko.js
zod/v4/locales/lt.cjs
zod/v4/locales/lt.d.cts
zod/v4/locales/lt.d.ts
zod/v4/locales/lt.js
zod/v4/locales/mk.cjs
zod/v4/locales/mk.d.cts
zod/v4/locales/mk.d.ts
zod/v4/locales/mk.js
zod/v4/locales/ms.cjs
zod/v4/locales/ms.d.cts
zod/v4/locales/ms.d.ts
zod/v4/locales/ms.js
zod/v4/locales/nl.cjs
zod/v4/locales/nl.d.cts
zod/v4/locales/nl.d.ts
zod/v4/locales/nl.js
zod/v4/locales/no.cjs
zod/v4/locales/no.d.cts
zod/v4/locales/no.d.ts
zod/v4/locales/no.js
zod/v4/locales/ota.cjs
zod/v4/locales/ota.d.cts
zod/v4/locales/ota.d.ts
zod/v4/locales/ota.js
zod/v4/locales/package.json
zod/v4/locales/pl.cjs
zod/v4/locales/pl.d.cts
zod/v4/locales/pl.d.ts
zod/v4/locales/pl.js
zod/v4/locales/ps.cjs
zod/v4/locales/ps.d.cts
zod/v4/locales/ps.d.ts
zod/v4/locales/ps.js
zod/v4/locales/pt.cjs
zod/v4/locales/pt.d.cts
zod/v4/locales/pt.d.ts
zod/v4/locales/pt.js
zod/v4/locales/ro.cjs
zod/v4/locales/ro.d.cts
zod/v4/locales/ro.d.ts
zod/v4/locales/ro.js
zod/v4/locales/ru.cjs
zod/v4/locales/ru.d.cts
zod/v4/locales/ru.d.ts
zod/v4/locales/ru.js
zod/v4/locales/sl.cjs
zod/v4/locales/sl.d.cts
zod/v4/locales/sl.d.ts
zod/v4/locales/sl.js
zod/v4/locales/sv.cjs
zod/v4/locales/sv.d.cts
zod/v4/locales/sv.d.ts
zod/v4/locales/sv.js
zod/v4/locales/ta.cjs
zod/v4/locales/ta.d.cts
zod/v4/locales/ta.d.ts
zod/v4/locales/ta.js
zod/v4/locales/th.cjs
zod/v4/locales/th.d.cts
zod/v4/locales/th.d.ts
zod/v4/locales/th.js
zod/v4/locales/tr.cjs
zod/v4/locales/tr.d.cts
zod/v4/locales/tr.d.ts
zod/v4/locales/tr.js
zod/v4/locales/ua.cjs
zod/v4/locales/ua.d.cts
zod/v4/locales/ua.d.ts
zod/v4/locales/ua.js
zod/v4/locales/uk.cjs
zod/v4/locales/uk.d.cts
zod/v4/locales/uk.d.ts
zod/v4/locales/uk.js
zod/v4/locales/ur.cjs
zod/v4/locales/ur.d.cts
zod/v4/locales/ur.d.ts
zod/v4/locales/ur.js
zod/v4/locales/uz.cjs
zod/v4/locales/uz.d.cts
zod/v4/locales/uz.d.ts
zod/v4/locales/uz.js
zod/v4/locales/vi.cjs
zod/v4/locales/vi.d.cts
zod/v4/locales/vi.d.ts
zod/v4/locales/vi.js
zod/v4/locales/yo.cjs
zod/v4/locales/yo.d.cts
zod/v4/locales/yo.d.ts
zod/v4/locales/yo.js
zod/v4/locales/zh-CN.cjs
zod/v4/locales/zh-CN.d.cts
zod/v4/locales/zh-CN.d.ts
zod/v4/locales/zh-CN.js
zod/v4/locales/zh-TW.cjs
zod/v4/locales/zh-TW.d.cts
zod/v4/locales/zh-TW.d.ts
zod/v4/locales/zh-TW.js
zod/v4/mini/
zod/v4/mini/checks.cjs
zod/v4/mini/checks.d.cts
zod/v4/mini/checks.d.ts
zod/v4/mini/checks.js
zod/v4/mini/coerce.cjs
zod/v4/mini/coerce.d.cts
zod/v4/mini/coerce.d.ts
zod/v4/mini/coerce.js
zod/v4/mini/external.cjs
zod/v4/mini/external.d.cts
zod/v4/mini/external.d.ts
zod/v4/mini/external.js
zod/v4/mini/index.cjs
zod/v4/mini/index.d.cts
zod/v4/mini/index.d.ts
zod/v4/mini/index.js
zod/v4/mini/iso.cjs
zod/v4/mini/iso.d.cts
zod/v4/mini/iso.d.ts
zod/v4/mini/iso.js
zod/v4/mini/package.json
zod/v4/mini/parse.cjs
zod/v4/mini/parse.d.cts
zod/v4/mini/parse.d.ts
zod/v4/mini/parse.js
zod/v4/mini/schemas.cjs
zod/v4/mini/schemas.d.cts
zod/v4/mini/schemas.d.ts
zod/v4/mini/schemas.js

sent 14,059,911 bytes  received 82,055 bytes  28,283,932.00 bytes/sec
total size is 46,887,214  speedup is 3.32
rsync -avz --mkpath --delete dist/ /home/okg4/src/github/saime/linux_tools_education/tools/watermelon-server-ts/.rpmbuild/BUILD/watermelon-server-0.1-build/BUILDROOT/usr/lib64/node_modules/watermelon-server/dist
sending incremental file list
created 1 directory for /home/okg4/src/github/saime/linux_tools_education/tools/watermelon-server-ts/.rpmbuild/BUILD/watermelon-server-0.1-build/BUILDROOT/usr/lib64/node_modules/watermelon-server/dist
./
app.d.ts
app.js
app.js.map
artifacts.d.ts
artifacts.js
artifacts.js.map
config.d.ts
config.js
config.js.map
index.d.ts
index.js
index.js.map
logger.d.ts
logger.js
logger.js.map
repoAdapter.d.ts
repoAdapter.js
repoAdapter.js.map
types.d.ts
types.js
types.js.map
version.d.ts
version.js
version.js.map
api/
api/health.d.ts
api/health.js
api/health.js.map
api/packages.d.ts
api/packages.js
api/packages.js.map
api/repos.d.ts
api/repos.js
api/repos.js.map
api/packages/
api/packages/artifacts.d.ts
api/packages/artifacts.js
api/packages/artifacts.js.map
api/packages/deps.d.ts
api/packages/deps.js
api/packages/deps.js.map
api/packages/process.d.ts
api/packages/process.js
api/packages/process.js.map
api/packages/response.d.ts
api/packages/response.js
api/packages/response.js.map
api/packages/schemas.d.ts
api/packages/schemas.js
api/packages/schemas.js.map
api/packages/sync.d.ts
api/packages/sync.js
api/packages/sync.js.map
db/
db/index.d.ts
db/index.js
db/index.js.map
db/migrate.d.ts
db/migrate.js
db/migrate.js.map
db/schema.d.ts
db/schema.js
db/schema.js.map

sent 49,486 bytes  received 1,384 bytes  101,740.00 bytes/sec
total size is 217,376  speedup is 4.27
install -Dm 644 LICENSE /home/okg4/src/github/saime/linux_tools_education/tools/watermelon-server-ts/.rpmbuild/BUILD/watermelon-server-0.1-build/BUILDROOT/usr/share/licenses/watermelon-server/LICENSE
make[1]: Leaving directory '/home/okg4/src/github/saime/linux_tools_education/tools/watermelon-server-ts/.rpmbuild/BUILD/watermelon-server-0.1-build/watermelon-server-0.1'
calling /usr/lib/rpm/brp-suse.d/brp-99-compress-vmlinux
calling /usr/lib/rpm/brp-suse.d/brp-99-pesign
No spec files found. RemovePaathPostFixes mapping failed.
No buildservice signing certificate
~/src/github/saime/linux_tools_education/tools/watermelon-server-ts/.rpmbuild/BUILD/watermelon-server-0.1-build/BUILDROOT ~/src/github/saime/linux_tools_education/tools/watermelon-server-ts/.rpmbuild/BUILD/watermelon-server-0.1-build/watermelon-server-0.1
Creating /home/okg4/rpmbuild/OTHER/watermelon-server.cpio.rsasign
No files in /home/okg4/rpmbuild/OTHER/watermelon-server.cpio.rsasign, giving up
Reading /home/okg4/src/github/saime/linux_tools_education/tools/watermelon-server-ts/.rpmbuild/BUILD/watermelon-server-0.1-build/SPECPARTS/rpm-debuginfo.specpart
Processing files: watermelon-server-0.1-1.x86_64
Provides: watermelon-server = 0.1-1 watermelon-server(x86-64) = 0.1-1
Requires(rpmlib): rpmlib(CompressedFileNames) <= 3.0.4-1 rpmlib(FileDigests) <= 4.6.0-1 rpmlib(PayloadFilesHavePrefix) <= 4.0-1
Requires: /usr/bin/env ld-linux-x86-64.so.2()(64bit) ld-linux-x86-64.so.2(GLIBC_2.3)(64bit) libc.so.6()(64bit) libc.so.6(GLIBC_2.14)(64bit) libc.so.6(GLIBC_2.2.5)(64bit) libc.so.6(GLIBC_2.28)(64bit) libc.so.6(GLIBC_2.3.4)(64bit) libc.so.6(GLIBC_2.33)(64bit) libc.so.6(GLIBC_2.34)(64bit) libc.so.6(GLIBC_2.4)(64bit) libm.so.6()(64bit) libm.so.6(GLIBC_2.2.5)(64bit) libm.so.6(GLIBC_2.29)(64bit) libstdc++.so.6()(64bit) libstdc++.so.6(CXXABI_1.3.9)(64bit) libstdc++.so.6(GLIBCXX_3.4)(64bit) libstdc++.so.6(GLIBCXX_3.4.11)(64bit) libstdc++.so.6(GLIBCXX_3.4.18)(64bit) libstdc++.so.6(GLIBCXX_3.4.20)(64bit) libstdc++.so.6(GLIBCXX_3.4.21)(64bit) libstdc++.so.6(GLIBCXX_3.4.29)(64bit) rtld(GNU_HASH)
Checking for unpackaged file(s): /usr/lib/rpm/check-files /home/okg4/src/github/saime/linux_tools_education/tools/watermelon-server-ts/.rpmbuild/BUILD/watermelon-server-0.1-build/BUILDROOT
Wrote: /home/okg4/src/github/saime/linux_tools_education/tools/watermelon-server-ts/.rpmbuild/RPMS/x86_64/watermelon-server-0.1-1.x86_64.rpm
Executing(rmbuild): /usr/bin/bash -e /var/tmp/rpm-tmp.MirIAe

RPM build warnings:
rpm --addsign .rpmbuild/RPMS/*/watermelon-server-0.1*.rpm
.rpmbuild/RPMS/x86_64/watermelon-server-0.1-1.x86_64.rpm:
